MFR URL,Ref URL 1,Ref URL 2,Ref URL 3,Ref URL 4,Ref URL 5,PART_NUMBER,Dept,Class,Fine,SKU - MY_PART_NUMBER,Mfg_Part_Num,Part_Desc,E1_Brand,Unilog_Brand,DIB_Brand,Part_Manuf,MANUFACTURER_NAME,BRAND_NAME,TRADE_NAME,MANUFACTURER_PART_NUMBER,ALTERNATE_PART_NUMBER,Classpath,MOBILE_DESC,INVOICE_DESC,SHORT_DESC,LONG_DESC1,RETAIL_DESC,MARKETING_DESCRIPTION,ITEM_FEATURES_1,ITEM_FEATURES_2,ITEM_FEATURES_3,ITEM_FEATURES_4,ITEM_FEATURES_5,ITEM_FEATURES_6,ITEM_FEATURES_7,ITEM_FEATURES_8,ITEM_FEATURES_9,ITEM_FEATURES_10,ITEM_FEATURES_11,ITEM_FEATURES_12,ITEM_FEATURES_13,ITEM_FEATURES_14,ITEM_FEATURES_15,ITEM_FEATURES_16,ITEM_FEATURES_17,ITEM_FEATURES_18,ITEM_FEATURES_19,ITEM_FEATURES_20,With,Standard/Approvals,Prop 65,Application,Includes,Product Name,ATTRIBUTE_LABEL 1,ATTRIBUTE_VALUE 1,ATTRIBUTE_UOM 1,ATTRIBUTE_LABEL 2,ATTRIBUTE_VALUE 2,ATTRIBUTE_UOM 2,ATTRIBUTE_LABEL 3,ATTRIBUTE_VALUE 3,ATTRIBUTE_UOM 3,ATTRIBUTE_LABEL 4,ATTRIBUTE_VALUE 4,ATTRIBUTE_UOM 4,ATTRIBUTE_LABEL 5,ATTRIBUTE_VALUE 5,ATTRIBUTE_UOM 5,ATTRIBUTE_LABEL 6,ATTRIBUTE_VALUE 6,ATTRIBUTE_UOM 6,ATTRIBUTE_LABEL 7,ATTRIBUTE_VALUE 7,ATTRIBUTE_UOM 7,ATTRIBUTE_LABEL 8,ATTRIBUTE_VALUE 8,ATTRIBUTE_UOM 8,ATTRIBUTE_LABEL 9,ATTRIBUTE_VALUE 9,ATTRIBUTE_UOM 9,ATTRIBUTE_LABEL 10,ATTRIBUTE_VALUE 10,ATTRIBUTE_UOM 10,ATTRIBUTE_LABEL 11,ATTRIBUTE_VALUE 11,ATTRIBUTE_UOM 11,ATTRIBUTE_LABEL 12,ATTRIBUTE_VALUE 12,ATTRIBUTE_UOM 12,ATTRIBUTE_LABEL 13,ATTRIBUTE_VALUE 13,ATTRIBUTE_UOM 13,ATTRIBUTE_LABEL 14,ATTRIBUTE_VALUE 14,ATTRIBUTE_UOM 14,ATTRIBUTE_LABEL 15,ATTRIBUTE_VALUE 15,ATTRIBUTE_UOM 15,ATTRIBUTE_LABEL 16,ATTRIBUTE_VALUE 16,ATTRIBUTE_UOM 16,ATTRIBUTE_LABEL 17,ATTRIBUTE_VALUE 17,ATTRIBUTE_UOM 17,ATTRIBUTE_LABEL 18,ATTRIBUTE_VALUE 18,ATTRIBUTE_UOM 18,ATTRIBUTE_LABEL 19,ATTRIBUTE_VALUE 19,ATTRIBUTE_UOM 19,ATTRIBUTE_LABEL 20,ATTRIBUTE_VALUE 20,ATTRIBUTE_UOM 20,ATTRIBUTE_LABEL 21,ATTRIBUTE_VALUE 21,ATTRIBUTE_UOM 21,ATTRIBUTE_LABEL 22,ATTRIBUTE_VALUE 22,ATTRIBUTE_UOM 22,ATTRIBUTE_LABEL 23,ATTRIBUTE_VALUE 23,ATTRIBUTE_UOM 23,ATTRIBUTE_LABEL 24,ATTRIBUTE_VALUE 24,ATTRIBUTE_UOM 24,ATTRIBUTE_LABEL 25,ATTRIBUTE_VALUE 25,ATTRIBUTE_UOM 25,ATTRIBUTE_LABEL 26,ATTRIBUTE_VALUE 26,ATTRIBUTE_UOM 26,ATTRIBUTE_LABEL 27,ATTRIBUTE_VALUE 27,ATTRIBUTE_UOM 27,ATTRIBUTE_LABEL 28,ATTRIBUTE_VALUE 28,ATTRIBUTE_UOM 28,ATTRIBUTE_LABEL 29,ATTRIBUTE_VALUE 29,ATTRIBUTE_UOM 29,ATTRIBUTE_LABEL 30,ATTRIBUTE_VALUE 30,ATTRIBUTE_UOM 30,ATTRIBUTE_LABEL 31,ATTRIBUTE_VALUE 31,ATTRIBUTE_UOM 31,ATTRIBUTE_LABEL 32,ATTRIBUTE_VALUE 32,ATTRIBUTE_UOM 32,ATTRIBUTE_LABEL 33,ATTRIBUTE_VALUE 33,ATTRIBUTE_UOM 33,ATTRIBUTE_LABEL 34,ATTRIBUTE_VALUE 34,ATTRIBUTE_UOM 34,ATTRIBUTE_LABEL 35,ATTRIBUTE_VALUE 35,ATTRIBUTE_UOM 35,ATTRIBUTE_LABEL 36,ATTRIBUTE_VALUE 36,ATTRIBUTE_UOM 36,ATTRIBUTE_LABEL 37,ATTRIBUTE_VALUE 37,ATTRIBUTE_UOM 37,ATTRIBUTE_LABEL 38,ATTRIBUTE_VALUE 38,ATTRIBUTE_UOM 38,ATTRIBUTE_LABEL 39,ATTRIBUTE_VALUE 39,ATTRIBUTE_UOM 39,ATTRIBUTE_LABEL 40,ATTRIBUTE_VALUE 40,ATTRIBUTE_UOM 40,ATTRIBUTE_LABEL 41,ATTRIBUTE_VALUE 41,ATTRIBUTE_UOM 41,ATTRIBUTE_LABEL 42,ATTRIBUTE_VALUE 42,ATTRIBUTE_UOM 42,ATTRIBUTE_LABEL 43,ATTRIBUTE_VALUE 43,ATTRIBUTE_UOM 43,ATTRIBUTE_LABEL 44,ATTRIBUTE_VALUE 44,ATTRIBUTE_UOM 44,ATTRIBUTE_LABEL 45,ATTRIBUTE_VALUE 45,ATTRIBUTE_UOM 45,ATTRIBUTE_LABEL 46,ATTRIBUTE_VALUE 46,ATTRIBUTE_UOM 46,ATTRIBUTE_LABEL 47,ATTRIBUTE_VALUE 47,ATTRIBUTE_UOM 47,ATTRIBUTE_LABEL 48,ATTRIBUTE_VALUE 48,ATTRIBUTE_UOM 48,ATTRIBUTE_LABEL 49,ATTRIBUTE_VALUE 49,ATTRIBUTE_UOM 49,ATTRIBUTE_LABEL 50,ATTRIBUTE_VALUE 50,ATTRIBUTE_UOM 50,UPC,EAN,GTIN,UNSPSC,Warranty,List Price,Selling Qty,Selling UOM,Standard Packaging Information,LENGTH,LENGTH_UOM,HEIGHT,HEIGHT_UOM,WIDTH,WIDTH_UOM,WEIGHT,WEIGHT_UOM,VOLUME,VOLUME_UOM,Product Image,Alternate Image 1,Alternate Image 2,Alternate Image 3,Alternate Image 4,SDS,SDS_1,Warranty Information,Catalog,Specification Sheet,Instruction/Installation Manual,Service Manual,Owners/User Manual,Line Drawing,MTR,RoHS,Full Engineering Drawing,Energy Star Guide,Technical Bulletin,Submittal,Compatibility Chart,Size Chart,Product Label/Insert,Video Link,Video Link 1,Country Of Origin,Discontinued,Actual Image (Yes/No)
no source found,,,,,,,Hardware & Tools,Abrasives,Discs & Belts,,DCB518ASTS06G,"DCB518ASTS06G Diablo 1/2""x18"" - Sanding Belt 6pc",,,,Freud Inc (2435),"Freud America, Inc.",Diablo,,DCB518ASTS06G,,Hardware & Tools>Abrasives & Cutting Wheels>Sanding Discs & Belts,"Freud America, Inc. Diablo, Sanding Belt, DCB518ASTS06G",SNDG BELT,Diablo DCB518ASTS06G Sanding Belt,Diablo Sanding Belt,Sanding Belt,,,,,,,,,,,,,,,,,,,,,,,,,,,Sanding Belt,,,,,,,,,,,,,,,,,,,,,,,,,,,,,,,,,,,,,,,,,,,,,,,,,,,,,,,,,,,,,,,,,,,,,,,,,,,,,,,,,,,,,,,,,,,,,,,,,,,,,,,,,,,,,,,,,,,,,,,,,,,,,,,,,,,,,,,,,,,,,,,,,,,,,,,,,,,,,,,,,,,,,,,,,,,,,,,,,,,,,,,,,,,,,,,,,,,,,
no source found,,,,,,,Hardware & Tools,Abrasives,Discs & Belts,,3MABR-7100075678,3M 775L Stikit Film P150 - Cubitron II 50 Disc/Box,,,,Jam Industrial Supply LLC (JAMIN),3M Company,Cubitron II,,3MABR-7100075678,,Hardware & Tools>Abrasives & Cutting Wheels>Sanding Discs & Belts,"3M Company Cubitron II, Sanding Disc, 3MABR-7100075678",SNDG DISC,Cubitron II 3MABR-7100075678 Sanding Disc,Cubitron II Sanding Disc,Sanding Disc,,,,,,,,,,,,,,,,,,,,,,,,,,,Sanding Disc,,,,,,,,,,,,,,,,,,,,,,,,,,,,,,,,,,,,,,,,,,,,,,,,,,,,,,,,,,,,,,,,,,,,,,,,,,,,,,,,,,,,,,,,,,,,,,,,,,,,,,,,,,,,,,,,,,,,,,,,,,,,,,,,,,,,,,,,,,,,,,,,,,,,,,,,,,,,,,,,,,,,,,,,,,,,,,,,,,,,,,,,,,,,,,,,,,,,,
no source found,,,,,,,Hardware & Tools,Abrasives,Discs & Belts,,3MABR-7100045865,3M 775L Stikit Film P120 - Cubitron II 50 Disc/Box,,,,Jam Industrial Supply LLC (JAMIN),3M Company,Cubitron II,,3MABR-7100045865,,Hardware & Tools>Abrasives & Cutting Wheels>Sanding Discs & Belts,"3M Company Cubitron II, Sanding Disc, 3MABR-7100045865",SNDG DISC,Cubitron II 3MABR-7100045865 Sanding Disc,Cubitron II Sanding Disc,Sanding Disc,,,,,,,,,,,,,,,,,,,,,,,,,,,Sanding Disc,,,,,,,,,,,,,,,,,,,,,,,,,,,,,,,,,,,,,,,,,,,,,,,,,,,,,,,,,,,,,,,,,,,,,,,,,,,,,,,,,,,,,,,,,,,,,,,,,,,,,,,,,,,,,,,,,,,,,,,,,,,,,,,,,,,,,,,,,,,,,,,,,,,,,,,,,,,,,,,,,,,,,,,,,,,,,,,,,,,,,,,,,,,,,,,,,,,,,
no source found,,,,,,,Hardware & Tools,Abrasives,Discs & Belts,,3MABR-7100048736,3M 775L Stikit Film P80 - Cubitron II 50 Disc/Box,,,,Jam Industrial Supply LLC (JAMIN),3M Company,Cubitron II,,3MABR-7100048736,,Hardware & Tools>Abrasives & Cutting Wheels>Sanding Discs & Belts,"3M Company Cubitron II, Sanding Disc, 3MABR-7100048736",SNDG DISC,Cubitron II 3MABR-7100048736 Sanding Disc,Cubitron II Sanding Disc,Sanding Disc,,,,,,,,,,,,,,,,,,,,,,,,,,,Sanding Disc,,,,,,,,,,,,,,,,,,,,,,,,,,,,,,,,,,,,,,,,,,,,,,,,,,,,,,,,,,,,,,,,,,,,,,,,,,,,,,,,,,,,,,,,,,,,,,,,,,,,,,,,,,,,,,,,,,,,,,,,,,,,,,,,,,,,,,,,,,,,,,,,,,,,,,,,,,,,,,,,,,,,,,,,,,,,,,,,,,,,,,,,,,,,,,,,,,,,,
no source found,,,,,,,Hardware & Tools,Abrasives,Discs & Belts,,3MABR-7100075690,3M 775L Stikit Film P180 - Cubitron II 50 Disc/Box,,,,Jam Industrial Supply LLC (JAMIN),3M Company,Cubitron II,,3MABR-7100075690,,Hardware & Tools>Abrasives & Cutting Wheels>Sanding Discs & Belts,"3M Company Cubitron II, Sanding Disc, 3MABR-7100075690",SNDG DISC,Cubitron II 3MABR-7100075690 Sanding Disc,Cubitron II Sanding Disc,Sanding Disc,,,,,,,,,,,,,,,,,,,,,,,,,,,Sanding Disc,,,,,,,,,,,,,,,,,,,,,,,,,,,,,,,,,,,,,,,,,,,,,,,,,,,,,,,,,,,,,,,,,,,,,,,,,,,,,,,,,,,,,,,,,,,,,,,,,,,,,,,,,,,,,,,,,,,,,,,,,,,,,,,,,,,,,,,,,,,,,,,,,,,,,,,,,,,,,,,,,,,,,,,,,,,,,,,,,,,,,,,,,,,,,,,,,,,,,
no source found,,,,,,,Hardware & Tools,Abrasives,Discs & Belts,,3MABR-7100075692,3M 775L Stikit Film P220 - Cubitron II 50 Disc/Box,,,,Jam Industrial Supply LLC (JAMIN),3M Company,Cubitron II,,3MABR-7100075692,,Hardware & Tools>Abrasives & Cutting Wheels>Sanding Discs & Belts,"3M Company Cubitron II, Sanding Disc, 3MABR-7100075692",SNDG DISC,Cubitron II 3MABR-7100075692 Sanding Disc,Cubitron II Sanding Disc,Sanding Disc,,,,,,,,,,,,,,,,,,,,,,,,,,,Sanding Disc,,,,,,,,,,,,,,,,,,,,,,,,,,,,,,,,,,,,,,,,,,,,,,,,,,,,,,,,,,,,,,,,,,,,,,,,,,,,,,,,,,,,,,,,,,,,,,,,,,,,,,,,,,,,,,,,,,,,,,,,,,,,,,,,,,,,,,,,,,,,,,,,,,,,,,,,,,,,,,,,,,,,,,,,,,,,,,,,,,,,,,,,,,,,,,,,,,,,,
no source found,,,,,,,Hardware & Tools,Abrasives,Discs & Belts,,3MABR-7100145365,3M 775L Stikit Film P320 - Cubitron II 50 Disc/Box,,,,Jam Industrial Supply LLC (JAMIN),3M Company,Cubitron II,,3MABR-7100145365,,Hardware & Tools>Abrasives & Cutting Wheels>Sanding Discs & Belts,"3M Company Cubitron II, Sanding Disc, 3MABR-7100145365",SNDG DISC,Cubitron II 3MABR-7100145365 Sanding Disc,Cubitron II Sanding Disc,Sanding Disc,,,,,,,,,,,,,,,,,,,,,,,,,,,Sanding Disc,,,,,,,,,,,,,,,,,,,,,,,,,,,,,,,,,,,,,,,,,,,,,,,,,,,,,,,,,,,,,,,,,,,,,,,,,,,,,,,,,,,,,,,,,,,,,,,,,,,,,,,,,,,,,,,,,,,,,,,,,,,,,,,,,,,,,,,,,,,,,,,,,,,,,,,,,,,,,,,,,,,,,,,,,,,,,,,,,,,,,,,,,,,,,,,,,,,,,
no source found,,,,,,,Hardware & Tools,Abrasives,Discs & Belts,,5B-332-080,"5B-332-080 HIOLIT 5"" P80",,,,Mirka Abrasives Inc (MIRUS),Mirka USA Inc.,Mirka,,5B-332-080,,Hardware & Tools>Abrasives & Cutting Wheels>Sanding Discs & Belts,"Mirka USA Inc. Mirka, Abrasive Product, 5B-332-080",ABRASIVE,Mirka 5B-332-080 Abrasive Product,Mirka Abrasive Product,Abrasive Product,,,,,,,,,,,,,,,,,,,,,,,,,,,Abrasive Product,,,,,,,,,,,,,,,,,,,,,,,,,,,,,,,,,,,,,,,,,,,,,,,,,,,,,,,,,,,,,,,,,,,,,,,,,,,,,,,,,,,,,,,,,,,,,,,,,,,,,,,,,,,,,,,,,,,,,,,,,,,,,,,,,,,,,,,,,,,,,,,,,,,,,,,,,,,,,,,,,,,,,,,,,,,,,,,,,,,,,,,,,,,,,,,,,,,,,
no source found,,,,,,,Hardware & Tools,Abrasives,Discs & Belts,,5B-332-120,"5B-332-120 HIOLIT 5"" P120",,,,Mirka Abrasives Inc (MIRUS),Mirka USA Inc.,Mirka,,5B-332-120,,Hardware & Tools>Abrasives & Cutting Wheels>Sanding Discs & Belts,"Mirka USA Inc. Mirka, Abrasive Product, 5B-332-120",ABRASIVE,Mirka 5B-332-120 Abrasive Product,Mirka Abrasive Product,Abrasive Product,,,,,,,,,,,,,,,,,,,,,,,,,,,Abrasive Product,,,,,,,,,,,,,,,,,,,,,,,,,,,,,,,,,,,,,,,,,,,,,,,,,,,,,,,,,,,,,,,,,,,,,,,,,,,,,,,,,,,,,,,,,,,,,,,,,,,,,,,,,,,,,,,,,,,,,,,,,,,,,,,,,,,,,,,,,,,,,,,,,,,,,,,,,,,,,,,,,,,,,,,,,,,,,,,,,,,,,,,,,,,,,,,,,,,,,
no source found,,,,,,,Hardware & Tools,Abrasives,Discs & Belts,,9A-570-240,9A-570-240 Abranet 2.75x30,,,,Mirka Abrasives Inc (MIRUS),Mirka USA Inc.,Mirka,,9A-570-240,,Hardware & Tools>Abrasives & Cutting Wheels>Sanding Discs & Belts,"Mirka USA Inc. Mirka, Abrasive Product, 9 A-570-240",SNDG BELT,Mirka 9 A-570-240 Abrasive Product,Mirka Abrasive Product,Abrasive Product,,,,,,,,,,,,,,,,,,,,,,,,,,,Abrasive Product,,,,,,,,,,,,,,,,,,,,,,,,,,,,,,,,,,,,,,,,,,,,,,,,,,,,,,,,,,,,,,,,,,,,,,,,,,,,,,,,,,,,,,,,,,,,,,,,,,,,,,,,,,,,,,,,,,,,,,,,,,,,,,,,,,,,,,,,,,,,,,,,,,,,,,,,,,,,,,,,,,,,,,,,,,,,,,,,,,,,,,,,,,,,,,,,,,,,,
no source found,,,,,,,Hardware & Tools,Abrasives,Discs & Belts,,9A-570-320,9A-570-320 Abranet 2.75x30,,,,Mirka Abrasives Inc (MIRUS),Mirka USA Inc.,Mirka,,9A-570-320,,Hardware & Tools>Abrasives & Cutting Wheels>Sanding Discs & Belts,"Mirka USA Inc. Mirka, Abrasive Product, 9 A-570-320",SNDG BELT,Mirka 9 A-570-320 Abrasive Product,Mirka Abrasive Product,Abrasive Product,,,,,,,,,,,,,,,,,,,,,,,,,,,Abrasive Product,,,,,,,,,,,,,,,,,,,,,,,,,,,,,,,,,,,,,,,,,,,,,,,,,,,,,,,,,,,,,,,,,,,,,,,,,,,,,,,,,,,,,,,,,,,,,,,,,,,,,,,,,,,,,,,,,,,,,,,,,,,,,,,,,,,,,,,,,,,,,,,,,,,,,,,,,,,,,,,,,,,,,,,,,,,,,,,,,,,,,,,,,,,,,,,,,,,,,
no source found,,,,,,,Hardware & Tools,Abrasives,Discs & Belts,,DBD090094101F,"DBD090094101F Diablo 9"" - Metal Cut-Off Disc",,,,Freud Inc (2435),"Freud America, Inc.",Diablo,,DBD090094101F,,Hardware & Tools>Abrasives & Cutting Wheels>Sanding Discs & Belts,"Freud America, Inc. Diablo, Cutting Disc, DBD090094101F",CUT DISC,Diablo DBD090094101F Cutting Disc,Diablo Cutting Disc,Cutting Disc,,,,,,,,,,,,,,,,,,,,,,,,,,,Cutting Disc,,,,,,,,,,,,,,,,,,,,,,,,,,,,,,,,,,,,,,,,,,,,,,,,,,,,,,,,,,,,,,,,,,,,,,,,,,,,,,,,,,,,,,,,,,,,,,,,,,,,,,,,,,,,,,,,,,,,,,,,,,,,,,,,,,,,,,,,,,,,,,,,,,,,,,,,,,,,,,,,,,,,,,,,,,,,,,,,,,,,,,,,,,,,,,,,,,,,,
no source found,,,,,,,Hardware & Tools,Abrasives,Discs & Belts,,DBDS12125A01F,"DBDS12125A01F Diablo 12"" - Steel Demon Metal Cut-Off Disc",,,,Freud Inc (2435),"Freud America, Inc.",Diablo,,DBDS12125A01F,,Hardware & Tools>Abrasives & Cutting Wheels>Sanding Discs & Belts,"Freud America, Inc. Diablo, Cutting Disc, DBDS12125A01F",CUT DISC,Diablo DBDS12125A01F Cutting Disc,Diablo Cutting Disc,Cutting Disc,,,,,,,,,,,,,,,,,,,,,,,,,,,Cutting Disc,,,,,,,,,,,,,,,,,,,,,,,,,,,,,,,,,,,,,,,,,,,,,,,,,,,,,,,,,,,,,,,,,,,,,,,,,,,,,,,,,,,,,,,,,,,,,,,,,,,,,,,,,,,,,,,,,,,,,,,,,,,,,,,,,,,,,,,,,,,,,,,,,,,,,,,,,,,,,,,,,,,,,,,,,,,,,,,,,,,,,,,,,,,,,,,,,,,,,
no source found,,,,,,,Hardware & Tools,Abrasives,Discs & Belts,,DBDS12125G01F,"DBDS12125G01F Diablo 12""x20mm - Speed Demon Metal Cut-Off Disc",,,,Freud Inc (2435),"Freud America, Inc.",Diablo,,DBDS12125G01F,,Hardware & Tools>Abrasives & Cutting Wheels>Sanding Discs & Belts,"Freud America, Inc. Diablo, Cutting Disc, DBDS12125G01F",CUT DISC,Diablo DBDS12125G01F Cutting Disc,Diablo Cutting Disc,Cutting Disc,,,,,,,,,,,,,,,,,,,,,,,,,,,Cutting Disc,,,,,,,,,,,,,,,,,,,,,,,,,,,,,,,,,,,,,,,,,,,,,,,,,,,,,,,,,,,,,,,,,,,,,,,,,,,,,,,,,,,,,,,,,,,,,,,,,,,,,,,,,,,,,,,,,,,,,,,,,,,,,,,,,,,,,,,,,,,,,,,,,,,,,,,,,,,,,,,,,,,,,,,,,,,,,,,,,,,,,,,,,,,,,,,,,,,,,
no source found,,,,,,,Hardware & Tools,Abrasives,Discs & Belts,,DBDS14125A01F,"DBDS14125A01F Diablo 14""x1"" - Steel Demon Metal Cut-Off Disc",,,,Freud Inc (2435),"Freud America, Inc.",Diablo,,DBDS14125A01F,,Hardware & Tools>Abrasives & Cutting Wheels>Sanding Discs & Belts,"Freud America, Inc. Diablo, Cutting Disc, DBDS14125A01F",CUT DISC,Diablo DBDS14125A01F Cutting Disc,Diablo Cutting Disc,Cutting Disc,,,,,,,,,,,,,,,,,,,,,,,,,,,Cutting Disc,,,,,,,,,,,,,,,,,,,,,,,,,,,,,,,,,,,,,,,,,,,,,,,,,,,,,,,,,,,,,,,,,,,,,,,,,,,,,,,,,,,,,,,,,,,,,,,,,,,,,,,,,,,,,,,,,,,,,,,,,,,,,,,,,,,,,,,,,,,,,,,,,,,,,,,,,,,,,,,,,,,,,,,,,,,,,,,,,,,,,,,,,,,,,,,,,,,,,
no source found,,,,,,,Hardware & Tools,Abrasives,Discs & Belts,,DBDS14125G01F,"DBDS14125G01F Diablo 14""x20mm - Steel Demon Metal Cut-Off Disc",,,,Freud Inc (2435),"Freud America, Inc.",Diablo,,DBDS14125G01F,,Hardware & Tools>Abrasives & Cutting Wheels>Sanding Discs & Belts,"Freud America, Inc. Diablo, Cutting Disc, DBDS14125G01F",CUT DISC,Diablo DBDS14125G01F Cutting Disc,Diablo Cutting Disc,Cutting Disc,,,,,,,,,,,,,,,,,,,,,,,,,,,Cutting Disc,,,,,,,,,,,,,,,,,,,,,,,,,,,,,,,,,,,,,,,,,,,,,,,,,,,,,,,,,,,,,,,,,,,,,,,,,,,,,,,,,,,,,,,,,,,,,,,,,,,,,,,,,,,,,,,,,,,,,,,,,,,,,,,,,,,,,,,,,,,,,,,,,,,,,,,,,,,,,,,,,,,,,,,,,,,,,,,,,,,,,,,,,,,,,,,,,,,,,
no source found,,,,,,,Hardware & Tools,Abrasives,Discs & Belts,,49-94-0013,"49-94-0013 Milw 5""x.045""x7/8"" Metal Cut Off Disc",,,,Milwaukee Accessory (4031),Milwaukee Electric Tool Corp.,Milwaukee,,49-94-0013,,Hardware & Tools>Abrasives & Cutting Wheels>Sanding Discs & Belts,"Milwaukee Electric Tool Corp. Milwaukee, Cutting Disc, 49-94-0013",CUT DISC,Milwaukee 49-94-0013 Cutting Disc,Milwaukee Cutting Disc,Cutting Disc,,,,,,,,,,,,,,,,,,,,,,,,,,,Cutting Disc,,,,,,,,,,,,,,,,,,,,,,,,,,,,,,,,,,,,,,,,,,,,,,,,,,,,,,,,,,,,,,,,,,,,,,,,,,,,,,,,,,,,,,,,,,,,,,,,,,,,,,,,,,,,,,,,,,,,,,,,,,,,,,,,,,,,,,,,,,,,,,,,,,,,,,,,,,,,,,,,,,,,,,,,,,,,,,,,,,,,,,,,,,,,,,,,,,,,,
no source found,,,,,,,Hardware & Tools,Abrasives,Discs & Belts,,49-94-0029,"49-94-0029 Milw 6-1/2""x1/8""x5/8"" DKO Metal Cut Off Disc",,,,Milwaukee Accessory (4031),Milwaukee Electric Tool Corp.,Milwaukee,,49-94-0029,,Hardware & Tools>Abrasives & Cutting Wheels>Sanding Discs & Belts,"Milwaukee Electric Tool Corp. Milwaukee, Cutting Disc, 49-94-0029",CUT DISC,Milwaukee 49-94-0029 Cutting Disc,Milwaukee Cutting Disc,Cutting Disc,,,,,,,,,,,,,,,,,,,,,,,,,,,Cutting Disc,,,,,,,,,,,,,,,,,,,,,,,,,,,,,,,,,,,,,,,,,,,,,,,,,,,,,,,,,,,,,,,,,,,,,,,,,,,,,,,,,,,,,,,,,,,,,,,,,,,,,,,,,,,,,,,,,,,,,,,,,,,,,,,,,,,,,,,,,,,,,,,,,,,,,,,,,,,,,,,,,,,,,,,,,,,,,,,,,,,,,,,,,,,,,,,,,,,,,
no source found,,,,,,,Hardware & Tools,Abrasives,Discs & Belts,,49-94-0033,"49-94-0033 Milw 7""x1/16""x7/8"" Metal Cut Off Disc",,,,Milwaukee Accessory (4031),Milwaukee Electric Tool Corp.,Milwaukee,,49-94-0033,,Hardware & Tools>Abrasives & Cutting Wheels>Sanding Discs & Belts,"Milwaukee Electric Tool Corp. Milwaukee, Cutting Disc, 49-94-0033",CUT DISC,Milwaukee 49-94-0033 Cutting Disc,Milwaukee Cutting Disc,Cutting Disc,,,,,,,,,,,,,,,,,,,,,,,,,,,Cutting Disc,,,,,,,,,,,,,,,,,,,,,,,,,,,,,,,,,,,,,,,,,,,,,,,,,,,,,,,,,,,,,,,,,,,,,,,,,,,,,,,,,,,,,,,,,,,,,,,,,,,,,,,,,,,,,,,,,,,,,,,,,,,,,,,,,,,,,,,,,,,,,,,,,,,,,,,,,,,,,,,,,,,,,,,,,,,,,,,,,,,,,,,,,,,,,,,,,,,,,
no source found,,,,,,,Hardware & Tools,Abrasives,Discs & Belts,,49-94-0001,"49-94-0001 Milw 4""x.040""x5/8"" Metal Cut Off Disc",,,,Milwaukee Accessory (4031),Milwaukee Electric Tool Corp.,Milwaukee,,49-94-0001,,Hardware & Tools>Abrasives & Cutting Wheels>Sanding Discs & Belts,"Milwaukee Electric Tool Corp. Milwaukee, Cutting Disc, 49-94-0001",CUT DISC,Milwaukee 49-94-0001 Cutting Disc,Milwaukee Cutting Disc,Cutting Disc,,,,,,,,,,,,,,,,,,,,,,,,,,,Cutting Disc,,,,,,,,,,,,,,,,,,,,,,,,,,,,,,,,,,,,,,,,,,,,,,,,,,,,,,,,,,,,,,,,,,,,,,,,,,,,,,,,,,,,,,,,,,,,,,,,,,,,,,,,,,,,,,,,,,,,,,,,,,,,,,,,,,,,,,,,,,,,,,,,,,,,,,,,,,,,,,,,,,,,,,,,,,,,,,,,,,,,,,,,,,,,,,,,,,,,,
no source found,,,,,,,Hardware & Tools,Abrasives,Discs & Belts,,49-94-0039,"49-94-0039 Milw 7""x1/8""x5/8"" DKO Metal Cut Off Disc",,,,Milwaukee Accessory (4031),Milwaukee Electric Tool Corp.,Milwaukee,,49-94-0039,,Hardware & Tools>Abrasives & Cutting Wheels>Sanding Discs & Belts,"Milwaukee Electric Tool Corp. Milwaukee, Cutting Disc, 49-94-0039",CUT DISC,Milwaukee 49-94-0039 Cutting Disc,Milwaukee Cutting Disc,Cutting Disc,,,,,,,,,,,,,,,,,,,,,,,,,,,Cutting Disc,,,,,,,,,,,,,,,,,,,,,,,,,,,,,,,,,,,,,,,,,,,,,,,,,,,,,,,,,,,,,,,,,,,,,,,,,,,,,,,,,,,,,,,,,,,,,,,,,,,,,,,,,,,,,,,,,,,,,,,,,,,,,,,,,,,,,,,,,,,,,,,,,,,,,,,,,,,,,,,,,,,,,,,,,,,,,,,,,,,,,,,,,,,,,,,,,,,,,
no source found,,,,,,,Hardware & Tools,Abrasives,Discs & Belts,,49-94-0043,"49-94-0043 Milw 9""x3/32""x7/8"" Metal Cut Off Disc",,,,Milwaukee Accessory (4031),Milwaukee Electric Tool Corp.,Milwaukee,,49-94-0043,,Hardware & Tools>Abrasives & Cutting Wheels>Sanding Discs & Belts,"Milwaukee Electric Tool Corp. Milwaukee, Cutting Disc, 49-94-0043",CUT DISC,Milwaukee 49-94-0043 Cutting Disc,Milwaukee Cutting Disc,Cutting Disc,,,,,,,,,,,,,,,,,,,,,,,,,,,Cutting Disc,,,,,,,,,,,,,,,,,,,,,,,,,,,,,,,,,,,,,,,,,,,,,,,,,,,,,,,,,,,,,,,,,,,,,,,,,,,,,,,,,,,,,,,,,,,,,,,,,,,,,,,,,,,,,,,,,,,,,,,,,,,,,,,,,,,,,,,,,,,,,,,,,,,,,,,,,,,,,,,,,,,,,,,,,,,,,,,,,,,,,,,,,,,,,,,,,,,,,
no source found,,,,,,,Hardware & Tools,Abrasives,Discs & Belts,,49-94-0048,"49-94-0048 Milw 12""x7/64""x1"" Metal Cut Off Disc General Purpose",,,,Milwaukee Accessory (4031),Milwaukee Electric Tool Corp.,Milwaukee,,49-94-0048,,Hardware & Tools>Abrasives & Cutting Wheels>Sanding Discs & Belts,"Milwaukee Electric Tool Corp. Milwaukee, Cutting Disc, 49-94-0048",CUT DISC,Milwaukee 49-94-0048 Cutting Disc,Milwaukee Cutting Disc,Cutting Disc,,,,,,,,,,,,,,,,,,,,,,,,,,,Cutting Disc,,,,,,,,,,,,,,,,,,,,,,,,,,,,,,,,,,,,,,,,,,,,,,,,,,,,,,,,,,,,,,,,,,,,,,,,,,,,,,,,,,,,,,,,,,,,,,,,,,,,,,,,,,,,,,,,,,,,,,,,,,,,,,,,,,,,,,,,,,,,,,,,,,,,,,,,,,,,,,,,,,,,,,,,,,,,,,,,,,,,,,,,,,,,,,,,,,,,,
no source found,,,,,,,Hardware & Tools,Abrasives,Discs & Belts,,49-94-0053,"49-94-0053 Milw 12""x1/8""x1"" Metal Cut Off Disc",,,,Milwaukee Accessory (4031),Milwaukee Electric Tool Corp.,Milwaukee,,49-94-0053,,Hardware & Tools>Abrasives & Cutting Wheels>Sanding Discs & Belts,"Milwaukee Electric Tool Corp. Milwaukee, Cutting Disc, 49-94-0053",CUT DISC,Milwaukee 49-94-0053 Cutting Disc,Milwaukee Cutting Disc,Cutting Disc,,,,,,,,,,,,,,,,,,,,,,,,,,,Cutting Disc,,,,,,,,,,,,,,,,,,,,,,,,,,,,,,,,,,,,,,,,,,,,,,,,,,,,,,,,,,,,,,,,,,,,,,,,,,,,,,,,,,,,,,,,,,,,,,,,,,,,,,,,,,,,,,,,,,,,,,,,,,,,,,,,,,,,,,,,,,,,,,,,,,,,,,,,,,,,,,,,,,,,,,,,,,,,,,,,,,,,,,,,,,,,,,,,,,,,,
no source found,,,,,,,Hardware & Tools,Abrasives,Discs & Belts,,49-94-0058,"49-94-0058 Milw 12""x1/8""x20mm Metal Cut Off Disc",,,,Milwaukee Accessory (4031),Milwaukee Electric Tool Corp.,Milwaukee,,49-94-0058,,Hardware & Tools>Abrasives & Cutting Wheels>Sanding Discs & Belts,"Milwaukee Electric Tool Corp. Milwaukee, Cutting Disc, 49-94-0058",CUT DISC,Milwaukee 49-94-0058 Cutting Disc,Milwaukee Cutting Disc,Cutting Disc,,,,,,,,,,,,,,,,,,,,,,,,,,,Cutting Disc,,,,,,,,,,,,,,,,,,,,,,,,,,,,,,,,,,,,,,,,,,,,,,,,,,,,,,,,,,,,,,,,,,,,,,,,,,,,,,,,,,,,,,,,,,,,,,,,,,,,,,,,,,,,,,,,,,,,,,,,,,,,,,,,,,,,,,,,,,,,,,,,,,,,,,,,,,,,,,,,,,,,,,,,,,,,,,,,,,,,,,,,,,,,,,,,,,,,,
no source found,,,,,,,Hardware & Tools,Abrasives,Discs & Belts,,49-94-0063,"49-94-0063 Milw 14""x7/64""x1"" Metal Cut Off Disc General Purpose",,,,Milwaukee Accessory (4031),Milwaukee Electric Tool Corp.,Milwaukee,,49-94-0063,,Hardware & Tools>Abrasives & Cutting Wheels>Sanding Discs & Belts,"Milwaukee Electric Tool Corp. Milwaukee, Cutting Disc, 49-94-0063",CUT DISC,Milwaukee 49-94-0063 Cutting Disc,Milwaukee Cutting Disc,Cutting Disc,,,,,,,,,,,,,,,,,,,,,,,,,,,Cutting Disc,,,,,,,,,,,,,,,,,,,,,,,,,,,,,,,,,,,,,,,,,,,,,,,,,,,,,,,,,,,,,,,,,,,,,,,,,,,,,,,,,,,,,,,,,,,,,,,,,,,,,,,,,,,,,,,,,,,,,,,,,,,,,,,,,,,,,,,,,,,,,,,,,,,,,,,,,,,,,,,,,,,,,,,,,,,,,,,,,,,,,,,,,,,,,,,,,,,,,
no source found,,,,,,,Hardware & Tools,Abrasives,Discs & Belts,,49-94-0068,"49-94-0068 Milw 14""x1/8""x20mm Metal Cut Off Disc",,,,Milwaukee Accessory (4031),Milwaukee Electric Tool Corp.,Milwaukee,,49-94-0068,,Hardware & Tools>Abrasives & Cutting Wheels>Sanding Discs & Belts,"Milwaukee Electric Tool Corp. Milwaukee, Cutting Disc, 49-94-0068",CUT DISC,Milwaukee 49-94-0068 Cutting Disc,Milwaukee Cutting Disc,Cutting Disc,,,,,,,,,,,,,,,,,,,,,,,,,,,Cutting Disc,,,,,,,,,,,,,,,,,,,,,,,,,,,,,,,,,,,,,,,,,,,,,,,,,,,,,,,,,,,,,,,,,,,,,,,,,,,,,,,,,,,,,,,,,,,,,,,,,,,,,,,,,,,,,,,,,,,,,,,,,,,,,,,,,,,,,,,,,,,,,,,,,,,,,,,,,,,,,,,,,,,,,,,,,,,,,,,,,,,,,,,,,,,,,,,,,,,,,
no source found,,,,,,,Hardware & Tools,Abrasives,Discs & Belts,,49-94-0073,"49-94-0073 Milw 14""x1/8""x1"" Metal Cut Off Disc",,,,Milwaukee Accessory (4031),Milwaukee Electric Tool Corp.,Milwaukee,,49-94-0073,,Hardware & Tools>Abrasives & Cutting Wheels>Sanding Discs & Belts,"Milwaukee Electric Tool Corp. Milwaukee, Cutting Disc, 49-94-0073",CUT DISC,Milwaukee 49-94-0073 Cutting Disc,Milwaukee Cutting Disc,Cutting Disc,,,,,,,,,,,,,,,,,,,,,,,,,,,Cutting Disc,,,,,,,,,,,,,,,,,,,,,,,,,,,,,,,,,,,,,,,,,,,,,,,,,,,,,,,,,,,,,,,,,,,,,,,,,,,,,,,,,,,,,,,,,,,,,,,,,,,,,,,,,,,,,,,,,,,,,,,,,,,,,,,,,,,,,,,,,,,,,,,,,,,,,,,,,,,,,,,,,,,,,,,,,,,,,,,,,,,,,,,,,,,,,,,,,,,,,
no source found,,,,,,,Hardware & Tools,Abrasives,Discs & Belts,,49-94-0101,"49-94-0101 Milw 4-1/2""x.045""x7/8"" Perform+ Metal Cut Off Disc 10pc",,,,Milwaukee Accessory (4031),Milwaukee Electric Tool Corp.,Milwaukee,,49-94-0101,,Hardware & Tools>Abrasives & Cutting Wheels>Sanding Discs & Belts,"Milwaukee Electric Tool Corp. Milwaukee, Cutting Disc, 49-94-0101",CUT DISC,Milwaukee 49-94-0101 Cutting Disc,Milwaukee Cutting Disc,Cutting Disc,,,,,,,,,,,,,,,,,,,,,,,,,,,Cutting Disc,,,,,,,,,,,,,,,,,,,,,,,,,,,,,,,,,,,,,,,,,,,,,,,,,,,,,,,,,,,,,,,,,,,,,,,,,,,,,,,,,,,,,,,,,,,,,,,,,,,,,,,,,,,,,,,,,,,,,,,,,,,,,,,,,,,,,,,,,,,,,,,,,,,,,,,,,,,,,,,,,,,,,,,,,,,,,,,,,,,,,,,,,,,,,,,,,,,,,
no source found,,,,,,,Hardware & Tools,Abrasives,Discs & Belts,,49-94-0107,"49-94-0107 Milw 4-1/2""x.045""x7/8"" Performance+ Metal Cut Off Disc",,,,Milwaukee Accessory (4031),Milwaukee Electric Tool Corp.,Milwaukee,,49-94-0107,,Hardware & Tools>Abrasives & Cutting Wheels>Sanding Discs & Belts,"Milwaukee Electric Tool Corp. Milwaukee, Cutting Disc, 49-94-0107",CUT DISC,Milwaukee 49-94-0107 Cutting Disc,Milwaukee Cutting Disc,Cutting Disc,,,,,,,,,,,,,,,,,,,,,,,,,,,Cutting Disc,,,,,,,,,,,,,,,,,,,,,,,,,,,,,,,,,,,,,,,,,,,,,,,,,,,,,,,,,,,,,,,,,,,,,,,,,,,,,,,,,,,,,,,,,,,,,,,,,,,,,,,,,,,,,,,,,,,,,,,,,,,,,,,,,,,,,,,,,,,,,,,,,,,,,,,,,,,,,,,,,,,,,,,,,,,,,,,,,,,,,,,,,,,,,,,,,,,,,
no source found,,,,,,,Hardware & Tools,Abrasives,Discs & Belts,,49-94-0117,"49-94-0117 Milw 5""x.045""x7/8"" Performance+ Metal Cut Off Disc",,,,Milwaukee Accessory (4031),Milwaukee Electric Tool Corp.,Milwaukee,,49-94-0117,,Hardware & Tools>Abrasives & Cutting Wheels>Sanding Discs & Belts,"Milwaukee Electric Tool Corp. Milwaukee, Cutting Disc, 49-94-0117",CUT DISC,Milwaukee 49-94-0117 Cutting Disc,Milwaukee Cutting Disc,Cutting Disc,,,,,,,,,,,,,,,,,,,,,,,,,,,Cutting Disc,,,,,,,,,,,,,,,,,,,,,,,,,,,,,,,,,,,,,,,,,,,,,,,,,,,,,,,,,,,,,,,,,,,,,,,,,,,,,,,,,,,,,,,,,,,,,,,,,,,,,,,,,,,,,,,,,,,,,,,,,,,,,,,,,,,,,,,,,,,,,,,,,,,,,,,,,,,,,,,,,,,,,,,,,,,,,,,,,,,,,,,,,,,,,,,,,,,,,
no source found,,,,,,,Hardware & Tools,Abrasives,Discs & Belts,,49-94-0123,"49-94-0123 Milw 6""x.045""x7/8"" Performance+ Metal Cut Off Disc",,,,Milwaukee Accessory (4031),Milwaukee Electric Tool Corp.,Milwaukee,,49-94-0123,,Hardware & Tools>Abrasives & Cutting Wheels>Sanding Discs & Belts,"Milwaukee Electric Tool Corp. Milwaukee, Cutting Disc, 49-94-0123",CUT DISC,Milwaukee 49-94-0123 Cutting Disc,Milwaukee Cutting Disc,Cutting Disc,,,,,,,,,,,,,,,,,,,,,,,,,,,Cutting Disc,,,,,,,,,,,,,,,,,,,,,,,,,,,,,,,,,,,,,,,,,,,,,,,,,,,,,,,,,,,,,,,,,,,,,,,,,,,,,,,,,,,,,,,,,,,,,,,,,,,,,,,,,,,,,,,,,,,,,,,,,,,,,,,,,,,,,,,,,,,,,,,,,,,,,,,,,,,,,,,,,,,,,,,,,,,,,,,,,,,,,,,,,,,,,,,,,,,,,
no source found,,,,,,,Hardware & Tools,Abrasives,Discs & Belts,,49-94-0023,"49-94-0023 Milw 6""x.045""x7/8"" Metal Cut Off Disc",,,,Milwaukee Accessory (4031),Milwaukee Electric Tool Corp.,Milwaukee,,49-94-0023,,Hardware & Tools>Abrasives & Cutting Wheels>Sanding Discs & Belts,"Milwaukee Electric Tool Corp. Milwaukee, Cutting Disc, 49-94-0023",CUT DISC,Milwaukee 49-94-0023 Cutting Disc,Milwaukee Cutting Disc,Cutting Disc,,,,,,,,,,,,,,,,,,,,,,,,,,,Cutting Disc,,,,,,,,,,,,,,,,,,,,,,,,,,,,,,,,,,,,,,,,,,,,,,,,,,,,,,,,,,,,,,,,,,,,,,,,,,,,,,,,,,,,,,,,,,,,,,,,,,,,,,,,,,,,,,,,,,,,,,,,,,,,,,,,,,,,,,,,,,,,,,,,,,,,,,,,,,,,,,,,,,,,,,,,,,,,,,,,,,,,,,,,,,,,,,,,,,,,,
no source found,,,,,,,Hardware & Tools,Abrasives,Discs & Belts,,49-94-0121,"49-94-0121 Milw 6""x.045""x7/8"" Performance+ Metal Cut Off Disc 10pc",,,,Milwaukee Accessory (4031),Milwaukee Electric Tool Corp.,Milwaukee,,49-94-0121,,Hardware & Tools>Abrasives & Cutting Wheels>Sanding Discs & Belts,"Milwaukee Electric Tool Corp. Milwaukee, Cutting Disc, 49-94-0121",CUT DISC,Milwaukee 49-94-0121 Cutting Disc,Milwaukee Cutting Disc,Cutting Disc,,,,,,,,,,,,,,,,,,,,,,,,,,,Cutting Disc,,,,,,,,,,,,,,,,,,,,,,,,,,,,,,,,,,,,,,,,,,,,,,,,,,,,,,,,,,,,,,,,,,,,,,,,,,,,,,,,,,,,,,,,,,,,,,,,,,,,,,,,,,,,,,,,,,,,,,,,,,,,,,,,,,,,,,,,,,,,,,,,,,,,,,,,,,,,,,,,,,,,,,,,,,,,,,,,,,,,,,,,,,,,,,,,,,,,,
no source found,,,,,,,Hardware & Tools,Abrasives,Discs & Belts,,49-94-0127,"49-94-0127 Milw 6""x.045""x7/8"" Performance+Metal Cut Off Disc",,,,Milwaukee Accessory (4031),Milwaukee Electric Tool Corp.,Milwaukee,,49-94-0127,,Hardware & Tools>Abrasives & Cutting Wheels>Sanding Discs & Belts,"Milwaukee Electric Tool Corp. Milwaukee, Cutting Disc, 49-94-0127",CUT DISC,Milwaukee 49-94-0127 Cutting Disc,Milwaukee Cutting Disc,Cutting Disc,,,,,,,,,,,,,,,,,,,,,,,,,,,Cutting Disc,,,,,,,,,,,,,,,,,,,,,,,,,,,,,,,,,,,,,,,,,,,,,,,,,,,,,,,,,,,,,,,,,,,,,,,,,,,,,,,,,,,,,,,,,,,,,,,,,,,,,,,,,,,,,,,,,,,,,,,,,,,,,,,,,,,,,,,,,,,,,,,,,,,,,,,,,,,,,,,,,,,,,,,,,,,,,,,,,,,,,,,,,,,,,,,,,,,,,
no source found,,,,,,,Hardware & Tools,Abrasives,Discs & Belts,,49-94-0137,"49-94-0137 Milw 7""x3/32""x7/8"" Performance+ Metal Cut Off Disc",,,,Milwaukee Accessory (4031),Milwaukee Electric Tool Corp.,Milwaukee,,49-94-0137,,Hardware & Tools>Abrasives & Cutting Wheels>Sanding Discs & Belts,"Milwaukee Electric Tool Corp. Milwaukee, Cutting Disc, 49-94-0137",CUT DISC,Milwaukee 49-94-0137 Cutting Disc,Milwaukee Cutting Disc,Cutting Disc,,,,,,,,,,,,,,,,,,,,,,,,,,,Cutting Disc,,,,,,,,,,,,,,,,,,,,,,,,,,,,,,,,,,,,,,,,,,,,,,,,,,,,,,,,,,,,,,,,,,,,,,,,,,,,,,,,,,,,,,,,,,,,,,,,,,,,,,,,,,,,,,,,,,,,,,,,,,,,,,,,,,,,,,,,,,,,,,,,,,,,,,,,,,,,,,,,,,,,,,,,,,,,,,,,,,,,,,,,,,,,,,,,,,,,,
no source found,,,,,,,Hardware & Tools,Abrasives,Discs & Belts,,49-94-0160,"49-94-0160 Milw 14""x7/64""x1"" Performance+ Metal Cut Off Disc",,,,Milwaukee Accessory (4031),Milwaukee Electric Tool Corp.,Milwaukee,,49-94-0160,,Hardware & Tools>Abrasives & Cutting Wheels>Sanding Discs & Belts,"Milwaukee Electric Tool Corp. Milwaukee, Cutting Disc, 49-94-0160",CUT DISC,Milwaukee 49-94-0160 Cutting Disc,Milwaukee Cutting Disc,Cutting Disc,,,,,,,,,,,,,,,,,,,,,,,,,,,Cutting Disc,,,,,,,,,,,,,,,,,,,,,,,,,,,,,,,,,,,,,,,,,,,,,,,,,,,,,,,,,,,,,,,,,,,,,,,,,,,,,,,,,,,,,,,,,,,,,,,,,,,,,,,,,,,,,,,,,,,,,,,,,,,,,,,,,,,,,,,,,,,,,,,,,,,,,,,,,,,,,,,,,,,,,,,,,,,,,,,,,,,,,,,,,,,,,,,,,,,,,
no source found,,,,,,,Hardware & Tools,Abrasives,Discs & Belts,,49-94-0223,"49-94-0223 Milw 6""x.045""x7/8"" Ceramic+ Metal Cut Off Disc",,,,Milwaukee Accessory (4031),Milwaukee Electric Tool Corp.,Milwaukee,,49-94-0223,,Hardware & Tools>Abrasives & Cutting Wheels>Sanding Discs & Belts,"Milwaukee Electric Tool Corp. Milwaukee, Cutting Disc, 49-94-0223",CUT DISC,Milwaukee 49-94-0223 Cutting Disc,Milwaukee Cutting Disc,Cutting Disc,,,,,,,,,,,,,,,,,,,,,,,,,,,Cutting Disc,,,,,,,,,,,,,,,,,,,,,,,,,,,,,,,,,,,,,,,,,,,,,,,,,,,,,,,,,,,,,,,,,,,,,,,,,,,,,,,,,,,,,,,,,,,,,,,,,,,,,,,,,,,,,,,,,,,,,,,,,,,,,,,,,,,,,,,,,,,,,,,,,,,,,,,,,,,,,,,,,,,,,,,,,,,,,,,,,,,,,,,,,,,,,,,,,,,,,
no source found,,,,,,,Hardware & Tools,Abrasives,Discs & Belts,,49-94-0445,"49-94-0445 Milw 10""x3/32""x5/8"" Performance+ Metal Cut Off Disc",,,,Milwaukee Accessory (4031),Milwaukee Electric Tool Corp.,Milwaukee,,49-94-0445,,Hardware & Tools>Abrasives & Cutting Wheels>Sanding Discs & Belts,"Milwaukee Electric Tool Corp. Milwaukee, Cutting Disc, 49-94-0445",CUT DISC,Milwaukee 49-94-0445 Cutting Disc,Milwaukee Cutting Disc,Cutting Disc,,,,,,,,,,,,,,,,,,,,,,,,,,,Cutting Disc,,,,,,,,,,,,,,,,,,,,,,,,,,,,,,,,,,,,,,,,,,,,,,,,,,,,,,,,,,,,,,,,,,,,,,,,,,,,,,,,,,,,,,,,,,,,,,,,,,,,,,,,,,,,,,,,,,,,,,,,,,,,,,,,,,,,,,,,,,,,,,,,,,,,,,,,,,,,,,,,,,,,,,,,,,,,,,,,,,,,,,,,,,,,,,,,,,,,,
no source found,,,,,,,,,,,49-94-0803,"49-94-0803 Milw 4-1/2""x1/8""x7/8"" Dual Metal Cut and Grind Disc",,,,Milwaukee Accessory (4031),Milwaukee Electric Tool Corp.,Milwaukee,,49-94-0803,,,"Milwaukee Electric Tool Corp. Milwaukee, Product, 49-94-0803",CUT DISC,Milwaukee 49-94-0803 Product,Milwaukee Product,Product,,,,,,,,,,,,,,,,,,,,,,,,,,,Product,,,,,,,,,,,,,,,,,,,,,,,,,,,,,,,,,,,,,,,,,,,,,,,,,,,,,,,,,,,,,,,,,,,,,,,,,,,,,,,,,,,,,,,,,,,,,,,,,,,,,,,,,,,,,,,,,,,,,,,,,,,,,,,,,,,,,,,,,,,,,,,,,,,,,,,,,,,,,,,,,,,,,,,,,,,,,,,,,,,,,,,,,,,,FLAG: NEEDS_MANUAL_REVIEW (Low Confidence / Unmapped Taxonomy),,,,,,,,,
no source found,,,,,,,,,,,49-94-0903,"49-94-0903 Milw 4-1/2""x1/8""x7/8""Perform+Dual Metal Cut and Grind Disc",,,,Milwaukee Accessory (4031),Milwaukee Electric Tool Corp.,Milwaukee,,49-94-0903,,,"Milwaukee Electric Tool Corp. Milwaukee, Product, 49-94-0903",CUT DISC,Milwaukee 49-94-0903 Product,Milwaukee Product,Product,,,,,,,,,,,,,,,,,,,,,,,,,,,Product,,,,,,,,,,,,,,,,,,,,,,,,,,,,,,,,,,,,,,,,,,,,,,,,,,,,,,,,,,,,,,,,,,,,,,,,,,,,,,,,,,,,,,,,,,,,,,,,,,,,,,,,,,,,,,,,,,,,,,,,,,,,,,,,,,,,,,,,,,,,,,,,,,,,,,,,,,,,,,,,,,,,,,,,,,,,,,,,,,,,,,,,,,,,FLAG: NEEDS_MANUAL_REVIEW (Low Confidence / Unmapped Taxonomy),,,,,,,,,
no source found,,,,,,,,,,,49-94-0907,"49-94-0907 Milw 4-1/2""x1/8""x5/8-11""Perform+Dual Metal Cut n Grind Disc",,,,Milwaukee Accessory (4031),Milwaukee Electric Tool Corp.,Milwaukee,,49-94-0907,,,"Milwaukee Electric Tool Corp. Milwaukee, Product, 49-94-0907",CUT DISC,Milwaukee 49-94-0907 Product,Milwaukee Product,Product,,,,,,,,,,,,,,,,,,,,,,,,,,,Product,,,,,,,,,,,,,,,,,,,,,,,,,,,,,,,,,,,,,,,,,,,,,,,,,,,,,,,,,,,,,,,,,,,,,,,,,,,,,,,,,,,,,,,,,,,,,,,,,,,,,,,,,,,,,,,,,,,,,,,,,,,,,,,,,,,,,,,,,,,,,,,,,,,,,,,,,,,,,,,,,,,,,,,,,,,,,,,,,,,,,,,,,,,,FLAG: NEEDS_MANUAL_REVIEW (Low Confidence / Unmapped Taxonomy),,,,,,,,,
no source found,,,,,,,,,,,49-94-0923,"49-94-0923 Milw 6""x1/8""x7/8"" Perform+Dual Metal Cut and Grind Disc",,,,Milwaukee Accessory (4031),Milwaukee Electric Tool Corp.,Milwaukee,,49-94-0923,,,"Milwaukee Electric Tool Corp. Milwaukee, Product, 49-94-0923",CUT DISC,Milwaukee 49-94-0923 Product,Milwaukee Product,Product,,,,,,,,,,,,,,,,,,,,,,,,,,,Product,,,,,,,,,,,,,,,,,,,,,,,,,,,,,,,,,,,,,,,,,,,,,,,,,,,,,,,,,,,,,,,,,,,,,,,,,,,,,,,,,,,,,,,,,,,,,,,,,,,,,,,,,,,,,,,,,,,,,,,,,,,,,,,,,,,,,,,,,,,,,,,,,,,,,,,,,,,,,,,,,,,,,,,,,,,,,,,,,,,,,,,,,,,,FLAG: NEEDS_MANUAL_REVIEW (Low Confidence / Unmapped Taxonomy),,,,,,,,,
no source found,,,,,,,Hardware & Tools,Abrasives,Discs & Belts,,49-94-1900,"49-94-1900 Milw 4""x1/8""x5/8"" Masonry Cut Off Disc",,,,Milwaukee Accessory (4031),Milwaukee Electric Tool Corp.,Milwaukee,,49-94-1900,,Hardware & Tools>Abrasives & Cutting Wheels>Sanding Discs & Belts,"Milwaukee Electric Tool Corp. Milwaukee, Cutting Disc, 49-94-1900",CUT DISC,Milwaukee 49-94-1900 Cutting Disc,Milwaukee Cutting Disc,Cutting Disc,,,,,,,,,,,,,,,,,,,,,,,,,,,Cutting Disc,,,,,,,,,,,,,,,,,,,,,,,,,,,,,,,,,,,,,,,,,,,,,,,,,,,,,,,,,,,,,,,,,,,,,,,,,,,,,,,,,,,,,,,,,,,,,,,,,,,,,,,,,,,,,,,,,,,,,,,,,,,,,,,,,,,,,,,,,,,,,,,,,,,,,,,,,,,,,,,,,,,,,,,,,,,,,,,,,,,,,,,,,,,,,,,,,,,,,
no source found,,,,,,,Hardware & Tools,Abrasives,Discs & Belts,,49-94-1905,"49-94-1905 Milw 4-1/2""x1/8""x7/8"" Masonry Cut Off Disc",,,,Milwaukee Accessory (4031),Milwaukee Electric Tool Corp.,Milwaukee,,49-94-1905,,Hardware & Tools>Abrasives & Cutting Wheels>Sanding Discs & Belts,"Milwaukee Electric Tool Corp. Milwaukee, Cutting Disc, 49-94-1905",CUT DISC,Milwaukee 49-94-1905 Cutting Disc,Milwaukee Cutting Disc,Cutting Disc,,,,,,,,,,,,,,,,,,,,,,,,,,,Cutting Disc,,,,,,,,,,,,,,,,,,,,,,,,,,,,,,,,,,,,,,,,,,,,,,,,,,,,,,,,,,,,,,,,,,,,,,,,,,,,,,,,,,,,,,,,,,,,,,,,,,,,,,,,,,,,,,,,,,,,,,,,,,,,,,,,,,,,,,,,,,,,,,,,,,,,,,,,,,,,,,,,,,,,,,,,,,,,,,,,,,,,,,,,,,,,,,,,,,,,,
no source found,,,,,,,Hardware & Tools,Abrasives,Discs & Belts,,49-94-1915,"49-94-1915 Milw 6-1/2""x1/8""x5/8"" DKO Masonry Cut Off Disc",,,,Milwaukee Accessory (4031),Milwaukee Electric Tool Corp.,Milwaukee,,49-94-1915,,Hardware & Tools>Abrasives & Cutting Wheels>Sanding Discs & Belts,"Milwaukee Electric Tool Corp. Milwaukee, Cutting Disc, 49-94-1915",CUT DISC,Milwaukee 49-94-1915 Cutting Disc,Milwaukee Cutting Disc,Cutting Disc,,,,,,,,,,,,,,,,,,,,,,,,,,,Cutting Disc,,,,,,,,,,,,,,,,,,,,,,,,,,,,,,,,,,,,,,,,,,,,,,,,,,,,,,,,,,,,,,,,,,,,,,,,,,,,,,,,,,,,,,,,,,,,,,,,,,,,,,,,,,,,,,,,,,,,,,,,,,,,,,,,,,,,,,,,,,,,,,,,,,,,,,,,,,,,,,,,,,,,,,,,,,,,,,,,,,,,,,,,,,,,,,,,,,,,,
no source found,,,,,,,Hardware & Tools,Abrasives,Discs & Belts,,49-94-1920,"49-94-1920 Milw 7""x1/8""x5/8"" DKO Masonry Cut Off Disc",,,,Milwaukee Accessory (4031),Milwaukee Electric Tool Corp.,Milwaukee,,49-94-1920,,Hardware & Tools>Abrasives & Cutting Wheels>Sanding Discs & Belts,"Milwaukee Electric Tool Corp. Milwaukee, Cutting Disc, 49-94-1920",CUT DISC,Milwaukee 49-94-1920 Cutting Disc,Milwaukee Cutting Disc,Cutting Disc,,,,,,,,,,,,,,,,,,,,,,,,,,,Cutting Disc,,,,,,,,,,,,,,,,,,,,,,,,,,,,,,,,,,,,,,,,,,,,,,,,,,,,,,,,,,,,,,,,,,,,,,,,,,,,,,,,,,,,,,,,,,,,,,,,,,,,,,,,,,,,,,,,,,,,,,,,,,,,,,,,,,,,,,,,,,,,,,,,,,,,,,,,,,,,,,,,,,,,,,,,,,,,,,,,,,,,,,,,,,,,,,,,,,,,,
no source found,,,,,,,Hardware & Tools,Abrasives,Discs & Belts,,49-94-1925,"49-94-1925 Milw 10""x1/8""x5/8"" Masonry Cut Off Disc",,,,Milwaukee Accessory (4031),Milwaukee Electric Tool Corp.,Milwaukee,,49-94-1925,,Hardware & Tools>Abrasives & Cutting Wheels>Sanding Discs & Belts,"Milwaukee Electric Tool Corp. Milwaukee, Cutting Disc, 49-94-1925",CUT DISC,Milwaukee 49-94-1925 Cutting Disc,Milwaukee Cutting Disc,Cutting Disc,,,,,,,,,,,,,,,,,,,,,,,,,,,Cutting Disc,,,,,,,,,,,,,,,,,,,,,,,,,,,,,,,,,,,,,,,,,,,,,,,,,,,,,,,,,,,,,,,,,,,,,,,,,,,,,,,,,,,,,,,,,,,,,,,,,,,,,,,,,,,,,,,,,,,,,,,,,,,,,,,,,,,,,,,,,,,,,,,,,,,,,,,,,,,,,,,,,,,,,,,,,,,,,,,,,,,,,,,,,,,,,,,,,,,,,
no source found,,,,,,,Hardware & Tools,Abrasives,Discs & Belts,,49-94-1935,"49-94-1935 Milw 12""x1/8""x1"" Masonry Cut Off Disc",,,,Milwaukee Accessory (4031),Milwaukee Electric Tool Corp.,Milwaukee,,49-94-1935,,Hardware & Tools>Abrasives & Cutting Wheels>Sanding Discs & Belts,"Milwaukee Electric Tool Corp. Milwaukee, Cutting Disc, 49-94-1935",CUT DISC,Milwaukee 49-94-1935 Cutting Disc,Milwaukee Cutting Disc,Cutting Disc,,,,,,,,,,,,,,,,,,,,,,,,,,,Cutting Disc,,,,,,,,,,,,,,,,,,,,,,,,,,,,,,,,,,,,,,,,,,,,,,,,,,,,,,,,,,,,,,,,,,,,,,,,,,,,,,,,,,,,,,,,,,,,,,,,,,,,,,,,,,,,,,,,,,,,,,,,,,,,,,,,,,,,,,,,,,,,,,,,,,,,,,,,,,,,,,,,,,,,,,,,,,,,,,,,,,,,,,,,,,,,,,,,,,,,,
no source found,,,,,,,Hardware & Tools,Abrasives,Discs & Belts,,49-94-1940,"49-94-1940 Milw 14""x1/8""x1"" Masonry Cut Off Disc",,,,Milwaukee Accessory (4031),Milwaukee Electric Tool Corp.,Milwaukee,,49-94-1940,,Hardware & Tools>Abrasives & Cutting Wheels>Sanding Discs & Belts,"Milwaukee Electric Tool Corp. Milwaukee, Cutting Disc, 49-94-1940",CUT DISC,Milwaukee 49-94-1940 Cutting Disc,Milwaukee Cutting Disc,Cutting Disc,,,,,,,,,,,,,,,,,,,,,,,,,,,Cutting Disc,,,,,,,,,,,,,,,,,,,,,,,,,,,,,,,,,,,,,,,,,,,,,,,,,,,,,,,,,,,,,,,,,,,,,,,,,,,,,,,,,,,,,,,,,,,,,,,,,,,,,,,,,,,,,,,,,,,,,,,,,,,,,,,,,,,,,,,,,,,,,,,,,,,,,,,,,,,,,,,,,,,,,,,,,,,,,,,,,,,,,,,,,,,,,,,,,,,,,
no source found,,,,,,,Hardware & Tools,Abrasives,Discs & Belts,,49-94-0501,"49-94-0501 Milw 4""x1/4""x5/8"" Metal Grinding Wheel",,,,Milwaukee Accessory (4031),Milwaukee Electric Tool Corp.,Milwaukee,,49-94-0501,,Hardware & Tools>Abrasives & Cutting Wheels>Sanding Discs & Belts,"Milwaukee Electric Tool Corp. Milwaukee, Abrasive Product, 49-94-0501",GRIND WHEEL,Milwaukee 49-94-0501 Abrasive Product,Milwaukee Abrasive Product,Abrasive Product,,,,,,,,,,,,,,,,,,,,,,,,,,,Abrasive Product,,,,,,,,,,,,,,,,,,,,,,,,,,,,,,,,,,,,,,,,,,,,,,,,,,,,,,,,,,,,,,,,,,,,,,,,,,,,,,,,,,,,,,,,,,,,,,,,,,,,,,,,,,,,,,,,,,,,,,,,,,,,,,,,,,,,,,,,,,,,,,,,,,,,,,,,,,,,,,,,,,,,,,,,,,,,,,,,,,,,,,,,,,,,,,,,,,,,,
no source found,,,,,,,Hardware & Tools,Abrasives,Discs & Belts,,49-94-0503,"49-94-0503 Milw 4-1/2""x1/4""x7/8"" Metal Grinding Wheel",,,,Milwaukee Accessory (4031),Milwaukee Electric Tool Corp.,Milwaukee,,49-94-0503,,Hardware & Tools>Abrasives & Cutting Wheels>Sanding Discs & Belts,"Milwaukee Electric Tool Corp. Milwaukee, Abrasive Product, 49-94-0503",GRIND WHEEL,Milwaukee 49-94-0503 Abrasive Product,Milwaukee Abrasive Product,Abrasive Product,,,,,,,,,,,,,,,,,,,,,,,,,,,Abrasive Product,,,,,,,,,,,,,,,,,,,,,,,,,,,,,,,,,,,,,,,,,,,,,,,,,,,,,,,,,,,,,,,,,,,,,,,,,,,,,,,,,,,,,,,,,,,,,,,,,,,,,,,,,,,,,,,,,,,,,,,,,,,,,,,,,,,,,,,,,,,,,,,,,,,,,,,,,,,,,,,,,,,,,,,,,,,,,,,,,,,,,,,,,,,,,,,,,,,,,
no source found,,,,,,,Hardware & Tools,Abrasives,Discs & Belts,,49-94-0523,"49-94-0523 Milw 6""x1/4""x7/8"" Metal Grinding Wheel",,,,Milwaukee Accessory (4031),Milwaukee Electric Tool Corp.,Milwaukee,,49-94-0523,,Hardware & Tools>Abrasives & Cutting Wheels>Sanding Discs & Belts,"Milwaukee Electric Tool Corp. Milwaukee, Abrasive Product, 49-94-0523",GRIND WHEEL,Milwaukee 49-94-0523 Abrasive Product,Milwaukee Abrasive Product,Abrasive Product,,,,,,,,,,,,,,,,,,,,,,,,,,,Abrasive Product,,,,,,,,,,,,,,,,,,,,,,,,,,,,,,,,,,,,,,,,,,,,,,,,,,,,,,,,,,,,,,,,,,,,,,,,,,,,,,,,,,,,,,,,,,,,,,,,,,,,,,,,,,,,,,,,,,,,,,,,,,,,,,,,,,,,,,,,,,,,,,,,,,,,,,,,,,,,,,,,,,,,,,,,,,,,,,,,,,,,,,,,,,,,,,,,,,,,,
no source found,,,,,,,Hardware & Tools,Abrasives,Discs & Belts,,49-94-1955,"49-94-1955 Milw 4-1/2""x1/4""x7/8"" Masonry Grinding Wheel",,,,Milwaukee Accessory (4031),Milwaukee Electric Tool Corp.,Milwaukee,,49-94-1955,,Hardware & Tools>Abrasives & Cutting Wheels>Sanding Discs & Belts,"Milwaukee Electric Tool Corp. Milwaukee, Abrasive Product, 49-94-1955",GRIND WHEEL,Milwaukee 49-94-1955 Abrasive Product,Milwaukee Abrasive Product,Abrasive Product,,,,,,,,,,,,,,,,,,,,,,,,,,,Abrasive Product,,,,,,,,,,,,,,,,,,,,,,,,,,,,,,,,,,,,,,,,,,,,,,,,,,,,,,,,,,,,,,,,,,,,,,,,,,,,,,,,,,,,,,,,,,,,,,,,,,,,,,,,,,,,,,,,,,,,,,,,,,,,,,,,,,,,,,,,,,,,,,,,,,,,,,,,,,,,,,,,,,,,,,,,,,,,,,,,,,,,,,,,,,,,,,,,,,,,,
no source found,,,,,,,Hardware & Tools,Abrasives,Discs & Belts,,49-94-1965,"49-94-1965 Milw 7""x1/4""x7/8"" Masonry Grinding Wheel",,,,Milwaukee Accessory (4031),Milwaukee Electric Tool Corp.,Milwaukee,,49-94-1965,,Hardware & Tools>Abrasives & Cutting Wheels>Sanding Discs & Belts,"Milwaukee Electric Tool Corp. Milwaukee, Abrasive Product, 49-94-1965",GRIND WHEEL,Milwaukee 49-94-1965 Abrasive Product,Milwaukee Abrasive Product,Abrasive Product,,,,,,,,,,,,,,,,,,,,,,,,,,,Abrasive Product,,,,,,,,,,,,,,,,,,,,,,,,,,,,,,,,,,,,,,,,,,,,,,,,,,,,,,,,,,,,,,,,,,,,,,,,,,,,,,,,,,,,,,,,,,,,,,,,,,,,,,,,,,,,,,,,,,,,,,,,,,,,,,,,,,,,,,,,,,,,,,,,,,,,,,,,,,,,,,,,,,,,,,,,,,,,,,,,,,,,,,,,,,,,,,,,,,,,,
no source found,,,,,,,Hardware & Tools,Abrasives,Discs & Belts,,49-94-0513,"49-94-0513 Milw 5""x1/4""x7/8"" Metal Grinding Wheel",,,,Milwaukee Accessory (4031),Milwaukee Electric Tool Corp.,Milwaukee,,49-94-0513,,Hardware & Tools>Abrasives & Cutting Wheels>Sanding Discs & Belts,"Milwaukee Electric Tool Corp. Milwaukee, Abrasive Product, 49-94-0513",GRIND WHEEL,Milwaukee 49-94-0513 Abrasive Product,Milwaukee Abrasive Product,Abrasive Product,,,,,,,,,,,,,,,,,,,,,,,,,,,Abrasive Product,,,,,,,,,,,,,,,,,,,,,,,,,,,,,,,,,,,,,,,,,,,,,,,,,,,,,,,,,,,,,,,,,,,,,,,,,,,,,,,,,,,,,,,,,,,,,,,,,,,,,,,,,,,,,,,,,,,,,,,,,,,,,,,,,,,,,,,,,,,,,,,,,,,,,,,,,,,,,,,,,,,,,,,,,,,,,,,,,,,,,,,,,,,,,,,,,,,,,
no source found,,,,,,,Hardware & Tools,Abrasives,Discs & Belts,,49-94-0533,"49-94-0533 Milw 7""x1/4""x7/8"" Metal Grinding Wheel",,,,Milwaukee Accessory (4031),Milwaukee Electric Tool Corp.,Milwaukee,,49-94-0533,,Hardware & Tools>Abrasives & Cutting Wheels>Sanding Discs & Belts,"Milwaukee Electric Tool Corp. Milwaukee, Abrasive Product, 49-94-0533",GRIND WHEEL,Milwaukee 49-94-0533 Abrasive Product,Milwaukee Abrasive Product,Abrasive Product,,,,,,,,,,,,,,,,,,,,,,,,,,,Abrasive Product,,,,,,,,,,,,,,,,,,,,,,,,,,,,,,,,,,,,,,,,,,,,,,,,,,,,,,,,,,,,,,,,,,,,,,,,,,,,,,,,,,,,,,,,,,,,,,,,,,,,,,,,,,,,,,,,,,,,,,,,,,,,,,,,,,,,,,,,,,,,,,,,,,,,,,,,,,,,,,,,,,,,,,,,,,,,,,,,,,,,,,,,,,,,,,,,,,,,,
no source found,,,,,,,Hardware & Tools,Abrasives,Discs & Belts,,DFBLBLOMFN01G,DFBLBLOMFN01G Diablo 220 Grit - Flat Edge Sanding Sponge,,,,Freud Inc (2435),"Freud America, Inc.",Diablo,,DFBLBLOMFN01G,,Hardware & Tools>Abrasives & Cutting Wheels>Sanding Discs & Belts,"Freud America, Inc. Diablo, Abrasive Product, DFBLBLOMFN01G",ABRASIVE,Diablo DFBLBLOMFN01G Abrasive Product,Diablo Abrasive Product,Abrasive Product,,,,,,,,,,,,,,,,,,,,,,,,,,,Abrasive Product,,,,,,,,,,,,,,,,,,,,,,,,,,,,,,,,,,,,,,,,,,,,,,,,,,,,,,,,,,,,,,,,,,,,,,,,,,,,,,,,,,,,,,,,,,,,,,,,,,,,,,,,,,,,,,,,,,,,,,,,,,,,,,,,,,,,,,,,,,,,,,,,,,,,,,,,,,,,,,,,,,,,,,,,,,,,,,,,,,,,,,,,,,,,,,,,,,,,,
no source found,,,,,,,,,,,1700-1PK-BB40,3/4x60' Vinyl Elect Tape,,,3M,3 M Co (5293),3M Company,3M,,1700-1PK-BB40,,,"3M Company 3M, Flashing Tape, 1700-1PK-BB40",TAPE,3M 1700-1PK-BB40 Flashing Tape,3M Flashing Tape,Flashing Tape,,,,,,,,,,,,,,,,,,,,,,,,,,,Flashing Tape,,,,,,,,,,,,,,,,,,,,,,,,,,,,,,,,,,,,,,,,,,,,,,,,,,,,,,,,,,,,,,,,,,,,,,,,,,,,,,,,,,,,,,,,,,,,,,,,,,,,,,,,,,,,,,,,,,,,,,,,,,,,,,,,,,,,,,,,,,,,,,,,,,,,,,,,,,,,,,,,,,,,,,,,,,,,,,,,,,,,,,,,,,,,FLAG: NEEDS_MANUAL_REVIEW (Low Confidence / Unmapped Taxonomy),,,,,,,,,
no source found,,,,,,,,,,,ASH-40-40-04,1.5x1.5x13' Legacy Emseal Tape,,,,Emseal Joint Systems Ltd (EMSJO),Sika Emseal (Emseal Joint Systems),Emseal,,ASH-40-40-04,,,"Sika Emseal (Emseal Joint Systems) Emseal, Flashing Tape, ASH-40-40-04",TAPE,Emseal ASH-40-40-04 Flashing Tape,Emseal Flashing Tape,Flashing Tape,,,,,,,,,,,,,,,,,,,,,,,,,,,Flashing Tape,,,,,,,,,,,,,,,,,,,,,,,,,,,,,,,,,,,,,,,,,,,,,,,,,,,,,,,,,,,,,,,,,,,,,,,,,,,,,,,,,,,,,,,,,,,,,,,,,,,,,,,,,,,,,,,,,,,,,,,,,,,,,,,,,,,,,,,,,,,,,,,,,,,,,,,,,,,,,,,,,,,,,,,,,,,,,,,,,,,,,,,,,,,,FLAG: NEEDS_MANUAL_REVIEW (Low Confidence / Unmapped Taxonomy),,,,,,,,,
no source found,,,,,,,Appliances,Large Appliances,Dishwashers,,KDFM404KPS,KDFM404KPS Dishwasher SS,,,,Appliance Dealers Cooperative (APPDE),,,,KDFM404KPS,,Appliances & Consumer Electronics>Kitchen Appliances>Built-In Dishwashers,", Dishwasher, KDFM404KPS",DISHWASHER,KDFM404KPS Dishwasher,Dishwasher,Dishwasher,,,,,,,,,,,,,,,,,,,,,,,,,,,Dishwasher,,,,,,,,,,,,,,,,,,,,,,,,,,,,,,,,,,,,,,,,,,,,,,,,,,,,,,,,,,,,,,,,,,,,,,,,,,,,,,,,,,,,,,,,,,,,,,,,,,,,,,,,,,,,,,,,,,,,,,,,,,,,,,,,,,,,,,,,,,,,,,,,,,,,,,,,,,,,,,,,,,,,,,,,,,,,,,,,,,,,,,,,,,,,FLAG: NEEDS_MANUAL_REVIEW (Low Confidence / Unmapped Taxonomy),,,,,,,,,
no source found,,,,,,,Appliances,Large Appliances,Dishwashers,,PDSH4816AF,PDSH4816AF Dishwasher SS - Display Only,,,,Appliance Dealers Cooperative (APPDE),,,,PDSH4816AF,,Appliances & Consumer Electronics>Kitchen Appliances>Built-In Dishwashers,", Dishwasher, PDSH4816AF",DISHWASHER,PDSH4816AF Dishwasher,Dishwasher,Dishwasher,,,,,,,,,,,,,,,,,,,,,,,,,,,Dishwasher,,,,,,,,,,,,,,,,,,,,,,,,,,,,,,,,,,,,,,,,,,,,,,,,,,,,,,,,,,,,,,,,,,,,,,,,,,,,,,,,,,,,,,,,,,,,,,,,,,,,,,,,,,,,,,,,,,,,,,,,,,,,,,,,,,,,,,,,,,,,,,,,,,,,,,,,,,,,,,,,,,,,,,,,,,,,,,,,,,,,,,,,,,,,FLAG: NEEDS_MANUAL_REVIEW (Low Confidence / Unmapped Taxonomy),,,,,,,,,
no source found,,,,,,,Appliances,Large Appliances,Dishwashers,,PDT715SYVFS,PDT715SYVFS Ge Dishwasher SS,,,,Appliance Dealers Cooperative (APPDE),GE Appliances (Haier),GE,,PDT715SYVFS,,Appliances & Consumer Electronics>Kitchen Appliances>Built-In Dishwashers,"GE Appliances (Haier) GE, Dishwasher, PDT715SYVFS",DISHWASHER,GE PDT715SYVFS Dishwasher,GE Dishwasher,Dishwasher,,,,,,,,,,,,,,,,,,,,,,,,,,,Dishwasher,,,,,,,,,,,,,,,,,,,,,,,,,,,,,,,,,,,,,,,,,,,,,,,,,,,,,,,,,,,,,,,,,,,,,,,,,,,,,,,,,,,,,,,,,,,,,,,,,,,,,,,,,,,,,,,,,,,,,,,,,,,,,,,,,,,,,,,,,,,,,,,,,,,,,,,,,,,,,,,,,,,,,,,,,,,,,,,,,,,,,,,,,,,,,,,,,,,,,
no source found,,,,,,,Appliances,Large Appliances,Dishwashers,,LDPH5554D,LDPH5554D LG Dishwasher BSS,,,,Appliance Dealers Cooperative (APPDE),LG Electronics USA,LG,,LDPH5554D,,Appliances & Consumer Electronics>Kitchen Appliances>Built-In Dishwashers,"LG Electronics USA LG, Dishwasher, LDPH5554D",DISHWASHER,LG LDPH5554D Dishwasher,LG Dishwasher,Dishwasher,,,,,,,,,,,,,,,,,,,,,,,,,,,Dishwasher,,,,,,,,,,,,,,,,,,,,,,,,,,,,,,,,,,,,,,,,,,,,,,,,,,,,,,,,,,,,,,,,,,,,,,,,,,,,,,,,,,,,,,,,,,,,,,,,,,,,,,,,,,,,,,,,,,,,,,,,,,,,,,,,,,,,,,,,,,,,,,,,,,,,,,,,,,,,,,,,,,,,,,,,,,,,,,,,,,,,,,,,,,,,,,,,,,,,,
no source found,,,,,,,Appliances,Large Appliances,Dishwashers,,WDTS7024RZ,WDTS7024RZ Dishwasher SS - Display Only,,,,Appliance Dealers Cooperative (APPDE),,,,WDTS7024RZ,,Appliances & Consumer Electronics>Kitchen Appliances>Built-In Dishwashers,", Dishwasher, WDTS7024RZ",DISHWASHER,WDTS7024RZ Dishwasher,Dishwasher,Dishwasher,,,,,,,,,,,,,,,,,,,,,,,,,,,Dishwasher,,,,,,,,,,,,,,,,,,,,,,,,,,,,,,,,,,,,,,,,,,,,,,,,,,,,,,,,,,,,,,,,,,,,,,,,,,,,,,,,,,,,,,,,,,,,,,,,,,,,,,,,,,,,,,,,,,,,,,,,,,,,,,,,,,,,,,,,,,,,,,,,,,,,,,,,,,,,,,,,,,,,,,,,,,,,,,,,,,,,,,,,,,,,FLAG: NEEDS_MANUAL_REVIEW (Low Confidence / Unmapped Taxonomy),,,,,,,,,
no source found,,,,,,,Appliances,Large Appliances,Dishwashers,,PDD415PYYFS,PDD415PYYFS GE Dishwasher SS,,,,Appliance Dealers Cooperative (APPDE),GE Appliances (Haier),GE,,PDD415PYYFS,,Appliances & Consumer Electronics>Kitchen Appliances>Built-In Dishwashers,"GE Appliances (Haier) GE, Dishwasher, PDD415PYYFS",DISHWASHER,GE PDD415PYYFS Dishwasher,GE Dishwasher,Dishwasher,,,,,,,,,,,,,,,,,,,,,,,,,,,Dishwasher,,,,,,,,,,,,,,,,,,,,,,,,,,,,,,,,,,,,,,,,,,,,,,,,,,,,,,,,,,,,,,,,,,,,,,,,,,,,,,,,,,,,,,,,,,,,,,,,,,,,,,,,,,,,,,,,,,,,,,,,,,,,,,,,,,,,,,,,,,,,,,,,,,,,,,,,,,,,,,,,,,,,,,,,,,,,,,,,,,,,,,,,,,,,,,,,,,,,,
no source found,,,,,,,Appliances,Large Appliances,Dishwashers,,KDTS424SBE,KDTS424SBE Kitchen Aid Dishwasher Bk,,,,Appliance Dealers Cooperative (APPDE),,,,KDTS424SBE,,Appliances & Consumer Electronics>Kitchen Appliances>Built-In Dishwashers,", Dishwasher, KDTS424SBE",DISHWASHER,KDTS424SBE Dishwasher,Dishwasher,Dishwasher,,,,,,,,,,,,,,,,,,,,,,,,,,,Dishwasher,,,,,,,,,,,,,,,,,,,,,,,,,,,,,,,,,,,,,,,,,,,,,,,,,,,,,,,,,,,,,,,,,,,,,,,,,,,,,,,,,,,,,,,,,,,,,,,,,,,,,,,,,,,,,,,,,,,,,,,,,,,,,,,,,,,,,,,,,,,,,,,,,,,,,,,,,,,,,,,,,,,,,,,,,,,,,,,,,,,,,,,,,,,,FLAG: NEEDS_MANUAL_REVIEW (Low Confidence / Unmapped Taxonomy),,,,,,,,,
no source found,,,,,,,Appliances,Large Appliances,Dishwashers,,KDTS324SPS,KDTS324SPS Kitchen Aid Dishwasher SS,,,,Appliance Dealers Cooperative (APPDE),,,,KDTS324SPS,,Appliances & Consumer Electronics>Kitchen Appliances>Built-In Dishwashers,", Dishwasher, KDTS324SPS",DISHWASHER,KDTS324SPS Dishwasher,Dishwasher,Dishwasher,,,,,,,,,,,,,,,,,,,,,,,,,,,Dishwasher,,,,,,,,,,,,,,,,,,,,,,,,,,,,,,,,,,,,,,,,,,,,,,,,,,,,,,,,,,,,,,,,,,,,,,,,,,,,,,,,,,,,,,,,,,,,,,,,,,,,,,,,,,,,,,,,,,,,,,,,,,,,,,,,,,,,,,,,,,,,,,,,,,,,,,,,,,,,,,,,,,,,,,,,,,,,,,,,,,,,,,,,,,,,FLAG: NEEDS_MANUAL_REVIEW (Low Confidence / Unmapped Taxonomy),,,,,,,,,
no source found,,,,,,,Appliances,Large Appliances,Dishwashers,,KDPS624SJP,KDPS624SJP Dishwasher Juniper - Display Only,,,,Appliance Dealers Cooperative (APPDE),,,,KDPS624SJP,,Appliances & Consumer Electronics>Kitchen Appliances>Built-In Dishwashers,", Dishwasher, KDPS624SJP",DISHWASHER,KDPS624SJP Dishwasher,Dishwasher,Dishwasher,,,,,,,,,,,,,,,,,,,,,,,,,,,Dishwasher,,,,,,,,,,,,,,,,,,,,,,,,,,,,,,,,,,,,,,,,,,,,,,,,,,,,,,,,,,,,,,,,,,,,,,,,,,,,,,,,,,,,,,,,,,,,,,,,,,,,,,,,,,,,,,,,,,,,,,,,,,,,,,,,,,,,,,,,,,,,,,,,,,,,,,,,,,,,,,,,,,,,,,,,,,,,,,,,,,,,,,,,,,,,FLAG: NEEDS_MANUAL_REVIEW (Low Confidence / Unmapped Taxonomy),,,,,,,,,
no source found,,,,,,,Appliances,Large Appliances,Dishwashers,,KDTS624SBE,KDTS624SBE Dishwasher BO Display Only,,,,Appliance Dealers Cooperative (APPDE),,,,KDTS624SBE,,Appliances & Consumer Electronics>Kitchen Appliances>Built-In Dishwashers,", Dishwasher, KDTS624SBE",DISHWASHER,KDTS624SBE Dishwasher,Dishwasher,Dishwasher,,,,,,,,,,,,,,,,,,,,,,,,,,,Dishwasher,,,,,,,,,,,,,,,,,,,,,,,,,,,,,,,,,,,,,,,,,,,,,,,,,,,,,,,,,,,,,,,,,,,,,,,,,,,,,,,,,,,,,,,,,,,,,,,,,,,,,,,,,,,,,,,,,,,,,,,,,,,,,,,,,,,,,,,,,,,,,,,,,,,,,,,,,,,,,,,,,,,,,,,,,,,,,,,,,,,,,,,,,,,,FLAG: NEEDS_MANUAL_REVIEW (Low Confidence / Unmapped Taxonomy),,,,,,,,,
no source found,,,,,,,,,,,D519127,D519127 Heater Kit,,,,V & V Appliance Parts Inc (VVAPP),,,,D519127,,,", Product, D519127",PRODUCT,D519127 Product,Product,Product,,,,,,,,,,,,,,,,,,,,,,,,,,,Product,,,,,,,,,,,,,,,,,,,,,,,,,,,,,,,,,,,,,,,,,,,,,,,,,,,,,,,,,,,,,,,,,,,,,,,,,,,,,,,,,,,,,,,,,,,,,,,,,,,,,,,,,,,,,,,,,,,,,,,,,,,,,,,,,,,,,,,,,,,,,,,,,,,,,,,,,,,,,,,,,,,,,,,,,,,,,,,,,,,,,,,,,,,,FLAG: NEEDS_MANUAL_REVIEW (Low Confidence / Unmapped Taxonomy),,,,,,,,,
no source found,,,,,,,,,,,DF7004WE,DF7004WE Speed Queen Elect Dryer Wh,,,,Appliance Dealers Cooperative (APPDE),Appliance Dealers Cooperative,Speed Queen,,DF7004WE,,,"Appliance Dealers Cooperative Speed Queen, Product, DF7004WE",PRODUCT,Speed Queen DF7004WE Product,Speed Queen Product,Product,,,,,,,,,,,,,,,,,,,,,,,,,,,Product,,,,,,,,,,,,,,,,,,,,,,,,,,,,,,,,,,,,,,,,,,,,,,,,,,,,,,,,,,,,,,,,,,,,,,,,,,,,,,,,,,,,,,,,,,,,,,,,,,,,,,,,,,,,,,,,,,,,,,,,,,,,,,,,,,,,,,,,,,,,,,,,,,,,,,,,,,,,,,,,,,,,,,,,,,,,,,,,,,,,,,,,,,,,FLAG: NEEDS_MANUAL_REVIEW (Low Confidence / Unmapped Taxonomy),,,,,,,,,
no source found,,,,,,,,,,,DR7004BE,DR7004BE SQ Elect Dryer Bk,,,,Appliance Dealers Cooperative (APPDE),,,,DR7004BE,,,", Product, DR7004BE",PRODUCT,DR7004BE Product,Product,Product,,,,,,,,,,,,,,,,,,,,,,,,,,,Product,,,,,,,,,,,,,,,,,,,,,,,,,,,,,,,,,,,,,,,,,,,,,,,,,,,,,,,,,,,,,,,,,,,,,,,,,,,,,,,,,,,,,,,,,,,,,,,,,,,,,,,,,,,,,,,,,,,,,,,,,,,,,,,,,,,,,,,,,,,,,,,,,,,,,,,,,,,,,,,,,,,,,,,,,,,,,,,,,,,,,,,,,,,,FLAG: NEEDS_MANUAL_REVIEW (Low Confidence / Unmapped Taxonomy),,,,,,,,,
no source found,,,,,,,,,,,DV2000WE,DV2000WE SQ Elect Dryer Wh,,,,Appliance Dealers Cooperative (APPDE),,,,DV2000WE,,,", Product, DV2000WE",PRODUCT,DV2000WE Product,Product,Product,,,,,,,,,,,,,,,,,,,,,,,,,,,Product,,,,,,,,,,,,,,,,,,,,,,,,,,,,,,,,,,,,,,,,,,,,,,,,,,,,,,,,,,,,,,,,,,,,,,,,,,,,,,,,,,,,,,,,,,,,,,,,,,,,,,,,,,,,,,,,,,,,,,,,,,,,,,,,,,,,,,,,,,,,,,,,,,,,,,,,,,,,,,,,,,,,,,,,,,,,,,,,,,,,,,,,,,,,FLAG: NEEDS_MANUAL_REVIEW (Low Confidence / Unmapped Taxonomy),,,,,,,,,
no source found,,,,,,,,,,,DC5004WE,DC5004WE SQ Elect Dryer Wh,,,,Appliance Dealers Cooperative (APPDE),,,,DC5004WE,,,", Product, DC5004WE",PRODUCT,DC5004WE Product,Product,Product,,,,,,,,,,,,,,,,,,,,,,,,,,,Product,,,,,,,,,,,,,,,,,,,,,,,,,,,,,,,,,,,,,,,,,,,,,,,,,,,,,,,,,,,,,,,,,,,,,,,,,,,,,,,,,,,,,,,,,,,,,,,,,,,,,,,,,,,,,,,,,,,,,,,,,,,,,,,,,,,,,,,,,,,,,,,,,,,,,,,,,,,,,,,,,,,,,,,,,,,,,,,,,,,,,,,,,,,,FLAG: NEEDS_MANUAL_REVIEW (Low Confidence / Unmapped Taxonomy),,,,,,,,,
no source found,,,,,,,,,,,DC5004BE,DC5004BE SQ Elect Dryer Bk,,,,Appliance Dealers Cooperative (APPDE),,,,DC5004BE,,,", Product, DC5004BE",PRODUCT,DC5004BE Product,Product,Product,,,,,,,,,,,,,,,,,,,,,,,,,,,Product,,,,,,,,,,,,,,,,,,,,,,,,,,,,,,,,,,,,,,,,,,,,,,,,,,,,,,,,,,,,,,,,,,,,,,,,,,,,,,,,,,,,,,,,,,,,,,,,,,,,,,,,,,,,,,,,,,,,,,,,,,,,,,,,,,,,,,,,,,,,,,,,,,,,,,,,,,,,,,,,,,,,,,,,,,,,,,,,,,,,,,,,,,,,FLAG: NEEDS_MANUAL_REVIEW (Low Confidence / Unmapped Taxonomy),,,,,,,,,
no source found,,,,,,,,,,,WKE100HWA,WKE100HWA LG Laundry Center Wh - Display,,,,Appliance Dealers Cooperative (APPDE),LG Electronics USA,LG,,WKE100HWA,,,"LG Electronics USA LG, Product, WKE100HWA",PRODUCT,LG WKE100HWA Product,LG Product,Product,,,,,,,,,,,,,,,,,,,,,,,,,,,Product,,,,,,,,,,,,,,,,,,,,,,,,,,,,,,,,,,,,,,,,,,,,,,,,,,,,,,,,,,,,,,,,,,,,,,,,,,,,,,,,,,,,,,,,,,,,,,,,,,,,,,,,,,,,,,,,,,,,,,,,,,,,,,,,,,,,,,,,,,,,,,,,,,,,,,,,,,,,,,,,,,,,,,,,,,,,,,,,,,,,,,,,,,,,FLAG: NEEDS_MANUAL_REVIEW (Low Confidence / Unmapped Taxonomy),,,,,,,,,
no source found,,,,,,,,,,,FF7011WN,FF7011WN Speed Queen Washer Wh,,,,Appliance Dealers Cooperative (APPDE),Appliance Dealers Cooperative,Speed Queen,,FF7011WN,,,"Appliance Dealers Cooperative Speed Queen, Product, FF7011WN",PRODUCT,Speed Queen FF7011WN Product,Speed Queen Product,Product,,,,,,,,,,,,,,,,,,,,,,,,,,,Product,,,,,,,,,,,,,,,,,,,,,,,,,,,,,,,,,,,,,,,,,,,,,,,,,,,,,,,,,,,,,,,,,,,,,,,,,,,,,,,,,,,,,,,,,,,,,,,,,,,,,,,,,,,,,,,,,,,,,,,,,,,,,,,,,,,,,,,,,,,,,,,,,,,,,,,,,,,,,,,,,,,,,,,,,,,,,,,,,,,,,,,,,,,,FLAG: NEEDS_MANUAL_REVIEW (Low Confidence / Unmapped Taxonomy),,,,,,,,,
no source found,,,,,,,,,,,PTD70GBPTDG,PTD70GBPTDG GE Gas Dryer DG,,,,Appliance Dealers Cooperative (APPDE),GE Appliances (Haier),GE,,PTD70GBPTDG,,,"GE Appliances (Haier) GE, Product, PTD70GBPTDG",PRODUCT,GE PTD70GBPTDG Product,GE Product,Product,,,,,,,,,,,,,,,,,,,,,,,,,,,Product,,,,,,,,,,,,,,,,,,,,,,,,,,,,,,,,,,,,,,,,,,,,,,,,,,,,,,,,,,,,,,,,,,,,,,,,,,,,,,,,,,,,,,,,,,,,,,,,,,,,,,,,,,,,,,,,,,,,,,,,,,,,,,,,,,,,,,,,,,,,,,,,,,,,,,,,,,,,,,,,,,,,,,,,,,,,,,,,,,,,,,,,,,,,FLAG: NEEDS_MANUAL_REVIEW (Low Confidence / Unmapped Taxonomy),,,,,,,,,
no source found,,,,,,,,,,,PTD70GBSTWS,PTD70GBSTWS GE Gas Dryer Wh,,,,Appliance Dealers Cooperative (APPDE),GE Appliances (Haier),GE,,PTD70GBSTWS,,,"GE Appliances (Haier) GE, Product, PTD70GBSTWS",PRODUCT,GE PTD70GBSTWS Product,GE Product,Product,,,,,,,,,,,,,,,,,,,,,,,,,,,Product,,,,,,,,,,,,,,,,,,,,,,,,,,,,,,,,,,,,,,,,,,,,,,,,,,,,,,,,,,,,,,,,,,,,,,,,,,,,,,,,,,,,,,,,,,,,,,,,,,,,,,,,,,,,,,,,,,,,,,,,,,,,,,,,,,,,,,,,,,,,,,,,,,,,,,,,,,,,,,,,,,,,,,,,,,,,,,,,,,,,,,,,,,,,FLAG: NEEDS_MANUAL_REVIEW (Low Confidence / Unmapped Taxonomy),,,,,,,,,
no source found,,,,,,,,,,,DR5004WG,DR5004WG SQ Gas Dryer Wh,,,,Appliance Dealers Cooperative (APPDE),,,,DR5004WG,,,", Product, DR5004WG",PRODUCT,DR5004WG Product,Product,Product,,,,,,,,,,,,,,,,,,,,,,,,,,,Product,,,,,,,,,,,,,,,,,,,,,,,,,,,,,,,,,,,,,,,,,,,,,,,,,,,,,,,,,,,,,,,,,,,,,,,,,,,,,,,,,,,,,,,,,,,,,,,,,,,,,,,,,,,,,,,,,,,,,,,,,,,,,,,,,,,,,,,,,,,,,,,,,,,,,,,,,,,,,,,,,,,,,,,,,,,,,,,,,,,,,,,,,,,,FLAG: NEEDS_MANUAL_REVIEW (Low Confidence / Unmapped Taxonomy),,,,,,,,,
no source found,,,,,,,,,,,DR7004BG,DR7004BG SQ Gas Dryer Bk,,,,Appliance Dealers Cooperative (APPDE),,,,DR7004BG,,,", Product, DR7004BG",PRODUCT,DR7004BG Product,Product,Product,,,,,,,,,,,,,,,,,,,,,,,,,,,Product,,,,,,,,,,,,,,,,,,,,,,,,,,,,,,,,,,,,,,,,,,,,,,,,,,,,,,,,,,,,,,,,,,,,,,,,,,,,,,,,,,,,,,,,,,,,,,,,,,,,,,,,,,,,,,,,,,,,,,,,,,,,,,,,,,,,,,,,,,,,,,,,,,,,,,,,,,,,,,,,,,,,,,,,,,,,,,,,,,,,,,,,,,,,FLAG: NEEDS_MANUAL_REVIEW (Low Confidence / Unmapped Taxonomy),,,,,,,,,
no source found,,,,,,,,,,,DR7004WG,DR7004WG SQ Gas Dryer Wh,,,,Appliance Dealers Cooperative (APPDE),,,,DR7004WG,,,", Product, DR7004WG",PRODUCT,DR7004WG Product,Product,Product,,,,,,,,,,,,,,,,,,,,,,,,,,,Product,,,,,,,,,,,,,,,,,,,,,,,,,,,,,,,,,,,,,,,,,,,,,,,,,,,,,,,,,,,,,,,,,,,,,,,,,,,,,,,,,,,,,,,,,,,,,,,,,,,,,,,,,,,,,,,,,,,,,,,,,,,,,,,,,,,,,,,,,,,,,,,,,,,,,,,,,,,,,,,,,,,,,,,,,,,,,,,,,,,,,,,,,,,,FLAG: NEEDS_MANUAL_REVIEW (Low Confidence / Unmapped Taxonomy),,,,,,,,,
no source found,,,,,,,,,,,DV2000WG,DV2000WG SQ Gas Dryer Wh,,,,Appliance Dealers Cooperative (APPDE),,,,DV2000WG,,,", Product, DV2000WG",PRODUCT,DV2000WG Product,Product,Product,,,,,,,,,,,,,,,,,,,,,,,,,,,Product,,,,,,,,,,,,,,,,,,,,,,,,,,,,,,,,,,,,,,,,,,,,,,,,,,,,,,,,,,,,,,,,,,,,,,,,,,,,,,,,,,,,,,,,,,,,,,,,,,,,,,,,,,,,,,,,,,,,,,,,,,,,,,,,,,,,,,,,,,,,,,,,,,,,,,,,,,,,,,,,,,,,,,,,,,,,,,,,,,,,,,,,,,,,FLAG: NEEDS_MANUAL_REVIEW (Low Confidence / Unmapped Taxonomy),,,,,,,,,
no source found,,,,,,,,,,,DC5004WG,DC5004WG SQ Gas Dryer Wh,,,,Appliance Dealers Cooperative (APPDE),,,,DC5004WG,,,", Product, DC5004WG",PRODUCT,DC5004WG Product,Product,Product,,,,,,,,,,,,,,,,,,,,,,,,,,,Product,,,,,,,,,,,,,,,,,,,,,,,,,,,,,,,,,,,,,,,,,,,,,,,,,,,,,,,,,,,,,,,,,,,,,,,,,,,,,,,,,,,,,,,,,,,,,,,,,,,,,,,,,,,,,,,,,,,,,,,,,,,,,,,,,,,,,,,,,,,,,,,,,,,,,,,,,,,,,,,,,,,,,,,,,,,,,,,,,,,,,,,,,,,,FLAG: NEEDS_MANUAL_REVIEW (Low Confidence / Unmapped Taxonomy),,,,,,,,,
no source found,,,,,,,,,,,DC5004BG,DC5004BG SQ Gas Dryer Bk,,,,Appliance Dealers Cooperative (APPDE),,,,DC5004BG,,,", Product, DC5004BG",PRODUCT,DC5004BG Product,Product,Product,,,,,,,,,,,,,,,,,,,,,,,,,,,Product,,,,,,,,,,,,,,,,,,,,,,,,,,,,,,,,,,,,,,,,,,,,,,,,,,,,,,,,,,,,,,,,,,,,,,,,,,,,,,,,,,,,,,,,,,,,,,,,,,,,,,,,,,,,,,,,,,,,,,,,,,,,,,,,,,,,,,,,,,,,,,,,,,,,,,,,,,,,,,,,,,,,,,,,,,,,,,,,,,,,,,,,,,,,FLAG: NEEDS_MANUAL_REVIEW (Low Confidence / Unmapped Taxonomy),,,,,,,,,
no source found,,,,,,,,,,,PTW705BSTWS,PTW705BSTWS GE Washer Wh,,,,Appliance Dealers Cooperative (APPDE),GE Appliances (Haier),GE,,PTW705BSTWS,,,"GE Appliances (Haier) GE, Product, PTW705BSTWS",PRODUCT,GE PTW705BSTWS Product,GE Product,Product,,,,,,,,,,,,,,,,,,,,,,,,,,,Product,,,,,,,,,,,,,,,,,,,,,,,,,,,,,,,,,,,,,,,,,,,,,,,,,,,,,,,,,,,,,,,,,,,,,,,,,,,,,,,,,,,,,,,,,,,,,,,,,,,,,,,,,,,,,,,,,,,,,,,,,,,,,,,,,,,,,,,,,,,,,,,,,,,,,,,,,,,,,,,,,,,,,,,,,,,,,,,,,,,,,,,,,,,,FLAG: NEEDS_MANUAL_REVIEW (Low Confidence / Unmapped Taxonomy),,,,,,,,,
no source found,,,,,,,,,,,MVWP586GW,MVWP586GW Washer Wh - Display,,,,Appliance Dealers Cooperative (APPDE),,,,MVWP586GW,,,", Product, MVWP586GW",PRODUCT,MVWP586GW Product,Product,Product,,,,,,,,,,,,,,,,,,,,,,,,,,,Product,,,,,,,,,,,,,,,,,,,,,,,,,,,,,,,,,,,,,,,,,,,,,,,,,,,,,,,,,,,,,,,,,,,,,,,,,,,,,,,,,,,,,,,,,,,,,,,,,,,,,,,,,,,,,,,,,,,,,,,,,,,,,,,,,,,,,,,,,,,,,,,,,,,,,,,,,,,,,,,,,,,,,,,,,,,,,,,,,,,,,,,,,,,,FLAG: NEEDS_MANUAL_REVIEW (Low Confidence / Unmapped Taxonomy),,,,,,,,,
no source found,,,,,,,,,,,TV2000WN,TV2000WN SQ Elect Washer,,,,Appliance Dealers Cooperative (APPDE),,,,TV2000WN,,,", Product, TV2000WN",PRODUCT,TV2000WN Product,Product,Product,,,,,,,,,,,,,,,,,,,,,,,,,,,Product,,,,,,,,,,,,,,,,,,,,,,,,,,,,,,,,,,,,,,,,,,,,,,,,,,,,,,,,,,,,,,,,,,,,,,,,,,,,,,,,,,,,,,,,,,,,,,,,,,,,,,,,,,,,,,,,,,,,,,,,,,,,,,,,,,,,,,,,,,,,,,,,,,,,,,,,,,,,,,,,,,,,,,,,,,,,,,,,,,,,,,,,,,,,FLAG: NEEDS_MANUAL_REVIEW (Low Confidence / Unmapped Taxonomy),,,,,,,,,
no source found,,,,,,,,,,,TC5003BN,TC5003BN SQ Washer Bk,,,,Appliance Dealers Cooperative (APPDE),,,,TC5003BN,,,", Product, TC5003BN",PRODUCT,TC5003BN Product,Product,Product,,,,,,,,,,,,,,,,,,,,,,,,,,,Product,,,,,,,,,,,,,,,,,,,,,,,,,,,,,,,,,,,,,,,,,,,,,,,,,,,,,,,,,,,,,,,,,,,,,,,,,,,,,,,,,,,,,,,,,,,,,,,,,,,,,,,,,,,,,,,,,,,,,,,,,,,,,,,,,,,,,,,,,,,,,,,,,,,,,,,,,,,,,,,,,,,,,,,,,,,,,,,,,,,,,,,,,,,,FLAG: NEEDS_MANUAL_REVIEW (Low Confidence / Unmapped Taxonomy),,,,,,,,,
no source found,,,,,,,,,,,TR7006WN,TR7006WN Speed Queen Washer Wh,,,,Appliance Dealers Cooperative (APPDE),Appliance Dealers Cooperative,Speed Queen,,TR7006WN,,,"Appliance Dealers Cooperative Speed Queen, Product, TR7006WN",PRODUCT,Speed Queen TR7006WN Product,Speed Queen Product,Product,,,,,,,,,,,,,,,,,,,,,,,,,,,Product,,,,,,,,,,,,,,,,,,,,,,,,,,,,,,,,,,,,,,,,,,,,,,,,,,,,,,,,,,,,,,,,,,,,,,,,,,,,,,,,,,,,,,,,,,,,,,,,,,,,,,,,,,,,,,,,,,,,,,,,,,,,,,,,,,,,,,,,,,,,,,,,,,,,,,,,,,,,,,,,,,,,,,,,,,,,,,,,,,,,,,,,,,,,FLAG: NEEDS_MANUAL_REVIEW (Low Confidence / Unmapped Taxonomy),,,,,,,,,
no source found,,,,,,,,,,,TR7006BN,TR7006BN Speed Queen Washer Bk,,,,Appliance Dealers Cooperative (APPDE),Appliance Dealers Cooperative,Speed Queen,,TR7006BN,,,"Appliance Dealers Cooperative Speed Queen, Product, TR7006BN",PRODUCT,Speed Queen TR7006BN Product,Speed Queen Product,Product,,,,,,,,,,,,,,,,,,,,,,,,,,,Product,,,,,,,,,,,,,,,,,,,,,,,,,,,,,,,,,,,,,,,,,,,,,,,,,,,,,,,,,,,,,,,,,,,,,,,,,,,,,,,,,,,,,,,,,,,,,,,,,,,,,,,,,,,,,,,,,,,,,,,,,,,,,,,,,,,,,,,,,,,,,,,,,,,,,,,,,,,,,,,,,,,,,,,,,,,,,,,,,,,,,,,,,,,,FLAG: NEEDS_MANUAL_REVIEW (Low Confidence / Unmapped Taxonomy),,,,,,,,,
no source found,,,,,,,,,,,TR5006WN,TR5006WN Speed Queen Washer Wh,,,,Appliance Dealers Cooperative (APPDE),Appliance Dealers Cooperative,Speed Queen,,TR5006WN,,,"Appliance Dealers Cooperative Speed Queen, Product, TR5006WN",PRODUCT,Speed Queen TR5006WN Product,Speed Queen Product,Product,,,,,,,,,,,,,,,,,,,,,,,,,,,Product,,,,,,,,,,,,,,,,,,,,,,,,,,,,,,,,,,,,,,,,,,,,,,,,,,,,,,,,,,,,,,,,,,,,,,,,,,,,,,,,,,,,,,,,,,,,,,,,,,,,,,,,,,,,,,,,,,,,,,,,,,,,,,,,,,,,,,,,,,,,,,,,,,,,,,,,,,,,,,,,,,,,,,,,,,,,,,,,,,,,,,,,,,,,FLAG: NEEDS_MANUAL_REVIEW (Low Confidence / Unmapped Taxonomy),,,,,,,,,
no source found,,,,,,,,,,,05134545001,9516 Kneeling Pad& Bttl Opener,,,,Wera Tools NA Inc (WERTO),Wera Tools Inc.,Wera,,05134545001,,,"Wera Tools Inc. Wera, Product, 05134545001",PRODUCT,Wera 05134545001 Product,Wera Product,Product,,,,,,,,,,,,,,,,,,,,,,,,,,,Product,,,,,,,,,,,,,,,,,,,,,,,,,,,,,,,,,,,,,,,,,,,,,,,,,,,,,,,,,,,,,,,,,,,,,,,,,,,,,,,,,,,,,,,,,,,,,,,,,,,,,,,,,,,,,,,,,,,,,,,,,,,,,,,,,,,,,,,,,,,,,,,,,,,,,,,,,,,,,,,,,,,,,,,,,,,,,,,,,,,,,,,,,,,,FLAG: NEEDS_MANUAL_REVIEW (Low Confidence / Unmapped Taxonomy),,,,,,,,,
no source found,,,,,,,,,,,LNL65301,LNL65301 Digital Tire Pressure - Inflator Gauge,,,,,,,,LNL65301,,,", Product, LNL65301",PRODUCT,LNL65301 Product,Product,Product,,,,,,,,,,,,,,,,,,,,,,,,,,,Product,,,,,,,,,,,,,,,,,,,,,,,,,,,,,,,,,,,,,,,,,,,,,,,,,,,,,,,,,,,,,,,,,,,,,,,,,,,,,,,,,,,,,,,,,,,,,,,,,,,,,,,,,,,,,,,,,,,,,,,,,,,,,,,,,,,,,,,,,,,,,,,,,,,,,,,,,,,,,,,,,,,,,,,,,,,,,,,,,,,,,,,,,,,,FLAG: NEEDS_MANUAL_REVIEW (Low Confidence / Unmapped Taxonomy),,,,,,,,,
no source found,,,,,,,,,,,25-A,Charcoal Black 25-A Mortar - Type N,,,,Rees Cast Stone Company (REECA),Rees Cast Stone Co.,Rees,,25-A,,,"Rees Cast Stone Co. Rees, Product, 25-A",PRODUCT,Rees 25-A Product,Rees Product,Product,,,,,,,,,,,,,,,,,,,,,,,,,,,Product,,,,,,,,,,,,,,,,,,,,,,,,,,,,,,,,,,,,,,,,,,,,,,,,,,,,,,,,,,,,,,,,,,,,,,,,,,,,,,,,,,,,,,,,,,,,,,,,,,,,,,,,,,,,,,,,,,,,,,,,,,,,,,,,,,,,,,,,,,,,,,,,,,,,,,,,,,,,,,,,,,,,,,,,,,,,,,,,,,,,,,,,,,,,FLAG: NEEDS_MANUAL_REVIEW (Low Confidence / Unmapped Taxonomy),,,,,,,,,
no source found,,,,,,,,,,,38-E,Dark Chocolate 38-E Mortar - Type N,,,,Rees Cast Stone Company (REECA),Rees Cast Stone Co.,Rees,,38-E,,,"Rees Cast Stone Co. Rees, Product, 38-E",PRODUCT,Rees 38-E Product,Rees Product,Product,,,,,,,,,,,,,,,,,,,,,,,,,,,Product,,,,,,,,,,,,,,,,,,,,,,,,,,,,,,,,,,,,,,,,,,,,,,,,,,,,,,,,,,,,,,,,,,,,,,,,,,,,,,,,,,,,,,,,,,,,,,,,,,,,,,,,,,,,,,,,,,,,,,,,,,,,,,,,,,,,,,,,,,,,,,,,,,,,,,,,,,,,,,,,,,,,,,,,,,,,,,,,,,,,,,,,,,,,FLAG: NEEDS_MANUAL_REVIEW (Low Confidence / Unmapped Taxonomy),,,,,,,,,
no source found,,,,,,,,,,,59-J,Light Buff 59-J Mortar - Type N,,,,Rees Cast Stone Company (REECA),Rees Cast Stone Co.,Rees,,59-J,,,"Rees Cast Stone Co. Rees, Product, 59-J",PRODUCT,Rees 59-J Product,Rees Product,Product,,,,,,,,,,,,,,,,,,,,,,,,,,,Product,,,,,,,,,,,,,,,,,,,,,,,,,,,,,,,,,,,,,,,,,,,,,,,,,,,,,,,,,,,,,,,,,,,,,,,,,,,,,,,,,,,,,,,,,,,,,,,,,,,,,,,,,,,,,,,,,,,,,,,,,,,,,,,,,,,,,,,,,,,,,,,,,,,,,,,,,,,,,,,,,,,,,,,,,,,,,,,,,,,,,,,,,,,,FLAG: NEEDS_MANUAL_REVIEW (Low Confidence / Unmapped Taxonomy),,,,,,,,,
no source found,,,,,,,,,,,44-A,Light Chocolate 44-A Mortar - Type N,,,,Rees Cast Stone Company (REECA),Rees Cast Stone Co.,Rees,,44-A,,,"Rees Cast Stone Co. Rees, Product, 44-A",PRODUCT,Rees 44-A Product,Rees Product,Product,,,,,,,,,,,,,,,,,,,,,,,,,,,Product,,,,,,,,,,,,,,,,,,,,,,,,,,,,,,,,,,,,,,,,,,,,,,,,,,,,,,,,,,,,,,,,,,,,,,,,,,,,,,,,,,,,,,,,,,,,,,,,,,,,,,,,,,,,,,,,,,,,,,,,,,,,,,,,,,,,,,,,,,,,,,,,,,,,,,,,,,,,,,,,,,,,,,,,,,,,,,,,,,,,,,,,,,,,FLAG: NEEDS_MANUAL_REVIEW (Low Confidence / Unmapped Taxonomy),,,,,,,,,
no source found,,,,,,,Lumber,Decking,Composite Decking,,543302126,6' Wh Select T-Rail Kit Horiz - w/Sq Composite Balusters,TREX,,,U S Lumber (3073),"Trex Company, Inc.",Select,,543302126,,Building Materials>Lumber & Composites>Decking & Railing,"Trex Company, Inc. Select, Decking Component, 543302126",DECKING,Select 543302126 Decking Component,Select Decking Component,Decking Component,,,,,,,,,,,,,,,,,,,,,,,,,,,Decking Component,,,,,,,,,,,,,,,,,,,,,,,,,,,,,,,,,,,,,,,,,,,,,,,,,,,,,,,,,,,,,,,,,,,,,,,,,,,,,,,,,,,,,,,,,,,,,,,,,,,,,,,,,,,,,,,,,,,,,,,,,,,,,,,,,,,,,,,,,,,,,,,,,,,,,,,,,,,,,,,,,,,,,,,,,,,,,,,,,,,,,,,,,,,,,,,,,,,,,
no source found,,,,,,,Lumber,Decking,Composite Decking,,543302146,8' Wh Select T-Rail Kit Horiz - w/Sq Composite Balusters,TREX,,,U S Lumber (3073),"Trex Company, Inc.",Select,,543302146,,Building Materials>Lumber & Composites>Decking & Railing,"Trex Company, Inc. Select, Decking Component, 543302146",DECKING,Select 543302146 Decking Component,Select Decking Component,Decking Component,,,,,,,,,,,,,,,,,,,,,,,,,,,Decking Component,,,,,,,,,,,,,,,,,,,,,,,,,,,,,,,,,,,,,,,,,,,,,,,,,,,,,,,,,,,,,,,,,,,,,,,,,,,,,,,,,,,,,,,,,,,,,,,,,,,,,,,,,,,,,,,,,,,,,,,,,,,,,,,,,,,,,,,,,,,,,,,,,,,,,,,,,,,,,,,,,,,,,,,,,,,,,,,,,,,,,,,,,,,,,,,,,,,,,
no source found,,,,,,,Lumber,Decking,Composite Decking,,73019603,Finyline Wh 6' Fl Rail Kit Sq,,,,,,,,73019603,,Building Materials>Lumber & Composites>Decking & Railing,", Decking Component, 73019603",DECKING,73019603 Decking Component,Decking Component,Decking Component,,,,,,,,,,,,,,,,,,,,,,,,,,,Decking Component,,,,,,,,,,,,,,,,,,,,,,,,,,,,,,,,,,,,,,,,,,,,,,,,,,,,,,,,,,,,,,,,,,,,,,,,,,,,,,,,,,,,,,,,,,,,,,,,,,,,,,,,,,,,,,,,,,,,,,,,,,,,,,,,,,,,,,,,,,,,,,,,,,,,,,,,,,,,,,,,,,,,,,,,,,,,,,,,,,,,,,,,,,,,FLAG: NEEDS_MANUAL_REVIEW (Low Confidence / Unmapped Taxonomy),,,,,,,,,
no source found,,,,,,,Lumber,Decking,Composite Decking,,73019652,Finyline Wh 8' Fl Rail Kit Sq,,,,,,,,73019652,,Building Materials>Lumber & Composites>Decking & Railing,", Decking Component, 73019652",DECKING,73019652 Decking Component,Decking Component,Decking Component,,,,,,,,,,,,,,,,,,,,,,,,,,,Decking Component,,,,,,,,,,,,,,,,,,,,,,,,,,,,,,,,,,,,,,,,,,,,,,,,,,,,,,,,,,,,,,,,,,,,,,,,,,,,,,,,,,,,,,,,,,,,,,,,,,,,,,,,,,,,,,,,,,,,,,,,,,,,,,,,,,,,,,,,,,,,,,,,,,,,,,,,,,,,,,,,,,,,,,,,,,,,,,,,,,,,,,,,,,,,FLAG: NEEDS_MANUAL_REVIEW (Low Confidence / Unmapped Taxonomy),,,,,,,,,
no source found,,,,,,,Lumber,Decking,Composite Decking,,73019517,Finyline Wh 10' Fl Rail Kit Sq,,,,,,,,73019517,,Building Materials>Lumber & Composites>Decking & Railing,", Decking Component, 73019517",DECKING,73019517 Decking Component,Decking Component,Decking Component,,,,,,,,,,,,,,,,,,,,,,,,,,,Decking Component,,,,,,,,,,,,,,,,,,,,,,,,,,,,,,,,,,,,,,,,,,,,,,,,,,,,,,,,,,,,,,,,,,,,,,,,,,,,,,,,,,,,,,,,,,,,,,,,,,,,,,,,,,,,,,,,,,,,,,,,,,,,,,,,,,,,,,,,,,,,,,,,,,,,,,,,,,,,,,,,,,,,,,,,,,,,,,,,,,,,,,,,,,,,FLAG: NEEDS_MANUAL_REVIEW (Low Confidence / Unmapped Taxonomy),,,,,,,,,
no source found,,,,,,,Lumber,Decking,Composite Decking,,73019602,Finyline Wh 6' Fl Rail Kit Rd - w/Black Alum Balusters,,,,,,,,73019602,,Building Materials>Lumber & Composites>Decking & Railing,", Decking Component, 73019602",DECKING,73019602 Decking Component,Decking Component,Decking Component,,,,,,,,,,,,,,,,,,,,,,,,,,,Decking Component,,,,,,,,,,,,,,,,,,,,,,,,,,,,,,,,,,,,,,,,,,,,,,,,,,,,,,,,,,,,,,,,,,,,,,,,,,,,,,,,,,,,,,,,,,,,,,,,,,,,,,,,,,,,,,,,,,,,,,,,,,,,,,,,,,,,,,,,,,,,,,,,,,,,,,,,,,,,,,,,,,,,,,,,,,,,,,,,,,,,,,,,,,,,FLAG: NEEDS_MANUAL_REVIEW (Low Confidence / Unmapped Taxonomy),,,,,,,,,
no source found,,,,,,,Lumber,Decking,Composite Decking,,73019651,Finyline Wh 8' Fl Rail Kit Rd - w/Black Alum Balusters,,,,,,,,73019651,,Building Materials>Lumber & Composites>Decking & Railing,", Decking Component, 73019651",DECKING,73019651 Decking Component,Decking Component,Decking Component,,,,,,,,,,,,,,,,,,,,,,,,,,,Decking Component,,,,,,,,,,,,,,,,,,,,,,,,,,,,,,,,,,,,,,,,,,,,,,,,,,,,,,,,,,,,,,,,,,,,,,,,,,,,,,,,,,,,,,,,,,,,,,,,,,,,,,,,,,,,,,,,,,,,,,,,,,,,,,,,,,,,,,,,,,,,,,,,,,,,,,,,,,,,,,,,,,,,,,,,,,,,,,,,,,,,,,,,,,,,FLAG: NEEDS_MANUAL_REVIEW (Low Confidence / Unmapped Taxonomy),,,,,,,,,
no source found,,,,,,,Lumber,Decking,Composite Decking,,73019516,Finyline Wh 10' Fl Rail Kit Rd - w/Black Alum Balusters,,,,,,,,73019516,,Building Materials>Lumber & Composites>Decking & Railing,", Decking Component, 73019516",DECKING,73019516 Decking Component,Decking Component,Decking Component,,,,,,,,,,,,,,,,,,,,,,,,,,,Decking Component,,,,,,,,,,,,,,,,,,,,,,,,,,,,,,,,,,,,,,,,,,,,,,,,,,,,,,,,,,,,,,,,,,,,,,,,,,,,,,,,,,,,,,,,,,,,,,,,,,,,,,,,,,,,,,,,,,,,,,,,,,,,,,,,,,,,,,,,,,,,,,,,,,,,,,,,,,,,,,,,,,,,,,,,,,,,,,,,,,,,,,,,,,,,FLAG: NEEDS_MANUAL_REVIEW (Low Confidence / Unmapped Taxonomy),,,,,,,,,
no source found,,,,,,,Lumber,Decking,Composite Decking,,543300256,6' Black Select Classic Horiz - Rail w/Rnd Black Alum Baluster,TREX,,,Boise Cascade Building Materials (BOICA),"Trex Company, Inc.",Select,,543300256,,Building Materials>Lumber & Composites>Decking & Railing,"Trex Company, Inc. Select, Decking Component, 543300256",DECKING,Select 543300256 Decking Component,Select Decking Component,Decking Component,,,,,,,,,,,,,,,,,,,,,,,,,,,Decking Component,,,,,,,,,,,,,,,,,,,,,,,,,,,,,,,,,,,,,,,,,,,,,,,,,,,,,,,,,,,,,,,,,,,,,,,,,,,,,,,,,,,,,,,,,,,,,,,,,,,,,,,,,,,,,,,,,,,,,,,,,,,,,,,,,,,,,,,,,,,,,,,,,,,,,,,,,,,,,,,,,,,,,,,,,,,,,,,,,,,,,,,,,,,,,,,,,,,,,
no source found,,,,,,,Lumber,Decking,Composite Decking,,543300276,8' Black Select Classic Horiz - Rail w/Rnd Black Alum Baluster,TREX,,,Boise Cascade Building Materials (BOICA),"Trex Company, Inc.",Select,,543300276,,Building Materials>Lumber & Composites>Decking & Railing,"Trex Company, Inc. Select, Decking Component, 543300276",DECKING,Select 543300276 Decking Component,Select Decking Component,Decking Component,,,,,,,,,,,,,,,,,,,,,,,,,,,Decking Component,,,,,,,,,,,,,,,,,,,,,,,,,,,,,,,,,,,,,,,,,,,,,,,,,,,,,,,,,,,,,,,,,,,,,,,,,,,,,,,,,,,,,,,,,,,,,,,,,,,,,,,,,,,,,,,,,,,,,,,,,,,,,,,,,,,,,,,,,,,,,,,,,,,,,,,,,,,,,,,,,,,,,,,,,,,,,,,,,,,,,,,,,,,,,,,,,,,,,
no source found,,,,,,,,,,,73045028,Custom Finyline Wh Gate Sq Bal,,,,,,,,73045028,,,", Product, 73045028",PRODUCT,73045028 Product,Product,Product,,,,,,,,,,,,,,,,,,,,,,,,,,,Product,,,,,,,,,,,,,,,,,,,,,,,,,,,,,,,,,,,,,,,,,,,,,,,,,,,,,,,,,,,,,,,,,,,,,,,,,,,,,,,,,,,,,,,,,,,,,,,,,,,,,,,,,,,,,,,,,,,,,,,,,,,,,,,,,,,,,,,,,,,,,,,,,,,,,,,,,,,,,,,,,,,,,,,,,,,,,,,,,,,,,,,,,,,,FLAG: NEEDS_MANUAL_REVIEW (Low Confidence / Unmapped Taxonomy),,,,,,,,,
no source found,,,,,,,Lumber,Decking,Composite Decking,,73045031,Custom Finyline Wh Gate Rd - w/Black Alum Balusters,,,,,,,,73045031,,Building Materials>Lumber & Composites>Decking & Railing,", Decking, 73045031",DECKING,73045031 Decking,Decking,Decking,,,,,,,,,,,,,,,,,,,,,,,,,,,Decking,,,,,,,,,,,,,,,,,,,,,,,,,,,,,,,,,,,,,,,,,,,,,,,,,,,,,,,,,,,,,,,,,,,,,,,,,,,,,,,,,,,,,,,,,,,,,,,,,,,,,,,,,,,,,,,,,,,,,,,,,,,,,,,,,,,,,,,,,,,,,,,,,,,,,,,,,,,,,,,,,,,,,,,,,,,,,,,,,,,,,,,,,,,,FLAG: NEEDS_MANUAL_REVIEW (Low Confidence / Unmapped Taxonomy),,,,,,,,,
no source found,,,,,,,Lumber,Decking,Composite Decking,,543340126,"6'x36"" Select Alm w/Sq Bal Hor - Assembled Black Rail Panel",TREX,,,Boise Cascade Building Materials (BOICA),"Trex Company, Inc.",Select,,543340126,,Building Materials>Lumber & Composites>Decking & Railing,"Trex Company, Inc. Select, LED Lamp, 543340126",LED LAMP,Select 543340126 LED Lamp,Select LED Lamp,LED Lamp,,,,,,,,,,,,,,,,,,,,,,,,,,,LED Lamp,,,,,,,,,,,,,,,,,,,,,,,,,,,,,,,,,,,,,,,,,,,,,,,,,,,,,,,,,,,,,,,,,,,,,,,,,,,,,,,,,,,,,,,,,,,,,,,,,,,,,,,,,,,,,,,,,,,,,,,,,,,,,,,,,,,,,,,,,,,,,,,,,,,,,,,,,,,,,,,,,,,,,,,,,,,,,,,,,,,,,,,,,,,,,,,,,,,,,
no source found,,,,,,,Lumber,Decking,Composite Decking,,543340127,"6'x36"" Select Alm w/Sq Bal Str - Assembled Black Rail Panel",TREX,,,Boise Cascade Building Materials (BOICA),"Trex Company, Inc.",Select,,543340127,,Building Materials>Lumber & Composites>Decking & Railing,"Trex Company, Inc. Select, LED Lamp, 543340127",LED LAMP,Select 543340127 LED Lamp,Select LED Lamp,LED Lamp,,,,,,,,,,,,,,,,,,,,,,,,,,,LED Lamp,,,,,,,,,,,,,,,,,,,,,,,,,,,,,,,,,,,,,,,,,,,,,,,,,,,,,,,,,,,,,,,,,,,,,,,,,,,,,,,,,,,,,,,,,,,,,,,,,,,,,,,,,,,,,,,,,,,,,,,,,,,,,,,,,,,,,,,,,,,,,,,,,,,,,,,,,,,,,,,,,,,,,,,,,,,,,,,,,,,,,,,,,,,,,,,,,,,,,
no source found,,,,,,,Lumber,Decking,Composite Decking,,543340146,"8'x36"" Select Alm w/Sq Bal Hor - Assembled Black Rail Panel",TREX,,,Boise Cascade Building Materials (BOICA),"Trex Company, Inc.",Select,,543340146,,Building Materials>Lumber & Composites>Decking & Railing,"Trex Company, Inc. Select, LED Lamp, 543340146",LED LAMP,Select 543340146 LED Lamp,Select LED Lamp,LED Lamp,,,,,,,,,,,,,,,,,,,,,,,,,,,LED Lamp,,,,,,,,,,,,,,,,,,,,,,,,,,,,,,,,,,,,,,,,,,,,,,,,,,,,,,,,,,,,,,,,,,,,,,,,,,,,,,,,,,,,,,,,,,,,,,,,,,,,,,,,,,,,,,,,,,,,,,,,,,,,,,,,,,,,,,,,,,,,,,,,,,,,,,,,,,,,,,,,,,,,,,,,,,,,,,,,,,,,,,,,,,,,,,,,,,,,,
no source found,,,,,,,Lumber,Decking,Composite Decking,,543340147,"8'x36"" Select Alm w/Sq Bal Str - Assembled Black Rail Panel",TREX,,,Boise Cascade Building Materials (BOICA),"Trex Company, Inc.",Select,,543340147,,Building Materials>Lumber & Composites>Decking & Railing,"Trex Company, Inc. Select, LED Lamp, 543340147",LED LAMP,Select 543340147 LED Lamp,Select LED Lamp,LED Lamp,,,,,,,,,,,,,,,,,,,,,,,,,,,LED Lamp,,,,,,,,,,,,,,,,,,,,,,,,,,,,,,,,,,,,,,,,,,,,,,,,,,,,,,,,,,,,,,,,,,,,,,,,,,,,,,,,,,,,,,,,,,,,,,,,,,,,,,,,,,,,,,,,,,,,,,,,,,,,,,,,,,,,,,,,,,,,,,,,,,,,,,,,,,,,,,,,,,,,,,,,,,,,,,,,,,,,,,,,,,,,,,,,,,,,,
no source found,,,,,,,Lumber,Decking,Composite Decking,,ADB15516CS,1x6-16' Coastline Sq Edge - Vintage Azek PVC Decking,TIMBERTECH,,,Parksite (6151),DuPont,Tyvek,,ADB15516CS,,Building Materials>Lumber & Composites>Decking & Railing,"DuPont Tyvek, Decking Board, ADB15516CS",DECKING,Tyvek ADB15516CS Decking Board,Tyvek Decking Board,Decking Board,,,,,,,,,,,,,,,,,,,,,,,,,,,Decking Board,,,,,,,,,,,,,,,,,,,,,,,,,,,,,,,,,,,,,,,,,,,,,,,,,,,,,,,,,,,,,,,,,,,,,,,,,,,,,,,,,,,,,,,,,,,,,,,,,,,,,,,,,,,,,,,,,,,,,,,,,,,,,,,,,,,,,,,,,,,,,,,,,,,,,,,,,,,,,,,,,,,,,,,,,,,,,,,,,,,,,,,,,,,,,,,,,,,,,
no source found,,,,,,,Lumber,Decking,Composite Decking,,ADB15520CS,1x6-20' Coastline Sq Edge - Vintage Azek PVC Decking,TIMBERTECH,,,Parksite (6151),DuPont,Tyvek,,ADB15520CS,,Building Materials>Lumber & Composites>Decking & Railing,"DuPont Tyvek, Decking Board, ADB15520CS",DECKING,Tyvek ADB15520CS Decking Board,Tyvek Decking Board,Decking Board,,,,,,,,,,,,,,,,,,,,,,,,,,,Decking Board,,,,,,,,,,,,,,,,,,,,,,,,,,,,,,,,,,,,,,,,,,,,,,,,,,,,,,,,,,,,,,,,,,,,,,,,,,,,,,,,,,,,,,,,,,,,,,,,,,,,,,,,,,,,,,,,,,,,,,,,,,,,,,,,,,,,,,,,,,,,,,,,,,,,,,,,,,,,,,,,,,,,,,,,,,,,,,,,,,,,,,,,,,,,,,,,,,,,,
no source found,,,,,,,Lumber,Decking,Composite Decking,,ADB15516EW,1x6-16' English Walnut Sq Edge - Vintage Azek PVC Decking,TIMBERTECH,,,Parksite (6151),DuPont,Tyvek,,ADB15516EW,,Building Materials>Lumber & Composites>Decking & Railing,"DuPont Tyvek, Decking Board, ADB15516EW",DECKING,Tyvek ADB15516EW Decking Board,Tyvek Decking Board,Decking Board,,,,,,,,,,,,,,,,,,,,,,,,,,,Decking Board,,,,,,,,,,,,,,,,,,,,,,,,,,,,,,,,,,,,,,,,,,,,,,,,,,,,,,,,,,,,,,,,,,,,,,,,,,,,,,,,,,,,,,,,,,,,,,,,,,,,,,,,,,,,,,,,,,,,,,,,,,,,,,,,,,,,,,,,,,,,,,,,,,,,,,,,,,,,,,,,,,,,,,,,,,,,,,,,,,,,,,,,,,,,,,,,,,,,,
no source found,,,,,,,Lumber,Decking,Composite Decking,,ADB15520EW,1x6-20' English Walnut Sq Edge - Vintage Azek PVC Decking,TIMBERTECH,,,Parksite (6151),DuPont,Tyvek,,ADB15520EW,,Building Materials>Lumber & Composites>Decking & Railing,"DuPont Tyvek, Decking Board, ADB15520EW",DECKING,Tyvek ADB15520EW Decking Board,Tyvek Decking Board,Decking Board,,,,,,,,,,,,,,,,,,,,,,,,,,,Decking Board,,,,,,,,,,,,,,,,,,,,,,,,,,,,,,,,,,,,,,,,,,,,,,,,,,,,,,,,,,,,,,,,,,,,,,,,,,,,,,,,,,,,,,,,,,,,,,,,,,,,,,,,,,,,,,,,,,,,,,,,,,,,,,,,,,,,,,,,,,,,,,,,,,,,,,,,,,,,,,,,,,,,,,,,,,,,,,,,,,,,,,,,,,,,,,,,,,,,,
no source found,,,,,,,Lumber,Decking,Composite Decking,,ADB15516MH,1x6-16' Mahogany Sq Edge - Vintage Azek PVC Decking,TIMBERTECH,,,Parksite (6151),DuPont,Tyvek,,ADB15516MH,,Building Materials>Lumber & Composites>Decking & Railing,"DuPont Tyvek, Decking Board, ADB15516MH",DECKING,Tyvek ADB15516MH Decking Board,Tyvek Decking Board,Decking Board,,,,,,,,,,,,,,,,,,,,,,,,,,,Decking Board,,,,,,,,,,,,,,,,,,,,,,,,,,,,,,,,,,,,,,,,,,,,,,,,,,,,,,,,,,,,,,,,,,,,,,,,,,,,,,,,,,,,,,,,,,,,,,,,,,,,,,,,,,,,,,,,,,,,,,,,,,,,,,,,,,,,,,,,,,,,,,,,,,,,,,,,,,,,,,,,,,,,,,,,,,,,,,,,,,,,,,,,,,,,,,,,,,,,,
no source found,,,,,,,Lumber,Decking,Composite Decking,,ADB15520MH,1x6-20' Mahogany Sq Edge - Vintage Azek PVC Decking,TIMBERTECH,,,Parksite (6151),DuPont,Tyvek,,ADB15520MH,,Building Materials>Lumber & Composites>Decking & Railing,"DuPont Tyvek, Decking Board, ADB15520MH",DECKING,Tyvek ADB15520MH Decking Board,Tyvek Decking Board,Decking Board,,,,,,,,,,,,,,,,,,,,,,,,,,,Decking Board,,,,,,,,,,,,,,,,,,,,,,,,,,,,,,,,,,,,,,,,,,,,,,,,,,,,,,,,,,,,,,,,,,,,,,,,,,,,,,,,,,,,,,,,,,,,,,,,,,,,,,,,,,,,,,,,,,,,,,,,,,,,,,,,,,,,,,,,,,,,,,,,,,,,,,,,,,,,,,,,,,,,,,,,,,,,,,,,,,,,,,,,,,,,,,,,,,,,,
no source found,,,,,,,Lumber,Decking,Composite Decking,,ADB15516WT,1x6-16' Weathered Teak Sq Edge - Vintage Azek PVC Decking,TIMBERTECH,,,Parksite (6151),DuPont,Tyvek,,ADB15516WT,,Building Materials>Lumber & Composites>Decking & Railing,"DuPont Tyvek, Decking Board, ADB15516WT",DECKING,Tyvek ADB15516WT Decking Board,Tyvek Decking Board,Decking Board,,,,,,,,,,,,,,,,,,,,,,,,,,,Decking Board,,,,,,,,,,,,,,,,,,,,,,,,,,,,,,,,,,,,,,,,,,,,,,,,,,,,,,,,,,,,,,,,,,,,,,,,,,,,,,,,,,,,,,,,,,,,,,,,,,,,,,,,,,,,,,,,,,,,,,,,,,,,,,,,,,,,,,,,,,,,,,,,,,,,,,,,,,,,,,,,,,,,,,,,,,,,,,,,,,,,,,,,,,,,,,,,,,,,,
no source found,,,,,,,Lumber,Decking,Composite Decking,,ADB15520WT,1x6-20' Weathered Teak Sq Edge - Vintage Azek PVC Decking,TIMBERTECH,,,Parksite (6151),DuPont,Tyvek,,ADB15520WT,,Building Materials>Lumber & Composites>Decking & Railing,"DuPont Tyvek, Decking Board, ADB15520WT",DECKING,Tyvek ADB15520WT Decking Board,Tyvek Decking Board,Decking Board,,,,,,,,,,,,,,,,,,,,,,,,,,,Decking Board,,,,,,,,,,,,,,,,,,,,,,,,,,,,,,,,,,,,,,,,,,,,,,,,,,,,,,,,,,,,,,,,,,,,,,,,,,,,,,,,,,,,,,,,,,,,,,,,,,,,,,,,,,,,,,,,,,,,,,,,,,,,,,,,,,,,,,,,,,,,,,,,,,,,,,,,,,,,,,,,,,,,,,,,,,,,,,,,,,,,,,,,,,,,,,,,,,,,,
no source found,,,,,,,Lumber,Decking,Composite Decking,,AGB15512CS,1x6-12' Coastline Grooved - Vintage Azek PVC Decking,TIMBERTECH,,,Parksite (6151),DuPont,Tyvek,,AGB15512CS,,Building Materials>Lumber & Composites>Decking & Railing,"DuPont Tyvek, Decking Board, AGB15512CS",DECKING,Tyvek AGB15512CS Decking Board,Tyvek Decking Board,Decking Board,,,,,,,,,,,,,,,,,,,,,,,,,,,Decking Board,,,,,,,,,,,,,,,,,,,,,,,,,,,,,,,,,,,,,,,,,,,,,,,,,,,,,,,,,,,,,,,,,,,,,,,,,,,,,,,,,,,,,,,,,,,,,,,,,,,,,,,,,,,,,,,,,,,,,,,,,,,,,,,,,,,,,,,,,,,,,,,,,,,,,,,,,,,,,,,,,,,,,,,,,,,,,,,,,,,,,,,,,,,,,,,,,,,,,
no source found,,,,,,,Lumber,Decking,Composite Decking,,AGB15516CS,1x6-16' Coastline Grooved - Vintage Azek PVC Decking,TIMBERTECH,,,Parksite (6151),DuPont,Tyvek,,AGB15516CS,,Building Materials>Lumber & Composites>Decking & Railing,"DuPont Tyvek, Decking Board, AGB15516CS",DECKING,Tyvek AGB15516CS Decking Board,Tyvek Decking Board,Decking Board,,,,,,,,,,,,,,,,,,,,,,,,,,,Decking Board,,,,,,,,,,,,,,,,,,,,,,,,,,,,,,,,,,,,,,,,,,,,,,,,,,,,,,,,,,,,,,,,,,,,,,,,,,,,,,,,,,,,,,,,,,,,,,,,,,,,,,,,,,,,,,,,,,,,,,,,,,,,,,,,,,,,,,,,,,,,,,,,,,,,,,,,,,,,,,,,,,,,,,,,,,,,,,,,,,,,,,,,,,,,,,,,,,,,,
no source found,,,,,,,Lumber,Decking,Composite Decking,,AGB15520CS,1x6-20' Coastline Grooved - Vintage Azek PVC Decking,TIMBERTECH,,,Parksite (6151),DuPont,Tyvek,,AGB15520CS,,Building Materials>Lumber & Composites>Decking & Railing,"DuPont Tyvek, Decking Board, AGB15520CS",DECKING,Tyvek AGB15520CS Decking Board,Tyvek Decking Board,Decking Board,,,,,,,,,,,,,,,,,,,,,,,,,,,Decking Board,,,,,,,,,,,,,,,,,,,,,,,,,,,,,,,,,,,,,,,,,,,,,,,,,,,,,,,,,,,,,,,,,,,,,,,,,,,,,,,,,,,,,,,,,,,,,,,,,,,,,,,,,,,,,,,,,,,,,,,,,,,,,,,,,,,,,,,,,,,,,,,,,,,,,,,,,,,,,,,,,,,,,,,,,,,,,,,,,,,,,,,,,,,,,,,,,,,,,
no source found,,,,,,,Lumber,Decking,Composite Decking,,AGB15512EW,1x6-12' English Walnut Grooved - Vintage Azek PVC Decking,TIMBERTECH,,,Parksite (6151),DuPont,Tyvek,,AGB15512EW,,Building Materials>Lumber & Composites>Decking & Railing,"DuPont Tyvek, Decking Board, AGB15512EW",DECKING,Tyvek AGB15512EW Decking Board,Tyvek Decking Board,Decking Board,,,,,,,,,,,,,,,,,,,,,,,,,,,Decking Board,,,,,,,,,,,,,,,,,,,,,,,,,,,,,,,,,,,,,,,,,,,,,,,,,,,,,,,,,,,,,,,,,,,,,,,,,,,,,,,,,,,,,,,,,,,,,,,,,,,,,,,,,,,,,,,,,,,,,,,,,,,,,,,,,,,,,,,,,,,,,,,,,,,,,,,,,,,,,,,,,,,,,,,,,,,,,,,,,,,,,,,,,,,,,,,,,,,,,
no source found,,,,,,,Lumber,Decking,Composite Decking,,AGB15516EW,1x6-16' English Walnut Grooved - Vintage Azek PVC Decking,TIMBERTECH,,,Parksite (6151),DuPont,Tyvek,,AGB15516EW,,Building Materials>Lumber & Composites>Decking & Railing,"DuPont Tyvek, Decking Board, AGB15516EW",DECKING,Tyvek AGB15516EW Decking Board,Tyvek Decking Board,Decking Board,,,,,,,,,,,,,,,,,,,,,,,,,,,Decking Board,,,,,,,,,,,,,,,,,,,,,,,,,,,,,,,,,,,,,,,,,,,,,,,,,,,,,,,,,,,,,,,,,,,,,,,,,,,,,,,,,,,,,,,,,,,,,,,,,,,,,,,,,,,,,,,,,,,,,,,,,,,,,,,,,,,,,,,,,,,,,,,,,,,,,,,,,,,,,,,,,,,,,,,,,,,,,,,,,,,,,,,,,,,,,,,,,,,,,
no source found,,,,,,,Lumber,Decking,Composite Decking,,AGB15520EW,1x6-20' English Walnut Grooved - Vintage Azek PVC Decking,TIMBERTECH,,,Parksite (6151),DuPont,Tyvek,,AGB15520EW,,Building Materials>Lumber & Composites>Decking & Railing,"DuPont Tyvek, Decking Board, AGB15520EW",DECKING,Tyvek AGB15520EW Decking Board,Tyvek Decking Board,Decking Board,,,,,,,,,,,,,,,,,,,,,,,,,,,Decking Board,,,,,,,,,,,,,,,,,,,,,,,,,,,,,,,,,,,,,,,,,,,,,,,,,,,,,,,,,,,,,,,,,,,,,,,,,,,,,,,,,,,,,,,,,,,,,,,,,,,,,,,,,,,,,,,,,,,,,,,,,,,,,,,,,,,,,,,,,,,,,,,,,,,,,,,,,,,,,,,,,,,,,,,,,,,,,,,,,,,,,,,,,,,,,,,,,,,,,
no source found,,,,,,,Lumber,Decking,Composite Decking,,AGB15512MH,1x6-12' Mahogany Grooved - Vintage Azek PVC Decking,TIMBERTECH,,,Parksite (6151),DuPont,Tyvek,,AGB15512MH,,Building Materials>Lumber & Composites>Decking & Railing,"DuPont Tyvek, Decking Board, AGB15512MH",DECKING,Tyvek AGB15512MH Decking Board,Tyvek Decking Board,Decking Board,,,,,,,,,,,,,,,,,,,,,,,,,,,Decking Board,,,,,,,,,,,,,,,,,,,,,,,,,,,,,,,,,,,,,,,,,,,,,,,,,,,,,,,,,,,,,,,,,,,,,,,,,,,,,,,,,,,,,,,,,,,,,,,,,,,,,,,,,,,,,,,,,,,,,,,,,,,,,,,,,,,,,,,,,,,,,,,,,,,,,,,,,,,,,,,,,,,,,,,,,,,,,,,,,,,,,,,,,,,,,,,,,,,,,
no source found,,,,,,,Lumber,Decking,Composite Decking,,AGB15516MH,1x6-16' Mahogany Grooved - Vintage Azek PVC Decking,TIMBERTECH,,,Parksite (6151),DuPont,Tyvek,,AGB15516MH,,Building Materials>Lumber & Composites>Decking & Railing,"DuPont Tyvek, Decking Board, AGB15516MH",DECKING,Tyvek AGB15516MH Decking Board,Tyvek Decking Board,Decking Board,,,,,,,,,,,,,,,,,,,,,,,,,,,Decking Board,,,,,,,,,,,,,,,,,,,,,,,,,,,,,,,,,,,,,,,,,,,,,,,,,,,,,,,,,,,,,,,,,,,,,,,,,,,,,,,,,,,,,,,,,,,,,,,,,,,,,,,,,,,,,,,,,,,,,,,,,,,,,,,,,,,,,,,,,,,,,,,,,,,,,,,,,,,,,,,,,,,,,,,,,,,,,,,,,,,,,,,,,,,,,,,,,,,,,
no source found,,,,,,,Lumber,Decking,Composite Decking,,AGB15520MH,1x6-20' Mahogany Grooved - Vintage Azek PVC Decking,TIMBERTECH,,,Parksite (6151),DuPont,Tyvek,,AGB15520MH,,Building Materials>Lumber & Composites>Decking & Railing,"DuPont Tyvek, Decking Board, AGB15520MH",DECKING,Tyvek AGB15520MH Decking Board,Tyvek Decking Board,Decking Board,,,,,,,,,,,,,,,,,,,,,,,,,,,Decking Board,,,,,,,,,,,,,,,,,,,,,,,,,,,,,,,,,,,,,,,,,,,,,,,,,,,,,,,,,,,,,,,,,,,,,,,,,,,,,,,,,,,,,,,,,,,,,,,,,,,,,,,,,,,,,,,,,,,,,,,,,,,,,,,,,,,,,,,,,,,,,,,,,,,,,,,,,,,,,,,,,,,,,,,,,,,,,,,,,,,,,,,,,,,,,,,,,,,,,
no source found,,,,,,,Lumber,Decking,Composite Decking,,AGB15512WT,1x6-12' Weathered Teak Grooved - Vintage Azek PVC Decking,TIMBERTECH,,,Parksite (6151),DuPont,Tyvek,,AGB15512WT,,Building Materials>Lumber & Composites>Decking & Railing,"DuPont Tyvek, Decking Board, AGB15512WT",DECKING,Tyvek AGB15512WT Decking Board,Tyvek Decking Board,Decking Board,,,,,,,,,,,,,,,,,,,,,,,,,,,Decking Board,,,,,,,,,,,,,,,,,,,,,,,,,,,,,,,,,,,,,,,,,,,,,,,,,,,,,,,,,,,,,,,,,,,,,,,,,,,,,,,,,,,,,,,,,,,,,,,,,,,,,,,,,,,,,,,,,,,,,,,,,,,,,,,,,,,,,,,,,,,,,,,,,,,,,,,,,,,,,,,,,,,,,,,,,,,,,,,,,,,,,,,,,,,,,,,,,,,,,
no source found,,,,,,,Lumber,Decking,Composite Decking,,AGB15516WT,1x6-16' Weathered Teak Grooved - Vintage Azek PVC Decking,TIMBERTECH,,,Parksite (6151),DuPont,Tyvek,,AGB15516WT,,Building Materials>Lumber & Composites>Decking & Railing,"DuPont Tyvek, Decking Board, AGB15516WT",DECKING,Tyvek AGB15516WT Decking Board,Tyvek Decking Board,Decking Board,,,,,,,,,,,,,,,,,,,,,,,,,,,Decking Board,,,,,,,,,,,,,,,,,,,,,,,,,,,,,,,,,,,,,,,,,,,,,,,,,,,,,,,,,,,,,,,,,,,,,,,,,,,,,,,,,,,,,,,,,,,,,,,,,,,,,,,,,,,,,,,,,,,,,,,,,,,,,,,,,,,,,,,,,,,,,,,,,,,,,,,,,,,,,,,,,,,,,,,,,,,,,,,,,,,,,,,,,,,,,,,,,,,,,
no source found,,,,,,,Lumber,Decking,Composite Decking,,AGB15520WT,1x6-20' Weathered Teak Grooved - Vintage Azek PVC Decking,TIMBERTECH,,,Parksite (6151),DuPont,Tyvek,,AGB15520WT,,Building Materials>Lumber & Composites>Decking & Railing,"DuPont Tyvek, Decking Board, AGB15520WT",DECKING,Tyvek AGB15520WT Decking Board,Tyvek Decking Board,Decking Board,,,,,,,,,,,,,,,,,,,,,,,,,,,Decking Board,,,,,,,,,,,,,,,,,,,,,,,,,,,,,,,,,,,,,,,,,,,,,,,,,,,,,,,,,,,,,,,,,,,,,,,,,,,,,,,,,,,,,,,,,,,,,,,,,,,,,,,,,,,,,,,,,,,,,,,,,,,,,,,,,,,,,,,,,,,,,,,,,,,,,,,,,,,,,,,,,,,,,,,,,,,,,,,,,,,,,,,,,,,,,,,,,,,,,
no source found,,,,,,,Lumber,Decking,Composite Decking,,ADB15516AW,1x6-16' American Walnut Sq Edg - Landmark Azek PVC Decking,TIMBERTECH,,,Parksite (6151),DuPont,Tyvek,,ADB15516AW,,Building Materials>Lumber & Composites>Decking & Railing,"DuPont Tyvek, Decking Board, ADB15516AW",DECKING,Tyvek ADB15516AW Decking Board,Tyvek Decking Board,Decking Board,,,,,,,,,,,,,,,,,,,,,,,,,,,Decking Board,,,,,,,,,,,,,,,,,,,,,,,,,,,,,,,,,,,,,,,,,,,,,,,,,,,,,,,,,,,,,,,,,,,,,,,,,,,,,,,,,,,,,,,,,,,,,,,,,,,,,,,,,,,,,,,,,,,,,,,,,,,,,,,,,,,,,,,,,,,,,,,,,,,,,,,,,,,,,,,,,,,,,,,,,,,,,,,,,,,,,,,,,,,,,,,,,,,,,
no source found,,,,,,,Lumber,Decking,Composite Decking,,ADB15520AW,1x6-20' American Walnut Sq Edg - Landmark Azek PVC Decking,TIMBERTECH,,,Parksite (6151),DuPont,Tyvek,,ADB15520AW,,Building Materials>Lumber & Composites>Decking & Railing,"DuPont Tyvek, Decking Board, ADB15520AW",DECKING,Tyvek ADB15520AW Decking Board,Tyvek Decking Board,Decking Board,,,,,,,,,,,,,,,,,,,,,,,,,,,Decking Board,,,,,,,,,,,,,,,,,,,,,,,,,,,,,,,,,,,,,,,,,,,,,,,,,,,,,,,,,,,,,,,,,,,,,,,,,,,,,,,,,,,,,,,,,,,,,,,,,,,,,,,,,,,,,,,,,,,,,,,,,,,,,,,,,,,,,,,,,,,,,,,,,,,,,,,,,,,,,,,,,,,,,,,,,,,,,,,,,,,,,,,,,,,,,,,,,,,,,
no source found,,,,,,,Lumber,Decking,Composite Decking,,ADB15516CG,1x6-16' Castle Gate Sq Edge - Landmark Azek PVC Decking,TIMBERTECH,,,Parksite (6151),DuPont,Tyvek,,ADB15516CG,,Building Materials>Lumber & Composites>Decking & Railing,"DuPont Tyvek, Decking Board, ADB15516CG",DECKING,Tyvek ADB15516CG Decking Board,Tyvek Decking Board,Decking Board,,,,,,,,,,,,,,,,,,,,,,,,,,,Decking Board,,,,,,,,,,,,,,,,,,,,,,,,,,,,,,,,,,,,,,,,,,,,,,,,,,,,,,,,,,,,,,,,,,,,,,,,,,,,,,,,,,,,,,,,,,,,,,,,,,,,,,,,,,,,,,,,,,,,,,,,,,,,,,,,,,,,,,,,,,,,,,,,,,,,,,,,,,,,,,,,,,,,,,,,,,,,,,,,,,,,,,,,,,,,,,,,,,,,,
no source found,,,,,,,Lumber,Decking,Composite Decking,,ADB15520CG,1x6-20' Castle Gate Sq Edge - Landmark Azek PVC Decking,TIMBERTECH,,,Parksite (6151),DuPont,Tyvek,,ADB15520CG,,Building Materials>Lumber & Composites>Decking & Railing,"DuPont Tyvek, Decking Board, ADB15520CG",DECKING,Tyvek ADB15520CG Decking Board,Tyvek Decking Board,Decking Board,,,,,,,,,,,,,,,,,,,,,,,,,,,Decking Board,,,,,,,,,,,,,,,,,,,,,,,,,,,,,,,,,,,,,,,,,,,,,,,,,,,,,,,,,,,,,,,,,,,,,,,,,,,,,,,,,,,,,,,,,,,,,,,,,,,,,,,,,,,,,,,,,,,,,,,,,,,,,,,,,,,,,,,,,,,,,,,,,,,,,,,,,,,,,,,,,,,,,,,,,,,,,,,,,,,,,,,,,,,,,,,,,,,,,
no source found,,,,,,,Lumber,Decking,Composite Decking,,ADB15516FW,1x6-16' French White Oak Sq Ed - Landmark Azek PVC Decking,TIMBERTECH,,,Parksite (6151),DuPont,Tyvek,,ADB15516FW,,Building Materials>Lumber & Composites>Decking & Railing,"DuPont Tyvek, Decking Board, ADB15516FW",DECKING,Tyvek ADB15516FW Decking Board,Tyvek Decking Board,Decking Board,,,,,,,,,,,,,,,,,,,,,,,,,,,Decking Board,,,,,,,,,,,,,,,,,,,,,,,,,,,,,,,,,,,,,,,,,,,,,,,,,,,,,,,,,,,,,,,,,,,,,,,,,,,,,,,,,,,,,,,,,,,,,,,,,,,,,,,,,,,,,,,,,,,,,,,,,,,,,,,,,,,,,,,,,,,,,,,,,,,,,,,,,,,,,,,,,,,,,,,,,,,,,,,,,,,,,,,,,,,,,,,,,,,,,
no source found,,,,,,,Lumber,Decking,Composite Decking,,ADB15520FW,1x6-20' French White Oak Sq Ed - Landmark Azek PVC Decking,TIMBERTECH,,,Parksite (6151),DuPont,Tyvek,,ADB15520FW,,Building Materials>Lumber & Composites>Decking & Railing,"DuPont Tyvek, Decking Board, ADB15520FW",DECKING,Tyvek ADB15520FW Decking Board,Tyvek Decking Board,Decking Board,,,,,,,,,,,,,,,,,,,,,,,,,,,Decking Board,,,,,,,,,,,,,,,,,,,,,,,,,,,,,,,,,,,,,,,,,,,,,,,,,,,,,,,,,,,,,,,,,,,,,,,,,,,,,,,,,,,,,,,,,,,,,,,,,,,,,,,,,,,,,,,,,,,,,,,,,,,,,,,,,,,,,,,,,,,,,,,,,,,,,,,,,,,,,,,,,,,,,,,,,,,,,,,,,,,,,,,,,,,,,,,,,,,,,
no source found,,,,,,,Lumber,Decking,Composite Decking,,AGB15512AW,1x6-12' American Walnut Groove - Landmark Azek PVC Decking,TIMBERTECH,,,Parksite (6151),DuPont,Tyvek,,AGB15512AW,,Building Materials>Lumber & Composites>Decking & Railing,"DuPont Tyvek, Decking Board, AGB15512AW",DECKING,Tyvek AGB15512AW Decking Board,Tyvek Decking Board,Decking Board,,,,,,,,,,,,,,,,,,,,,,,,,,,Decking Board,,,,,,,,,,,,,,,,,,,,,,,,,,,,,,,,,,,,,,,,,,,,,,,,,,,,,,,,,,,,,,,,,,,,,,,,,,,,,,,,,,,,,,,,,,,,,,,,,,,,,,,,,,,,,,,,,,,,,,,,,,,,,,,,,,,,,,,,,,,,,,,,,,,,,,,,,,,,,,,,,,,,,,,,,,,,,,,,,,,,,,,,,,,,,,,,,,,,,
no source found,,,,,,,Lumber,Decking,Composite Decking,,AGB15516AW,1x6-16' American Walnut Groove - Landmark Azek PVC Decking,TIMBERTECH,,,Parksite (6151),DuPont,Tyvek,,AGB15516AW,,Building Materials>Lumber & Composites>Decking & Railing,"DuPont Tyvek, Decking Board, AGB15516AW",DECKING,Tyvek AGB15516AW Decking Board,Tyvek Decking Board,Decking Board,,,,,,,,,,,,,,,,,,,,,,,,,,,Decking Board,,,,,,,,,,,,,,,,,,,,,,,,,,,,,,,,,,,,,,,,,,,,,,,,,,,,,,,,,,,,,,,,,,,,,,,,,,,,,,,,,,,,,,,,,,,,,,,,,,,,,,,,,,,,,,,,,,,,,,,,,,,,,,,,,,,,,,,,,,,,,,,,,,,,,,,,,,,,,,,,,,,,,,,,,,,,,,,,,,,,,,,,,,,,,,,,,,,,,
no source found,,,,,,,Lumber,Decking,Composite Decking,,AGB15520AW,1x6-20' American Walnut Groove - Landmark Azek PVC Decking,TIMBERTECH,,,Parksite (6151),DuPont,Tyvek,,AGB15520AW,,Building Materials>Lumber & Composites>Decking & Railing,"DuPont Tyvek, Decking Board, AGB15520AW",DECKING,Tyvek AGB15520AW Decking Board,Tyvek Decking Board,Decking Board,,,,,,,,,,,,,,,,,,,,,,,,,,,Decking Board,,,,,,,,,,,,,,,,,,,,,,,,,,,,,,,,,,,,,,,,,,,,,,,,,,,,,,,,,,,,,,,,,,,,,,,,,,,,,,,,,,,,,,,,,,,,,,,,,,,,,,,,,,,,,,,,,,,,,,,,,,,,,,,,,,,,,,,,,,,,,,,,,,,,,,,,,,,,,,,,,,,,,,,,,,,,,,,,,,,,,,,,,,,,,,,,,,,,,
no source found,,,,,,,Lumber,Decking,Composite Decking,,AGB15512CG,1x6-12' Castle Gate Grooved - Landmark Azek PVC Decking,TIMBERTECH,,,Parksite (6151),DuPont,Tyvek,,AGB15512CG,,Building Materials>Lumber & Composites>Decking & Railing,"DuPont Tyvek, Decking Board, AGB15512CG",DECKING,Tyvek AGB15512CG Decking Board,Tyvek Decking Board,Decking Board,,,,,,,,,,,,,,,,,,,,,,,,,,,Decking Board,,,,,,,,,,,,,,,,,,,,,,,,,,,,,,,,,,,,,,,,,,,,,,,,,,,,,,,,,,,,,,,,,,,,,,,,,,,,,,,,,,,,,,,,,,,,,,,,,,,,,,,,,,,,,,,,,,,,,,,,,,,,,,,,,,,,,,,,,,,,,,,,,,,,,,,,,,,,,,,,,,,,,,,,,,,,,,,,,,,,,,,,,,,,,,,,,,,,,
no source found,,,,,,,Lumber,Decking,Composite Decking,,AGB15516CG,1x6-16' Castle Gate Grooved - Landmark Azek PVC Decking,TIMBERTECH,,,Parksite (6151),DuPont,Tyvek,,AGB15516CG,,Building Materials>Lumber & Composites>Decking & Railing,"DuPont Tyvek, Decking Board, AGB15516CG",DECKING,Tyvek AGB15516CG Decking Board,Tyvek Decking Board,Decking Board,,,,,,,,,,,,,,,,,,,,,,,,,,,Decking Board,,,,,,,,,,,,,,,,,,,,,,,,,,,,,,,,,,,,,,,,,,,,,,,,,,,,,,,,,,,,,,,,,,,,,,,,,,,,,,,,,,,,,,,,,,,,,,,,,,,,,,,,,,,,,,,,,,,,,,,,,,,,,,,,,,,,,,,,,,,,,,,,,,,,,,,,,,,,,,,,,,,,,,,,,,,,,,,,,,,,,,,,,,,,,,,,,,,,,
no source found,,,,,,,Lumber,Decking,Composite Decking,,AGB15520CG,1x6-20' Castle Gate Grooved - Landmark Azek PVC Decking,TIMBERTECH,,,Parksite (6151),DuPont,Tyvek,,AGB15520CG,,Building Materials>Lumber & Composites>Decking & Railing,"DuPont Tyvek, Decking Board, AGB15520CG",DECKING,Tyvek AGB15520CG Decking Board,Tyvek Decking Board,Decking Board,,,,,,,,,,,,,,,,,,,,,,,,,,,Decking Board,,,,,,,,,,,,,,,,,,,,,,,,,,,,,,,,,,,,,,,,,,,,,,,,,,,,,,,,,,,,,,,,,,,,,,,,,,,,,,,,,,,,,,,,,,,,,,,,,,,,,,,,,,,,,,,,,,,,,,,,,,,,,,,,,,,,,,,,,,,,,,,,,,,,,,,,,,,,,,,,,,,,,,,,,,,,,,,,,,,,,,,,,,,,,,,,,,,,,
no source found,,,,,,,Lumber,Decking,Composite Decking,,AGB15512FW,1x6-12' French White Oak Groov - Landmark Azek PVC Decking,TIMBERTECH,,,Parksite (6151),DuPont,Tyvek,,AGB15512FW,,Building Materials>Lumber & Composites>Decking & Railing,"DuPont Tyvek, Decking Board, AGB15512FW",DECKING,Tyvek AGB15512FW Decking Board,Tyvek Decking Board,Decking Board,,,,,,,,,,,,,,,,,,,,,,,,,,,Decking Board,,,,,,,,,,,,,,,,,,,,,,,,,,,,,,,,,,,,,,,,,,,,,,,,,,,,,,,,,,,,,,,,,,,,,,,,,,,,,,,,,,,,,,,,,,,,,,,,,,,,,,,,,,,,,,,,,,,,,,,,,,,,,,,,,,,,,,,,,,,,,,,,,,,,,,,,,,,,,,,,,,,,,,,,,,,,,,,,,,,,,,,,,,,,,,,,,,,,,
no source found,,,,,,,Lumber,Decking,Composite Decking,,AGB15516FW,1x6-16' French White Oak Groov - Landmark Azek PVC Decking,TIMBERTECH,,,Parksite (6151),DuPont,Tyvek,,AGB15516FW,,Building Materials>Lumber & Composites>Decking & Railing,"DuPont Tyvek, Decking Board, AGB15516FW",DECKING,Tyvek AGB15516FW Decking Board,Tyvek Decking Board,Decking Board,,,,,,,,,,,,,,,,,,,,,,,,,,,Decking Board,,,,,,,,,,,,,,,,,,,,,,,,,,,,,,,,,,,,,,,,,,,,,,,,,,,,,,,,,,,,,,,,,,,,,,,,,,,,,,,,,,,,,,,,,,,,,,,,,,,,,,,,,,,,,,,,,,,,,,,,,,,,,,,,,,,,,,,,,,,,,,,,,,,,,,,,,,,,,,,,,,,,,,,,,,,,,,,,,,,,,,,,,,,,,,,,,,,,,
no source found,,,,,,,Lumber,Decking,Composite Decking,,AGB15520FW,1x6-20' French White Oak Groov - Landmark Azek PVC Decking,TIMBERTECH,,,Parksite (6151),DuPont,Tyvek,,AGB15520FW,,Building Materials>Lumber & Composites>Decking & Railing,"DuPont Tyvek, Decking Board, AGB15520FW",DECKING,Tyvek AGB15520FW Decking Board,Tyvek Decking Board,Decking Board,,,,,,,,,,,,,,,,,,,,,,,,,,,Decking Board,,,,,,,,,,,,,,,,,,,,,,,,,,,,,,,,,,,,,,,,,,,,,,,,,,,,,,,,,,,,,,,,,,,,,,,,,,,,,,,,,,,,,,,,,,,,,,,,,,,,,,,,,,,,,,,,,,,,,,,,,,,,,,,,,,,,,,,,,,,,,,,,,,,,,,,,,,,,,,,,,,,,,,,,,,,,,,,,,,,,,,,,,,,,,,,,,,,,,
no source found,,,,,,,Lumber,Decking,Composite Decking,,ADCB15516BS,1x6-16' Brownstone Sq Edge - Harvest Azek PVC Decking,TIMBERTECH,,,Parksite (6151),DuPont,Tyvek,,ADCB15516BS,,Building Materials>Lumber & Composites>Decking & Railing,"DuPont Tyvek, Decking Board, ADCB15516BS",DECKING,Tyvek ADCB15516BS Decking Board,Tyvek Decking Board,Decking Board,,,,,,,,,,,,,,,,,,,,,,,,,,,Decking Board,,,,,,,,,,,,,,,,,,,,,,,,,,,,,,,,,,,,,,,,,,,,,,,,,,,,,,,,,,,,,,,,,,,,,,,,,,,,,,,,,,,,,,,,,,,,,,,,,,,,,,,,,,,,,,,,,,,,,,,,,,,,,,,,,,,,,,,,,,,,,,,,,,,,,,,,,,,,,,,,,,,,,,,,,,,,,,,,,,,,,,,,,,,,,,,,,,,,,
no source found,,,,,,,Lumber,Decking,Composite Decking,,ADCB15520BS,1x6-20' Brownstone Sq Edge - Harvest Azek PVC Decking,TIMBERTECH,,,Parksite (6151),DuPont,Tyvek,,ADCB15520BS,,Building Materials>Lumber & Composites>Decking & Railing,"DuPont Tyvek, Decking Board, ADCB15520BS",DECKING,Tyvek ADCB15520BS Decking Board,Tyvek Decking Board,Decking Board,,,,,,,,,,,,,,,,,,,,,,,,,,,Decking Board,,,,,,,,,,,,,,,,,,,,,,,,,,,,,,,,,,,,,,,,,,,,,,,,,,,,,,,,,,,,,,,,,,,,,,,,,,,,,,,,,,,,,,,,,,,,,,,,,,,,,,,,,,,,,,,,,,,,,,,,,,,,,,,,,,,,,,,,,,,,,,,,,,,,,,,,,,,,,,,,,,,,,,,,,,,,,,,,,,,,,,,,,,,,,,,,,,,,,
no source found,,,,,,,Lumber,Decking,Composite Decking,,ADCB15516SG,1x6-16' Slate Gray Sq Edge - Harvest Azek PVC Decking,TIMBERTECH,,,Parksite (6151),DuPont,Tyvek,,ADCB15516SG,,Building Materials>Lumber & Composites>Decking & Railing,"DuPont Tyvek, Decking Board, ADCB15516SG",DECKING,Tyvek ADCB15516SG Decking Board,Tyvek Decking Board,Decking Board,,,,,,,,,,,,,,,,,,,,,,,,,,,Decking Board,,,,,,,,,,,,,,,,,,,,,,,,,,,,,,,,,,,,,,,,,,,,,,,,,,,,,,,,,,,,,,,,,,,,,,,,,,,,,,,,,,,,,,,,,,,,,,,,,,,,,,,,,,,,,,,,,,,,,,,,,,,,,,,,,,,,,,,,,,,,,,,,,,,,,,,,,,,,,,,,,,,,,,,,,,,,,,,,,,,,,,,,,,,,,,,,,,,,,
no source found,,,,,,,Lumber,Decking,Composite Decking,,ADCB15520SG,1x6-20' Slate Gray Sq Edge - Harvest Azek PVC Decking,TIMBERTECH,,,Parksite (6151),DuPont,Tyvek,,ADCB15520SG,,Building Materials>Lumber & Composites>Decking & Railing,"DuPont Tyvek, Decking Board, ADCB15520SG",DECKING,Tyvek ADCB15520SG Decking Board,Tyvek Decking Board,Decking Board,,,,,,,,,,,,,,,,,,,,,,,,,,,Decking Board,,,,,,,,,,,,,,,,,,,,,,,,,,,,,,,,,,,,,,,,,,,,,,,,,,,,,,,,,,,,,,,,,,,,,,,,,,,,,,,,,,,,,,,,,,,,,,,,,,,,,,,,,,,,,,,,,,,,,,,,,,,,,,,,,,,,,,,,,,,,,,,,,,,,,,,,,,,,,,,,,,,,,,,,,,,,,,,,,,,,,,,,,,,,,,,,,,,,,
no source found,,,,,,,Lumber,Decking,Composite Decking,,AGB15512BS,1x6-12' Brownstone Grooved - Harvest Azek PVC Decking,TIMBERTECH,,,Parksite (6151),DuPont,Tyvek,,AGB15512BS,,Building Materials>Lumber & Composites>Decking & Railing,"DuPont Tyvek, Decking Board, AGB15512BS",DECKING,Tyvek AGB15512BS Decking Board,Tyvek Decking Board,Decking Board,,,,,,,,,,,,,,,,,,,,,,,,,,,Decking Board,,,,,,,,,,,,,,,,,,,,,,,,,,,,,,,,,,,,,,,,,,,,,,,,,,,,,,,,,,,,,,,,,,,,,,,,,,,,,,,,,,,,,,,,,,,,,,,,,,,,,,,,,,,,,,,,,,,,,,,,,,,,,,,,,,,,,,,,,,,,,,,,,,,,,,,,,,,,,,,,,,,,,,,,,,,,,,,,,,,,,,,,,,,,,,,,,,,,,
no source found,,,,,,,Lumber,Decking,Composite Decking,,AGB15516BS,1x6-16' Brownstone Grooved - Harvest Azek PVC Decking,TIMBERTECH,,,Parksite (6151),DuPont,Tyvek,,AGB15516BS,,Building Materials>Lumber & Composites>Decking & Railing,"DuPont Tyvek, Decking Board, AGB15516BS",DECKING,Tyvek AGB15516BS Decking Board,Tyvek Decking Board,Decking Board,,,,,,,,,,,,,,,,,,,,,,,,,,,Decking Board,,,,,,,,,,,,,,,,,,,,,,,,,,,,,,,,,,,,,,,,,,,,,,,,,,,,,,,,,,,,,,,,,,,,,,,,,,,,,,,,,,,,,,,,,,,,,,,,,,,,,,,,,,,,,,,,,,,,,,,,,,,,,,,,,,,,,,,,,,,,,,,,,,,,,,,,,,,,,,,,,,,,,,,,,,,,,,,,,,,,,,,,,,,,,,,,,,,,,
no source found,,,,,,,Lumber,Decking,Composite Decking,,AGB15520BS,1x6-20' Brownstone Grooved - Harvest Azek PVC Decking,TIMBERTECH,,,Parksite (6151),DuPont,Tyvek,,AGB15520BS,,Building Materials>Lumber & Composites>Decking & Railing,"DuPont Tyvek, Decking Board, AGB15520BS",DECKING,Tyvek AGB15520BS Decking Board,Tyvek Decking Board,Decking Board,,,,,,,,,,,,,,,,,,,,,,,,,,,Decking Board,,,,,,,,,,,,,,,,,,,,,,,,,,,,,,,,,,,,,,,,,,,,,,,,,,,,,,,,,,,,,,,,,,,,,,,,,,,,,,,,,,,,,,,,,,,,,,,,,,,,,,,,,,,,,,,,,,,,,,,,,,,,,,,,,,,,,,,,,,,,,,,,,,,,,,,,,,,,,,,,,,,,,,,,,,,,,,,,,,,,,,,,,,,,,,,,,,,,,
no source found,,,,,,,Lumber,Decking,Composite Decking,,AGB15512SG,1x6-12' Slate Gray Grooved - Harvest Azek PVC Decking,TIMBERTECH,,,Parksite (6151),DuPont,Tyvek,,AGB15512SG,,Building Materials>Lumber & Composites>Decking & Railing,"DuPont Tyvek, Decking Board, AGB15512SG",DECKING,Tyvek AGB15512SG Decking Board,Tyvek Decking Board,Decking Board,,,,,,,,,,,,,,,,,,,,,,,,,,,Decking Board,,,,,,,,,,,,,,,,,,,,,,,,,,,,,,,,,,,,,,,,,,,,,,,,,,,,,,,,,,,,,,,,,,,,,,,,,,,,,,,,,,,,,,,,,,,,,,,,,,,,,,,,,,,,,,,,,,,,,,,,,,,,,,,,,,,,,,,,,,,,,,,,,,,,,,,,,,,,,,,,,,,,,,,,,,,,,,,,,,,,,,,,,,,,,,,,,,,,,
no source found,,,,,,,Lumber,Decking,Composite Decking,,AGB15516SG,1x6-16' Slate Gray Grooved - Harvest Azek PVC Decking,TIMBERTECH,,,Parksite (6151),DuPont,Tyvek,,AGB15516SG,,Building Materials>Lumber & Composites>Decking & Railing,"DuPont Tyvek, Decking Board, AGB15516SG",DECKING,Tyvek AGB15516SG Decking Board,Tyvek Decking Board,Decking Board,,,,,,,,,,,,,,,,,,,,,,,,,,,Decking Board,,,,,,,,,,,,,,,,,,,,,,,,,,,,,,,,,,,,,,,,,,,,,,,,,,,,,,,,,,,,,,,,,,,,,,,,,,,,,,,,,,,,,,,,,,,,,,,,,,,,,,,,,,,,,,,,,,,,,,,,,,,,,,,,,,,,,,,,,,,,,,,,,,,,,,,,,,,,,,,,,,,,,,,,,,,,,,,,,,,,,,,,,,,,,,,,,,,,,
no source found,,,,,,,Lumber,Decking,Composite Decking,,AGB15520SG,1x6-20' Slate Gray Grooved - Harvest Azek PVC Decking,TIMBERTECH,,,Parksite (6151),DuPont,Tyvek,,AGB15520SG,,Building Materials>Lumber & Composites>Decking & Railing,"DuPont Tyvek, Decking Board, AGB15520SG",DECKING,Tyvek AGB15520SG Decking Board,Tyvek Decking Board,Decking Board,,,,,,,,,,,,,,,,,,,,,,,,,,,Decking Board,,,,,,,,,,,,,,,,,,,,,,,,,,,,,,,,,,,,,,,,,,,,,,,,,,,,,,,,,,,,,,,,,,,,,,,,,,,,,,,,,,,,,,,,,,,,,,,,,,,,,,,,,,,,,,,,,,,,,,,,,,,,,,,,,,,,,,,,,,,,,,,,,,,,,,,,,,,,,,,,,,,,,,,,,,,,,,,,,,,,,,,,,,,,,,,,,,,,,
no source found,,,,,,,Lumber,Decking,Composite Decking,,543140016,1nx6-16' Biscayne Sq Edge - Trex Transcend Lineage Decking,TREX,,,U S Lumber (3073),"Trex Company, Inc.",Transcend,,543140016,,Building Materials>Lumber & Composites>Decking & Railing,"Trex Company, Inc. Transcend, Decking Board, 543140016",DECKING,Transcend 543140016 Decking Board,Transcend Decking Board,Decking Board,,,,,,,,,,,,,,,,,,,,,,,,,,,Decking Board,,,,,,,,,,,,,,,,,,,,,,,,,,,,,,,,,,,,,,,,,,,,,,,,,,,,,,,,,,,,,,,,,,,,,,,,,,,,,,,,,,,,,,,,,,,,,,,,,,,,,,,,,,,,,,,,,,,,,,,,,,,,,,,,,,,,,,,,,,,,,,,,,,,,,,,,,,,,,,,,,,,,,,,,,,,,,,,,,,,,,,,,,,,,,,,,,,,,,
no source found,,,,,,,Lumber,Decking,Composite Decking,,543140020,1nx6-20' Biscayne Sq Edge - Trex Transcend Lineage Decking,TREX,,,U S Lumber (3073),"Trex Company, Inc.",Transcend,,543140020,,Building Materials>Lumber & Composites>Decking & Railing,"Trex Company, Inc. Transcend, Decking Board, 543140020",DECKING,Transcend 543140020 Decking Board,Transcend Decking Board,Decking Board,,,,,,,,,,,,,,,,,,,,,,,,,,,Decking Board,,,,,,,,,,,,,,,,,,,,,,,,,,,,,,,,,,,,,,,,,,,,,,,,,,,,,,,,,,,,,,,,,,,,,,,,,,,,,,,,,,,,,,,,,,,,,,,,,,,,,,,,,,,,,,,,,,,,,,,,,,,,,,,,,,,,,,,,,,,,,,,,,,,,,,,,,,,,,,,,,,,,,,,,,,,,,,,,,,,,,,,,,,,,,,,,,,,,,
no source found,,,,,,,Lumber,Decking,Composite Decking,,543142016,1nx6-16' Carmel Sq Edge - Trex Transcend Lineage Decking,TREX,,,U S Lumber (3073),"Trex Company, Inc.",Transcend,,543142016,,Building Materials>Lumber & Composites>Decking & Railing,"Trex Company, Inc. Transcend, Decking Board, 543142016",DECKING,Transcend 543142016 Decking Board,Transcend Decking Board,Decking Board,,,,,,,,,,,,,,,,,,,,,,,,,,,Decking Board,,,,,,,,,,,,,,,,,,,,,,,,,,,,,,,,,,,,,,,,,,,,,,,,,,,,,,,,,,,,,,,,,,,,,,,,,,,,,,,,,,,,,,,,,,,,,,,,,,,,,,,,,,,,,,,,,,,,,,,,,,,,,,,,,,,,,,,,,,,,,,,,,,,,,,,,,,,,,,,,,,,,,,,,,,,,,,,,,,,,,,,,,,,,,,,,,,,,,
no source found,,,,,,,Lumber,Decking,Composite Decking,,543142020,1nx6-20' Carmel Sq Edge - Trex Transcend Lineage Decking,TREX,,,U S Lumber (3073),"Trex Company, Inc.",Transcend,,543142020,,Building Materials>Lumber & Composites>Decking & Railing,"Trex Company, Inc. Transcend, Decking Board, 543142020",DECKING,Transcend 543142020 Decking Board,Transcend Decking Board,Decking Board,,,,,,,,,,,,,,,,,,,,,,,,,,,Decking Board,,,,,,,,,,,,,,,,,,,,,,,,,,,,,,,,,,,,,,,,,,,,,,,,,,,,,,,,,,,,,,,,,,,,,,,,,,,,,,,,,,,,,,,,,,,,,,,,,,,,,,,,,,,,,,,,,,,,,,,,,,,,,,,,,,,,,,,,,,,,,,,,,,,,,,,,,,,,,,,,,,,,,,,,,,,,,,,,,,,,,,,,,,,,,,,,,,,,,
no source found,,,,,,,Lumber,Decking,Composite Decking,,543144016,1nx6-16' Island Mist Sq Edge - Trex Transcend Lineage Decking,TREX,,,U S Lumber (3073),"Trex Company, Inc.",Transcend,,543144016,,Building Materials>Lumber & Composites>Decking & Railing,"Trex Company, Inc. Transcend, Decking Board, 543144016",DECKING,Transcend 543144016 Decking Board,Transcend Decking Board,Decking Board,,,,,,,,,,,,,,,,,,,,,,,,,,,Decking Board,,,,,,,,,,,,,,,,,,,,,,,,,,,,,,,,,,,,,,,,,,,,,,,,,,,,,,,,,,,,,,,,,,,,,,,,,,,,,,,,,,,,,,,,,,,,,,,,,,,,,,,,,,,,,,,,,,,,,,,,,,,,,,,,,,,,,,,,,,,,,,,,,,,,,,,,,,,,,,,,,,,,,,,,,,,,,,,,,,,,,,,,,,,,,,,,,,,,,
no source found,,,,,,,Lumber,Decking,Composite Decking,,543144020,1nx6-20' Island Mist Sq Edge - Trex Transcend Lineage Decking,TREX,,,U S Lumber (3073),"Trex Company, Inc.",Transcend,,543144020,,Building Materials>Lumber & Composites>Decking & Railing,"Trex Company, Inc. Transcend, Decking Board, 543144020",DECKING,Transcend 543144020 Decking Board,Transcend Decking Board,Decking Board,,,,,,,,,,,,,,,,,,,,,,,,,,,Decking Board,,,,,,,,,,,,,,,,,,,,,,,,,,,,,,,,,,,,,,,,,,,,,,,,,,,,,,,,,,,,,,,,,,,,,,,,,,,,,,,,,,,,,,,,,,,,,,,,,,,,,,,,,,,,,,,,,,,,,,,,,,,,,,,,,,,,,,,,,,,,,,,,,,,,,,,,,,,,,,,,,,,,,,,,,,,,,,,,,,,,,,,,,,,,,,,,,,,,,
no source found,,,,,,,Lumber,Decking,Composite Decking,,543143016,1nx6-16' Jasper Sq Edge - Trex Transcend Lineage Decking,TREX,,,U S Lumber (3073),"Trex Company, Inc.",Transcend,,543143016,,Building Materials>Lumber & Composites>Decking & Railing,"Trex Company, Inc. Transcend, Decking Board, 543143016",DECKING,Transcend 543143016 Decking Board,Transcend Decking Board,Decking Board,,,,,,,,,,,,,,,,,,,,,,,,,,,Decking Board,,,,,,,,,,,,,,,,,,,,,,,,,,,,,,,,,,,,,,,,,,,,,,,,,,,,,,,,,,,,,,,,,,,,,,,,,,,,,,,,,,,,,,,,,,,,,,,,,,,,,,,,,,,,,,,,,,,,,,,,,,,,,,,,,,,,,,,,,,,,,,,,,,,,,,,,,,,,,,,,,,,,,,,,,,,,,,,,,,,,,,,,,,,,,,,,,,,,,
no source found,,,,,,,Lumber,Decking,Composite Decking,,543143020,1nx6-20' Jasper Sq Edge - Trex Transcend Lineage Decking,TREX,,,U S Lumber (3073),"Trex Company, Inc.",Transcend,,543143020,,Building Materials>Lumber & Composites>Decking & Railing,"Trex Company, Inc. Transcend, Decking Board, 543143020",DECKING,Transcend 543143020 Decking Board,Transcend Decking Board,Decking Board,,,,,,,,,,,,,,,,,,,,,,,,,,,Decking Board,,,,,,,,,,,,,,,,,,,,,,,,,,,,,,,,,,,,,,,,,,,,,,,,,,,,,,,,,,,,,,,,,,,,,,,,,,,,,,,,,,,,,,,,,,,,,,,,,,,,,,,,,,,,,,,,,,,,,,,,,,,,,,,,,,,,,,,,,,,,,,,,,,,,,,,,,,,,,,,,,,,,,,,,,,,,,,,,,,,,,,,,,,,,,,,,,,,,,
no source found,,,,,,,Lumber,Decking,Composite Decking,,543141016,1nx6-16' Rainier Sq Edge - Trex Transcend Lineage Decking,TREX,,,U S Lumber (3073),"Trex Company, Inc.",Transcend,,543141016,,Building Materials>Lumber & Composites>Decking & Railing,"Trex Company, Inc. Transcend, Decking Board, 543141016",DECKING,Transcend 543141016 Decking Board,Transcend Decking Board,Decking Board,,,,,,,,,,,,,,,,,,,,,,,,,,,Decking Board,,,,,,,,,,,,,,,,,,,,,,,,,,,,,,,,,,,,,,,,,,,,,,,,,,,,,,,,,,,,,,,,,,,,,,,,,,,,,,,,,,,,,,,,,,,,,,,,,,,,,,,,,,,,,,,,,,,,,,,,,,,,,,,,,,,,,,,,,,,,,,,,,,,,,,,,,,,,,,,,,,,,,,,,,,,,,,,,,,,,,,,,,,,,,,,,,,,,,
no source found,,,,,,,Lumber,Decking,Composite Decking,,543141020,1nx6-20' Rainier Sq Edge - Trex Transcend Lineage Decking,TREX,,,U S Lumber (3073),"Trex Company, Inc.",Transcend,,543141020,,Building Materials>Lumber & Composites>Decking & Railing,"Trex Company, Inc. Transcend, Decking Board, 543141020",DECKING,Transcend 543141020 Decking Board,Transcend Decking Board,Decking Board,,,,,,,,,,,,,,,,,,,,,,,,,,,Decking Board,,,,,,,,,,,,,,,,,,,,,,,,,,,,,,,,,,,,,,,,,,,,,,,,,,,,,,,,,,,,,,,,,,,,,,,,,,,,,,,,,,,,,,,,,,,,,,,,,,,,,,,,,,,,,,,,,,,,,,,,,,,,,,,,,,,,,,,,,,,,,,,,,,,,,,,,,,,,,,,,,,,,,,,,,,,,,,,,,,,,,,,,,,,,,,,,,,,,,
no source found,,,,,,,Lumber,Decking,Composite Decking,,543140412,1nx6-12' Biscayne Grooved - Trex Transcend Lineage Decking,TREX,,,U S Lumber (3073),"Trex Company, Inc.",Transcend,,543140412,,Building Materials>Lumber & Composites>Decking & Railing,"Trex Company, Inc. Transcend, Decking Board, 543140412",DECKING,Transcend 543140412 Decking Board,Transcend Decking Board,Decking Board,,,,,,,,,,,,,,,,,,,,,,,,,,,Decking Board,,,,,,,,,,,,,,,,,,,,,,,,,,,,,,,,,,,,,,,,,,,,,,,,,,,,,,,,,,,,,,,,,,,,,,,,,,,,,,,,,,,,,,,,,,,,,,,,,,,,,,,,,,,,,,,,,,,,,,,,,,,,,,,,,,,,,,,,,,,,,,,,,,,,,,,,,,,,,,,,,,,,,,,,,,,,,,,,,,,,,,,,,,,,,,,,,,,,,
no source found,,,,,,,Lumber,Decking,Composite Decking,,543140416,1nx6-16' Biscayne Grooved - Trex Transcend Lineage Decking,TREX,,,U S Lumber (3073),"Trex Company, Inc.",Transcend,,543140416,,Building Materials>Lumber & Composites>Decking & Railing,"Trex Company, Inc. Transcend, Decking Board, 543140416",DECKING,Transcend 543140416 Decking Board,Transcend Decking Board,Decking Board,,,,,,,,,,,,,,,,,,,,,,,,,,,Decking Board,,,,,,,,,,,,,,,,,,,,,,,,,,,,,,,,,,,,,,,,,,,,,,,,,,,,,,,,,,,,,,,,,,,,,,,,,,,,,,,,,,,,,,,,,,,,,,,,,,,,,,,,,,,,,,,,,,,,,,,,,,,,,,,,,,,,,,,,,,,,,,,,,,,,,,,,,,,,,,,,,,,,,,,,,,,,,,,,,,,,,,,,,,,,,,,,,,,,,
no source found,,,,,,,Lumber,Decking,Composite Decking,,543140420,1nx6-20' Biscayne Grooved - Trex Transcend Lineage Decking,TREX,,,U S Lumber (3073),"Trex Company, Inc.",Transcend,,543140420,,Building Materials>Lumber & Composites>Decking & Railing,"Trex Company, Inc. Transcend, Decking Board, 543140420",DECKING,Transcend 543140420 Decking Board,Transcend Decking Board,Decking Board,,,,,,,,,,,,,,,,,,,,,,,,,,,Decking Board,,,,,,,,,,,,,,,,,,,,,,,,,,,,,,,,,,,,,,,,,,,,,,,,,,,,,,,,,,,,,,,,,,,,,,,,,,,,,,,,,,,,,,,,,,,,,,,,,,,,,,,,,,,,,,,,,,,,,,,,,,,,,,,,,,,,,,,,,,,,,,,,,,,,,,,,,,,,,,,,,,,,,,,,,,,,,,,,,,,,,,,,,,,,,,,,,,,,,
no source found,,,,,,,Lumber,Decking,Composite Decking,,543142412,1nx6-12' Carmel Grooved - Trex Transcend Lineage Decking,TREX,,,U S Lumber (3073),"Trex Company, Inc.",Transcend,,543142412,,Building Materials>Lumber & Composites>Decking & Railing,"Trex Company, Inc. Transcend, Decking Board, 543142412",DECKING,Transcend 543142412 Decking Board,Transcend Decking Board,Decking Board,,,,,,,,,,,,,,,,,,,,,,,,,,,Decking Board,,,,,,,,,,,,,,,,,,,,,,,,,,,,,,,,,,,,,,,,,,,,,,,,,,,,,,,,,,,,,,,,,,,,,,,,,,,,,,,,,,,,,,,,,,,,,,,,,,,,,,,,,,,,,,,,,,,,,,,,,,,,,,,,,,,,,,,,,,,,,,,,,,,,,,,,,,,,,,,,,,,,,,,,,,,,,,,,,,,,,,,,,,,,,,,,,,,,,
no source found,,,,,,,Lumber,Decking,Composite Decking,,543142416,1nx6-16' Carmel Grooved - Trex Transcend Lineage Decking,TREX,,,U S Lumber (3073),"Trex Company, Inc.",Transcend,,543142416,,Building Materials>Lumber & Composites>Decking & Railing,"Trex Company, Inc. Transcend, Decking Board, 543142416",DECKING,Transcend 543142416 Decking Board,Transcend Decking Board,Decking Board,,,,,,,,,,,,,,,,,,,,,,,,,,,Decking Board,,,,,,,,,,,,,,,,,,,,,,,,,,,,,,,,,,,,,,,,,,,,,,,,,,,,,,,,,,,,,,,,,,,,,,,,,,,,,,,,,,,,,,,,,,,,,,,,,,,,,,,,,,,,,,,,,,,,,,,,,,,,,,,,,,,,,,,,,,,,,,,,,,,,,,,,,,,,,,,,,,,,,,,,,,,,,,,,,,,,,,,,,,,,,,,,,,,,,
no source found,,,,,,,Lumber,Decking,Composite Decking,,543142420,1nx6-20' Carmel Grooved - Trex Transcend Lineage Decking,TREX,,,U S Lumber (3073),"Trex Company, Inc.",Transcend,,543142420,,Building Materials>Lumber & Composites>Decking & Railing,"Trex Company, Inc. Transcend, Decking Board, 543142420",DECKING,Transcend 543142420 Decking Board,Transcend Decking Board,Decking Board,,,,,,,,,,,,,,,,,,,,,,,,,,,Decking Board,,,,,,,,,,,,,,,,,,,,,,,,,,,,,,,,,,,,,,,,,,,,,,,,,,,,,,,,,,,,,,,,,,,,,,,,,,,,,,,,,,,,,,,,,,,,,,,,,,,,,,,,,,,,,,,,,,,,,,,,,,,,,,,,,,,,,,,,,,,,,,,,,,,,,,,,,,,,,,,,,,,,,,,,,,,,,,,,,,,,,,,,,,,,,,,,,,,,,
no source found,,,,,,,Lumber,Decking,Composite Decking,,543144412,1nx6-12' Island Mist Grooved - Trex Transcend Lineage Decking,TREX,,,U S Lumber (3073),"Trex Company, Inc.",Transcend,,543144412,,Building Materials>Lumber & Composites>Decking & Railing,"Trex Company, Inc. Transcend, Decking Board, 543144412",DECKING,Transcend 543144412 Decking Board,Transcend Decking Board,Decking Board,,,,,,,,,,,,,,,,,,,,,,,,,,,Decking Board,,,,,,,,,,,,,,,,,,,,,,,,,,,,,,,,,,,,,,,,,,,,,,,,,,,,,,,,,,,,,,,,,,,,,,,,,,,,,,,,,,,,,,,,,,,,,,,,,,,,,,,,,,,,,,,,,,,,,,,,,,,,,,,,,,,,,,,,,,,,,,,,,,,,,,,,,,,,,,,,,,,,,,,,,,,,,,,,,,,,,,,,,,,,,,,,,,,,,
no source found,,,,,,,Lumber,Decking,Composite Decking,,543144416,1nx6-16' Island Mist Grooved - Trex Transcend Lineage Decking,TREX,,,U S Lumber (3073),"Trex Company, Inc.",Transcend,,543144416,,Building Materials>Lumber & Composites>Decking & Railing,"Trex Company, Inc. Transcend, Decking Board, 543144416",DECKING,Transcend 543144416 Decking Board,Transcend Decking Board,Decking Board,,,,,,,,,,,,,,,,,,,,,,,,,,,Decking Board,,,,,,,,,,,,,,,,,,,,,,,,,,,,,,,,,,,,,,,,,,,,,,,,,,,,,,,,,,,,,,,,,,,,,,,,,,,,,,,,,,,,,,,,,,,,,,,,,,,,,,,,,,,,,,,,,,,,,,,,,,,,,,,,,,,,,,,,,,,,,,,,,,,,,,,,,,,,,,,,,,,,,,,,,,,,,,,,,,,,,,,,,,,,,,,,,,,,,
no source found,,,,,,,Lumber,Decking,Composite Decking,,543144420,1nx6-20' Island Mist Grooved - Trex Transcend Lineage Decking,TREX,,,U S Lumber (3073),"Trex Company, Inc.",Transcend,,543144420,,Building Materials>Lumber & Composites>Decking & Railing,"Trex Company, Inc. Transcend, Decking Board, 543144420",DECKING,Transcend 543144420 Decking Board,Transcend Decking Board,Decking Board,,,,,,,,,,,,,,,,,,,,,,,,,,,Decking Board,,,,,,,,,,,,,,,,,,,,,,,,,,,,,,,,,,,,,,,,,,,,,,,,,,,,,,,,,,,,,,,,,,,,,,,,,,,,,,,,,,,,,,,,,,,,,,,,,,,,,,,,,,,,,,,,,,,,,,,,,,,,,,,,,,,,,,,,,,,,,,,,,,,,,,,,,,,,,,,,,,,,,,,,,,,,,,,,,,,,,,,,,,,,,,,,,,,,,
no source found,,,,,,,Lumber,Decking,Composite Decking,,543143412,1nx6-12' Jasper Grooved - Trex Transcend Lineage Decking,TREX,,,U S Lumber (3073),"Trex Company, Inc.",Transcend,,543143412,,Building Materials>Lumber & Composites>Decking & Railing,"Trex Company, Inc. Transcend, Decking Board, 543143412",DECKING,Transcend 543143412 Decking Board,Transcend Decking Board,Decking Board,,,,,,,,,,,,,,,,,,,,,,,,,,,Decking Board,,,,,,,,,,,,,,,,,,,,,,,,,,,,,,,,,,,,,,,,,,,,,,,,,,,,,,,,,,,,,,,,,,,,,,,,,,,,,,,,,,,,,,,,,,,,,,,,,,,,,,,,,,,,,,,,,,,,,,,,,,,,,,,,,,,,,,,,,,,,,,,,,,,,,,,,,,,,,,,,,,,,,,,,,,,,,,,,,,,,,,,,,,,,,,,,,,,,,
no source found,,,,,,,Lumber,Decking,Composite Decking,,543143416,1nx6-16' Jasper Grooved - Trex Transcend Lineage Decking,TREX,,,U S Lumber (3073),"Trex Company, Inc.",Transcend,,543143416,,Building Materials>Lumber & Composites>Decking & Railing,"Trex Company, Inc. Transcend, Decking Board, 543143416",DECKING,Transcend 543143416 Decking Board,Transcend Decking Board,Decking Board,,,,,,,,,,,,,,,,,,,,,,,,,,,Decking Board,,,,,,,,,,,,,,,,,,,,,,,,,,,,,,,,,,,,,,,,,,,,,,,,,,,,,,,,,,,,,,,,,,,,,,,,,,,,,,,,,,,,,,,,,,,,,,,,,,,,,,,,,,,,,,,,,,,,,,,,,,,,,,,,,,,,,,,,,,,,,,,,,,,,,,,,,,,,,,,,,,,,,,,,,,,,,,,,,,,,,,,,,,,,,,,,,,,,,
no source found,,,,,,,Lumber,Decking,Composite Decking,,543143420,1nx6-20' Jasper Grooved - Trex Transcend Lineage Decking,TREX,,,U S Lumber (3073),"Trex Company, Inc.",Transcend,,543143420,,Building Materials>Lumber & Composites>Decking & Railing,"Trex Company, Inc. Transcend, Decking Board, 543143420",DECKING,Transcend 543143420 Decking Board,Transcend Decking Board,Decking Board,,,,,,,,,,,,,,,,,,,,,,,,,,,Decking Board,,,,,,,,,,,,,,,,,,,,,,,,,,,,,,,,,,,,,,,,,,,,,,,,,,,,,,,,,,,,,,,,,,,,,,,,,,,,,,,,,,,,,,,,,,,,,,,,,,,,,,,,,,,,,,,,,,,,,,,,,,,,,,,,,,,,,,,,,,,,,,,,,,,,,,,,,,,,,,,,,,,,,,,,,,,,,,,,,,,,,,,,,,,,,,,,,,,,,
no source found,,,,,,,Lumber,Decking,Composite Decking,,543141412,1nx6-12' Rainier Grooved - Trex Transcend Lineage Decking,TREX,,,U S Lumber (3073),"Trex Company, Inc.",Transcend,,543141412,,Building Materials>Lumber & Composites>Decking & Railing,"Trex Company, Inc. Transcend, Decking Board, 543141412",DECKING,Transcend 543141412 Decking Board,Transcend Decking Board,Decking Board,,,,,,,,,,,,,,,,,,,,,,,,,,,Decking Board,,,,,,,,,,,,,,,,,,,,,,,,,,,,,,,,,,,,,,,,,,,,,,,,,,,,,,,,,,,,,,,,,,,,,,,,,,,,,,,,,,,,,,,,,,,,,,,,,,,,,,,,,,,,,,,,,,,,,,,,,,,,,,,,,,,,,,,,,,,,,,,,,,,,,,,,,,,,,,,,,,,,,,,,,,,,,,,,,,,,,,,,,,,,,,,,,,,,,
no source found,,,,,,,Lumber,Decking,Composite Decking,,543141416,1nx6-16' Rainier Grooved - Trex Transcend Lineage Decking,TREX,,,U S Lumber (3073),"Trex Company, Inc.",Transcend,,543141416,,Building Materials>Lumber & Composites>Decking & Railing,"Trex Company, Inc. Transcend, Decking Board, 543141416",DECKING,Transcend 543141416 Decking Board,Transcend Decking Board,Decking Board,,,,,,,,,,,,,,,,,,,,,,,,,,,Decking Board,,,,,,,,,,,,,,,,,,,,,,,,,,,,,,,,,,,,,,,,,,,,,,,,,,,,,,,,,,,,,,,,,,,,,,,,,,,,,,,,,,,,,,,,,,,,,,,,,,,,,,,,,,,,,,,,,,,,,,,,,,,,,,,,,,,,,,,,,,,,,,,,,,,,,,,,,,,,,,,,,,,,,,,,,,,,,,,,,,,,,,,,,,,,,,,,,,,,,
no source found,,,,,,,Lumber,Decking,Composite Decking,,543141420,1nx6-20' Rainier Grooved - Trex Transcend Lineage Decking,TREX,,,U S Lumber (3073),"Trex Company, Inc.",Transcend,,543141420,,Building Materials>Lumber & Composites>Decking & Railing,"Trex Company, Inc. Transcend, Decking Board, 543141420",DECKING,Transcend 543141420 Decking Board,Transcend Decking Board,Decking Board,,,,,,,,,,,,,,,,,,,,,,,,,,,Decking Board,,,,,,,,,,,,,,,,,,,,,,,,,,,,,,,,,,,,,,,,,,,,,,,,,,,,,,,,,,,,,,,,,,,,,,,,,,,,,,,,,,,,,,,,,,,,,,,,,,,,,,,,,,,,,,,,,,,,,,,,,,,,,,,,,,,,,,,,,,,,,,,,,,,,,,,,,,,,,,,,,,,,,,,,,,,,,,,,,,,,,,,,,,,,,,,,,,,,,
no source found,,,,,,,Lumber,Decking,Composite Decking,,1513703,1nx6-16' Hatteras Sq Edge - Trex Transcend Lineage Decking,TREX,,,Boise Cascade Building Materials (BOICA),"Trex Company, Inc.",Transcend,,1513703,,Building Materials>Lumber & Composites>Decking & Railing,"Trex Company, Inc. Transcend, Decking Board, 1513703",DECKING,Transcend 1513703 Decking Board,Transcend Decking Board,Decking Board,,,,,,,,,,,,,,,,,,,,,,,,,,,Decking Board,,,,,,,,,,,,,,,,,,,,,,,,,,,,,,,,,,,,,,,,,,,,,,,,,,,,,,,,,,,,,,,,,,,,,,,,,,,,,,,,,,,,,,,,,,,,,,,,,,,,,,,,,,,,,,,,,,,,,,,,,,,,,,,,,,,,,,,,,,,,,,,,,,,,,,,,,,,,,,,,,,,,,,,,,,,,,,,,,,,,,,,,,,,,,,,,,,,,,
no source found,,,,,,,Lumber,Decking,Composite Decking,,1513704,1nx6-20' Hatteras Sq Edge - Trex Transcend Lineage Decking,TREX,,,Boise Cascade Building Materials (BOICA),"Trex Company, Inc.",Transcend,,1513704,,Building Materials>Lumber & Composites>Decking & Railing,"Trex Company, Inc. Transcend, Decking Board, 1513704",DECKING,Transcend 1513704 Decking Board,Transcend Decking Board,Decking Board,,,,,,,,,,,,,,,,,,,,,,,,,,,Decking Board,,,,,,,,,,,,,,,,,,,,,,,,,,,,,,,,,,,,,,,,,,,,,,,,,,,,,,,,,,,,,,,,,,,,,,,,,,,,,,,,,,,,,,,,,,,,,,,,,,,,,,,,,,,,,,,,,,,,,,,,,,,,,,,,,,,,,,,,,,,,,,,,,,,,,,,,,,,,,,,,,,,,,,,,,,,,,,,,,,,,,,,,,,,,,,,,,,,,,
no source found,,,,,,,Lumber,Decking,Composite Decking,,1513705,1nx6-12' Hatteras Grooved - Trex Transcend Lineage Decking,TREX,,,Boise Cascade Building Materials (BOICA),"Trex Company, Inc.",Transcend,,1513705,,Building Materials>Lumber & Composites>Decking & Railing,"Trex Company, Inc. Transcend, Decking Board, 1513705",DECKING,Transcend 1513705 Decking Board,Transcend Decking Board,Decking Board,,,,,,,,,,,,,,,,,,,,,,,,,,,Decking Board,,,,,,,,,,,,,,,,,,,,,,,,,,,,,,,,,,,,,,,,,,,,,,,,,,,,,,,,,,,,,,,,,,,,,,,,,,,,,,,,,,,,,,,,,,,,,,,,,,,,,,,,,,,,,,,,,,,,,,,,,,,,,,,,,,,,,,,,,,,,,,,,,,,,,,,,,,,,,,,,,,,,,,,,,,,,,,,,,,,,,,,,,,,,,,,,,,,,,
no source found,,,,,,,Lumber,Decking,Composite Decking,,1513706,1nx6-16' Hatteras Grooved - Trex Transcend Lineage Decking,TREX,,,Boise Cascade Building Materials (BOICA),"Trex Company, Inc.",Transcend,,1513706,,Building Materials>Lumber & Composites>Decking & Railing,"Trex Company, Inc. Transcend, Decking Board, 1513706",DECKING,Transcend 1513706 Decking Board,Transcend Decking Board,Decking Board,,,,,,,,,,,,,,,,,,,,,,,,,,,Decking Board,,,,,,,,,,,,,,,,,,,,,,,,,,,,,,,,,,,,,,,,,,,,,,,,,,,,,,,,,,,,,,,,,,,,,,,,,,,,,,,,,,,,,,,,,,,,,,,,,,,,,,,,,,,,,,,,,,,,,,,,,,,,,,,,,,,,,,,,,,,,,,,,,,,,,,,,,,,,,,,,,,,,,,,,,,,,,,,,,,,,,,,,,,,,,,,,,,,,,
no source found,,,,,,,Lumber,Decking,Composite Decking,,1513707,1nx6-20' Hatteras Grooved - Trex Transcend Lineage Decking,TREX,,,Boise Cascade Building Materials (BOICA),"Trex Company, Inc.",Transcend,,1513707,,Building Materials>Lumber & Composites>Decking & Railing,"Trex Company, Inc. Transcend, Decking Board, 1513707",DECKING,Transcend 1513707 Decking Board,Transcend Decking Board,Decking Board,,,,,,,,,,,,,,,,,,,,,,,,,,,Decking Board,,,,,,,,,,,,,,,,,,,,,,,,,,,,,,,,,,,,,,,,,,,,,,,,,,,,,,,,,,,,,,,,,,,,,,,,,,,,,,,,,,,,,,,,,,,,,,,,,,,,,,,,,,,,,,,,,,,,,,,,,,,,,,,,,,,,,,,,,,,,,,,,,,,,,,,,,,,,,,,,,,,,,,,,,,,,,,,,,,,,,,,,,,,,,,,,,,,,,
no source found,,,,,,,Lumber,Decking,Composite Decking,,1513708,1nx6-16' Salt Flat Sq Edge - Trex Transcend Lineage Decking,TREX,,,Boise Cascade Building Materials (BOICA),"Trex Company, Inc.",Transcend,,1513708,,Building Materials>Lumber & Composites>Decking & Railing,"Trex Company, Inc. Transcend, Decking Board, 1513708",DECKING,Transcend 1513708 Decking Board,Transcend Decking Board,Decking Board,,,,,,,,,,,,,,,,,,,,,,,,,,,Decking Board,,,,,,,,,,,,,,,,,,,,,,,,,,,,,,,,,,,,,,,,,,,,,,,,,,,,,,,,,,,,,,,,,,,,,,,,,,,,,,,,,,,,,,,,,,,,,,,,,,,,,,,,,,,,,,,,,,,,,,,,,,,,,,,,,,,,,,,,,,,,,,,,,,,,,,,,,,,,,,,,,,,,,,,,,,,,,,,,,,,,,,,,,,,,,,,,,,,,,
no source found,,,,,,,Lumber,Decking,Composite Decking,,1513709,1nx6-20' Salt Flat Sq Edge - Trex Transcend Lineage Decking,TREX,,,Boise Cascade Building Materials (BOICA),"Trex Company, Inc.",Transcend,,1513709,,Building Materials>Lumber & Composites>Decking & Railing,"Trex Company, Inc. Transcend, Decking Board, 1513709",DECKING,Transcend 1513709 Decking Board,Transcend Decking Board,Decking Board,,,,,,,,,,,,,,,,,,,,,,,,,,,Decking Board,,,,,,,,,,,,,,,,,,,,,,,,,,,,,,,,,,,,,,,,,,,,,,,,,,,,,,,,,,,,,,,,,,,,,,,,,,,,,,,,,,,,,,,,,,,,,,,,,,,,,,,,,,,,,,,,,,,,,,,,,,,,,,,,,,,,,,,,,,,,,,,,,,,,,,,,,,,,,,,,,,,,,,,,,,,,,,,,,,,,,,,,,,,,,,,,,,,,,
no source found,,,,,,,Lumber,Decking,Composite Decking,,1513710,1nx6-12' Salt Flat Grooved - Trex Transcend Lineage Decking,TREX,,,Boise Cascade Building Materials (BOICA),"Trex Company, Inc.",Transcend,,1513710,,Building Materials>Lumber & Composites>Decking & Railing,"Trex Company, Inc. Transcend, Decking Board, 1513710",DECKING,Transcend 1513710 Decking Board,Transcend Decking Board,Decking Board,,,,,,,,,,,,,,,,,,,,,,,,,,,Decking Board,,,,,,,,,,,,,,,,,,,,,,,,,,,,,,,,,,,,,,,,,,,,,,,,,,,,,,,,,,,,,,,,,,,,,,,,,,,,,,,,,,,,,,,,,,,,,,,,,,,,,,,,,,,,,,,,,,,,,,,,,,,,,,,,,,,,,,,,,,,,,,,,,,,,,,,,,,,,,,,,,,,,,,,,,,,,,,,,,,,,,,,,,,,,,,,,,,,,,
no source found,,,,,,,Lumber,Decking,Composite Decking,,1513711,1nx6-16' Salt Flat Grooved - Trex Transcend Lineage Decking,TREX,,,Boise Cascade Building Materials (BOICA),"Trex Company, Inc.",Transcend,,1513711,,Building Materials>Lumber & Composites>Decking & Railing,"Trex Company, Inc. Transcend, Decking Board, 1513711",DECKING,Transcend 1513711 Decking Board,Transcend Decking Board,Decking Board,,,,,,,,,,,,,,,,,,,,,,,,,,,Decking Board,,,,,,,,,,,,,,,,,,,,,,,,,,,,,,,,,,,,,,,,,,,,,,,,,,,,,,,,,,,,,,,,,,,,,,,,,,,,,,,,,,,,,,,,,,,,,,,,,,,,,,,,,,,,,,,,,,,,,,,,,,,,,,,,,,,,,,,,,,,,,,,,,,,,,,,,,,,,,,,,,,,,,,,,,,,,,,,,,,,,,,,,,,,,,,,,,,,,,
no source found,,,,,,,Lumber,Decking,Composite Decking,,1513712,1nx6-20' Salt Flat Grooved - Trex Transcend Lineage Decking,TREX,,,Boise Cascade Building Materials (BOICA),"Trex Company, Inc.",Transcend,,1513712,,Building Materials>Lumber & Composites>Decking & Railing,"Trex Company, Inc. Transcend, Decking Board, 1513712",DECKING,Transcend 1513712 Decking Board,Transcend Decking Board,Decking Board,,,,,,,,,,,,,,,,,,,,,,,,,,,Decking Board,,,,,,,,,,,,,,,,,,,,,,,,,,,,,,,,,,,,,,,,,,,,,,,,,,,,,,,,,,,,,,,,,,,,,,,,,,,,,,,,,,,,,,,,,,,,,,,,,,,,,,,,,,,,,,,,,,,,,,,,,,,,,,,,,,,,,,,,,,,,,,,,,,,,,,,,,,,,,,,,,,,,,,,,,,,,,,,,,,,,,,,,,,,,,,,,,,,,,
no source found,,,,,,,Lumber,Decking,Composite Decking,,1513717,1nx6-16' Honey Grove Sq Edge - Trex Enhance Naturals Decking,TREX,,,Boise Cascade Building Materials (BOICA),"Trex Company, Inc.",Enhance,,1513717,,Building Materials>Lumber & Composites>Decking & Railing,"Trex Company, Inc. Enhance, Decking Board, 1513717",DECKING,Enhance 1513717 Decking Board,Enhance Decking Board,Decking Board,,,,,,,,,,,,,,,,,,,,,,,,,,,Decking Board,,,,,,,,,,,,,,,,,,,,,,,,,,,,,,,,,,,,,,,,,,,,,,,,,,,,,,,,,,,,,,,,,,,,,,,,,,,,,,,,,,,,,,,,,,,,,,,,,,,,,,,,,,,,,,,,,,,,,,,,,,,,,,,,,,,,,,,,,,,,,,,,,,,,,,,,,,,,,,,,,,,,,,,,,,,,,,,,,,,,,,,,,,,,,,,,,,,,,
no source found,,,,,,,Lumber,Decking,Composite Decking,,1513718,1nx6-20' Honey Grove Sq Edge - Trex Enhance Naturals Decking,TREX,,,Boise Cascade Building Materials (BOICA),"Trex Company, Inc.",Enhance,,1513718,,Building Materials>Lumber & Composites>Decking & Railing,"Trex Company, Inc. Enhance, Decking Board, 1513718",DECKING,Enhance 1513718 Decking Board,Enhance Decking Board,Decking Board,,,,,,,,,,,,,,,,,,,,,,,,,,,Decking Board,,,,,,,,,,,,,,,,,,,,,,,,,,,,,,,,,,,,,,,,,,,,,,,,,,,,,,,,,,,,,,,,,,,,,,,,,,,,,,,,,,,,,,,,,,,,,,,,,,,,,,,,,,,,,,,,,,,,,,,,,,,,,,,,,,,,,,,,,,,,,,,,,,,,,,,,,,,,,,,,,,,,,,,,,,,,,,,,,,,,,,,,,,,,,,,,,,,,,
no source found,,,,,,,Lumber,Decking,Composite Decking,,1513719,1nx6-12' Honey Grove Grooved - Trex Enhance Naturals Decking,TREX,,,Boise Cascade Building Materials (BOICA),"Trex Company, Inc.",Enhance,,1513719,,Building Materials>Lumber & Composites>Decking & Railing,"Trex Company, Inc. Enhance, Decking Board, 1513719",DECKING,Enhance 1513719 Decking Board,Enhance Decking Board,Decking Board,,,,,,,,,,,,,,,,,,,,,,,,,,,Decking Board,,,,,,,,,,,,,,,,,,,,,,,,,,,,,,,,,,,,,,,,,,,,,,,,,,,,,,,,,,,,,,,,,,,,,,,,,,,,,,,,,,,,,,,,,,,,,,,,,,,,,,,,,,,,,,,,,,,,,,,,,,,,,,,,,,,,,,,,,,,,,,,,,,,,,,,,,,,,,,,,,,,,,,,,,,,,,,,,,,,,,,,,,,,,,,,,,,,,,
no source found,,,,,,,Lumber,Decking,Composite Decking,,1513720,1nx6-16' Honey Grove Grooved - Trex Enhance Naturals Decking,TREX,,,Boise Cascade Building Materials (BOICA),"Trex Company, Inc.",Enhance,,1513720,,Building Materials>Lumber & Composites>Decking & Railing,"Trex Company, Inc. Enhance, Decking Board, 1513720",DECKING,Enhance 1513720 Decking Board,Enhance Decking Board,Decking Board,,,,,,,,,,,,,,,,,,,,,,,,,,,Decking Board,,,,,,,,,,,,,,,,,,,,,,,,,,,,,,,,,,,,,,,,,,,,,,,,,,,,,,,,,,,,,,,,,,,,,,,,,,,,,,,,,,,,,,,,,,,,,,,,,,,,,,,,,,,,,,,,,,,,,,,,,,,,,,,,,,,,,,,,,,,,,,,,,,,,,,,,,,,,,,,,,,,,,,,,,,,,,,,,,,,,,,,,,,,,,,,,,,,,,
no source found,,,,,,,Lumber,Decking,Composite Decking,,1513721,1nx6-20' Honey Grove Grooved - Trex Enhance Naturals Decking,TREX,,,Boise Cascade Building Materials (BOICA),"Trex Company, Inc.",Enhance,,1513721,,Building Materials>Lumber & Composites>Decking & Railing,"Trex Company, Inc. Enhance, Decking Board, 1513721",DECKING,Enhance 1513721 Decking Board,Enhance Decking Board,Decking Board,,,,,,,,,,,,,,,,,,,,,,,,,,,Decking Board,,,,,,,,,,,,,,,,,,,,,,,,,,,,,,,,,,,,,,,,,,,,,,,,,,,,,,,,,,,,,,,,,,,,,,,,,,,,,,,,,,,,,,,,,,,,,,,,,,,,,,,,,,,,,,,,,,,,,,,,,,,,,,,,,,,,,,,,,,,,,,,,,,,,,,,,,,,,,,,,,,,,,,,,,,,,,,,,,,,,,,,,,,,,,,,,,,,,,
no source found,,,,,,,Lumber,Decking,Composite Decking,,1513724,1nx6-16' Tide Pool Sq Edge - Trex Enhance Basics Decking,TREX,,,Boise Cascade Building Materials (BOICA),"Trex Company, Inc.",Enhance,,1513724,,Building Materials>Lumber & Composites>Decking & Railing,"Trex Company, Inc. Enhance, Decking Board, 1513724",DECKING,Enhance 1513724 Decking Board,Enhance Decking Board,Decking Board,,,,,,,,,,,,,,,,,,,,,,,,,,,Decking Board,,,,,,,,,,,,,,,,,,,,,,,,,,,,,,,,,,,,,,,,,,,,,,,,,,,,,,,,,,,,,,,,,,,,,,,,,,,,,,,,,,,,,,,,,,,,,,,,,,,,,,,,,,,,,,,,,,,,,,,,,,,,,,,,,,,,,,,,,,,,,,,,,,,,,,,,,,,,,,,,,,,,,,,,,,,,,,,,,,,,,,,,,,,,,,,,,,,,,
no source found,,,,,,,Lumber,Decking,Composite Decking,,1513725,1nx6-20' Tide Pool Sq Edge - Trex Enhance Basics Decking,TREX,,,Boise Cascade Building Materials (BOICA),"Trex Company, Inc.",Enhance,,1513725,,Building Materials>Lumber & Composites>Decking & Railing,"Trex Company, Inc. Enhance, Decking Board, 1513725",DECKING,Enhance 1513725 Decking Board,Enhance Decking Board,Decking Board,,,,,,,,,,,,,,,,,,,,,,,,,,,Decking Board,,,,,,,,,,,,,,,,,,,,,,,,,,,,,,,,,,,,,,,,,,,,,,,,,,,,,,,,,,,,,,,,,,,,,,,,,,,,,,,,,,,,,,,,,,,,,,,,,,,,,,,,,,,,,,,,,,,,,,,,,,,,,,,,,,,,,,,,,,,,,,,,,,,,,,,,,,,,,,,,,,,,,,,,,,,,,,,,,,,,,,,,,,,,,,,,,,,,,
no source found,,,,,,,Lumber,Decking,Composite Decking,,1513726,1nx6-12' Tide Pool Grooved - Trex Enhance Basics Decking,TREX,,,Boise Cascade Building Materials (BOICA),"Trex Company, Inc.",Enhance,,1513726,,Building Materials>Lumber & Composites>Decking & Railing,"Trex Company, Inc. Enhance, Decking Board, 1513726",DECKING,Enhance 1513726 Decking Board,Enhance Decking Board,Decking Board,,,,,,,,,,,,,,,,,,,,,,,,,,,Decking Board,,,,,,,,,,,,,,,,,,,,,,,,,,,,,,,,,,,,,,,,,,,,,,,,,,,,,,,,,,,,,,,,,,,,,,,,,,,,,,,,,,,,,,,,,,,,,,,,,,,,,,,,,,,,,,,,,,,,,,,,,,,,,,,,,,,,,,,,,,,,,,,,,,,,,,,,,,,,,,,,,,,,,,,,,,,,,,,,,,,,,,,,,,,,,,,,,,,,,
no source found,,,,,,,Lumber,Decking,Composite Decking,,1513727,1nx6-16' Tide Pool Grooved - Trex Enhance Basics Decking,TREX,,,Boise Cascade Building Materials (BOICA),"Trex Company, Inc.",Enhance,,1513727,,Building Materials>Lumber & Composites>Decking & Railing,"Trex Company, Inc. Enhance, Decking Board, 1513727",DECKING,Enhance 1513727 Decking Board,Enhance Decking Board,Decking Board,,,,,,,,,,,,,,,,,,,,,,,,,,,Decking Board,,,,,,,,,,,,,,,,,,,,,,,,,,,,,,,,,,,,,,,,,,,,,,,,,,,,,,,,,,,,,,,,,,,,,,,,,,,,,,,,,,,,,,,,,,,,,,,,,,,,,,,,,,,,,,,,,,,,,,,,,,,,,,,,,,,,,,,,,,,,,,,,,,,,,,,,,,,,,,,,,,,,,,,,,,,,,,,,,,,,,,,,,,,,,,,,,,,,,
no source found,,,,,,,Lumber,Decking,Composite Decking,,1513728,1nx6-20' Tide Pool Grooved - Trex Enhance Basics Decking,TREX,,,Boise Cascade Building Materials (BOICA),"Trex Company, Inc.",Enhance,,1513728,,Building Materials>Lumber & Composites>Decking & Railing,"Trex Company, Inc. Enhance, Decking Board, 1513728",DECKING,Enhance 1513728 Decking Board,Enhance Decking Board,Decking Board,,,,,,,,,,,,,,,,,,,,,,,,,,,Decking Board,,,,,,,,,,,,,,,,,,,,,,,,,,,,,,,,,,,,,,,,,,,,,,,,,,,,,,,,,,,,,,,,,,,,,,,,,,,,,,,,,,,,,,,,,,,,,,,,,,,,,,,,,,,,,,,,,,,,,,,,,,,,,,,,,,,,,,,,,,,,,,,,,,,,,,,,,,,,,,,,,,,,,,,,,,,,,,,,,,,,,,,,,,,,,,,,,,,,,
no source found,,,,,,,Lumber,Decking,Composite Decking,,543076016,1nx6-16' Cinnamon Cove Sq Edge - Trex Enhance Naturals Decking,TREX,,,Boise Cascade Building Materials (BOICA),"Trex Company, Inc.",Enhance,,543076016,,Building Materials>Lumber & Composites>Decking & Railing,"Trex Company, Inc. Enhance, Decking Board, 543076016",DECKING,Enhance 543076016 Decking Board,Enhance Decking Board,Decking Board,,,,,,,,,,,,,,,,,,,,,,,,,,,Decking Board,,,,,,,,,,,,,,,,,,,,,,,,,,,,,,,,,,,,,,,,,,,,,,,,,,,,,,,,,,,,,,,,,,,,,,,,,,,,,,,,,,,,,,,,,,,,,,,,,,,,,,,,,,,,,,,,,,,,,,,,,,,,,,,,,,,,,,,,,,,,,,,,,,,,,,,,,,,,,,,,,,,,,,,,,,,,,,,,,,,,,,,,,,,,,,,,,,,,,
no source found,,,,,,,Lumber,Decking,Composite Decking,,543076020,1nx6-20' Cinnamon Cove Sq Edge - Trex Enhance Naturals Decking,TREX,,,Boise Cascade Building Materials (BOICA),"Trex Company, Inc.",Enhance,,543076020,,Building Materials>Lumber & Composites>Decking & Railing,"Trex Company, Inc. Enhance, Decking Board, 543076020",DECKING,Enhance 543076020 Decking Board,Enhance Decking Board,Decking Board,,,,,,,,,,,,,,,,,,,,,,,,,,,Decking Board,,,,,,,,,,,,,,,,,,,,,,,,,,,,,,,,,,,,,,,,,,,,,,,,,,,,,,,,,,,,,,,,,,,,,,,,,,,,,,,,,,,,,,,,,,,,,,,,,,,,,,,,,,,,,,,,,,,,,,,,,,,,,,,,,,,,,,,,,,,,,,,,,,,,,,,,,,,,,,,,,,,,,,,,,,,,,,,,,,,,,,,,,,,,,,,,,,,,,
no source found,,,,,,,Lumber,Decking,Composite Decking,,543076412,1nx6-12' Cinnamon Cove Grooved - Trex Enhance Naturals Decking,TREX,,,Boise Cascade Building Materials (BOICA),"Trex Company, Inc.",Enhance,,543076412,,Building Materials>Lumber & Composites>Decking & Railing,"Trex Company, Inc. Enhance, Decking Board, 543076412",DECKING,Enhance 543076412 Decking Board,Enhance Decking Board,Decking Board,,,,,,,,,,,,,,,,,,,,,,,,,,,Decking Board,,,,,,,,,,,,,,,,,,,,,,,,,,,,,,,,,,,,,,,,,,,,,,,,,,,,,,,,,,,,,,,,,,,,,,,,,,,,,,,,,,,,,,,,,,,,,,,,,,,,,,,,,,,,,,,,,,,,,,,,,,,,,,,,,,,,,,,,,,,,,,,,,,,,,,,,,,,,,,,,,,,,,,,,,,,,,,,,,,,,,,,,,,,,,,,,,,,,,
no source found,,,,,,,Lumber,Decking,Composite Decking,,543076416,1nx6-16' Cinnamon Cove Grooved - Trex Enhance Naturals Decking,TREX,,,Boise Cascade Building Materials (BOICA),"Trex Company, Inc.",Enhance,,543076416,,Building Materials>Lumber & Composites>Decking & Railing,"Trex Company, Inc. Enhance, Decking Board, 543076416",DECKING,Enhance 543076416 Decking Board,Enhance Decking Board,Decking Board,,,,,,,,,,,,,,,,,,,,,,,,,,,Decking Board,,,,,,,,,,,,,,,,,,,,,,,,,,,,,,,,,,,,,,,,,,,,,,,,,,,,,,,,,,,,,,,,,,,,,,,,,,,,,,,,,,,,,,,,,,,,,,,,,,,,,,,,,,,,,,,,,,,,,,,,,,,,,,,,,,,,,,,,,,,,,,,,,,,,,,,,,,,,,,,,,,,,,,,,,,,,,,,,,,,,,,,,,,,,,,,,,,,,,
no source found,,,,,,,Lumber,Decking,Composite Decking,,543076420,1nx6-20' Cinnamon Cove Grooved - Trex Enhance Naturals Decking,TREX,,,Boise Cascade Building Materials (BOICA),"Trex Company, Inc.",Enhance,,543076420,,Building Materials>Lumber & Composites>Decking & Railing,"Trex Company, Inc. Enhance, Decking Board, 543076420",DECKING,Enhance 543076420 Decking Board,Enhance Decking Board,Decking Board,,,,,,,,,,,,,,,,,,,,,,,,,,,Decking Board,,,,,,,,,,,,,,,,,,,,,,,,,,,,,,,,,,,,,,,,,,,,,,,,,,,,,,,,,,,,,,,,,,,,,,,,,,,,,,,,,,,,,,,,,,,,,,,,,,,,,,,,,,,,,,,,,,,,,,,,,,,,,,,,,,,,,,,,,,,,,,,,,,,,,,,,,,,,,,,,,,,,,,,,,,,,,,,,,,,,,,,,,,,,,,,,,,,,,
no source found,,,,,,,Lumber,Decking,Composite Decking,,1516870,1nx6-16' Golden Hour Sq Edge - Trex Enhance Naturals Decking,TREX,,,Boise Cascade Building Materials (BOICA),"Trex Company, Inc.",Enhance,,1516870,,Building Materials>Lumber & Composites>Decking & Railing,"Trex Company, Inc. Enhance, Decking Board, 1516870",DECKING,Enhance 1516870 Decking Board,Enhance Decking Board,Decking Board,,,,,,,,,,,,,,,,,,,,,,,,,,,Decking Board,,,,,,,,,,,,,,,,,,,,,,,,,,,,,,,,,,,,,,,,,,,,,,,,,,,,,,,,,,,,,,,,,,,,,,,,,,,,,,,,,,,,,,,,,,,,,,,,,,,,,,,,,,,,,,,,,,,,,,,,,,,,,,,,,,,,,,,,,,,,,,,,,,,,,,,,,,,,,,,,,,,,,,,,,,,,,,,,,,,,,,,,,,,,,,,,,,,,,
no source found,,,,,,,Lumber,Decking,Composite Decking,,1516871,1nx6-20' Golden Hour Sq Edge - Trex Enhance Naturals Decking,TREX,,,Boise Cascade Building Materials (BOICA),"Trex Company, Inc.",Enhance,,1516871,,Building Materials>Lumber & Composites>Decking & Railing,"Trex Company, Inc. Enhance, Decking Board, 1516871",DECKING,Enhance 1516871 Decking Board,Enhance Decking Board,Decking Board,,,,,,,,,,,,,,,,,,,,,,,,,,,Decking Board,,,,,,,,,,,,,,,,,,,,,,,,,,,,,,,,,,,,,,,,,,,,,,,,,,,,,,,,,,,,,,,,,,,,,,,,,,,,,,,,,,,,,,,,,,,,,,,,,,,,,,,,,,,,,,,,,,,,,,,,,,,,,,,,,,,,,,,,,,,,,,,,,,,,,,,,,,,,,,,,,,,,,,,,,,,,,,,,,,,,,,,,,,,,,,,,,,,,,
no source found,,,,,,,Lumber,Decking,Composite Decking,,1516872,1nx6-12' Golden Hour Grooved - Trex Enhance Naturals Decking,TREX,,,Boise Cascade Building Materials (BOICA),"Trex Company, Inc.",Enhance,,1516872,,Building Materials>Lumber & Composites>Decking & Railing,"Trex Company, Inc. Enhance, Decking Board, 1516872",DECKING,Enhance 1516872 Decking Board,Enhance Decking Board,Decking Board,,,,,,,,,,,,,,,,,,,,,,,,,,,Decking Board,,,,,,,,,,,,,,,,,,,,,,,,,,,,,,,,,,,,,,,,,,,,,,,,,,,,,,,,,,,,,,,,,,,,,,,,,,,,,,,,,,,,,,,,,,,,,,,,,,,,,,,,,,,,,,,,,,,,,,,,,,,,,,,,,,,,,,,,,,,,,,,,,,,,,,,,,,,,,,,,,,,,,,,,,,,,,,,,,,,,,,,,,,,,,,,,,,,,,
no source found,,,,,,,Lumber,Decking,Composite Decking,,1516873,1nx6-16' Golden Hour Grooved - Trex Enhance Naturals Decking,TREX,,,Boise Cascade Building Materials (BOICA),"Trex Company, Inc.",Enhance,,1516873,,Building Materials>Lumber & Composites>Decking & Railing,"Trex Company, Inc. Enhance, Decking Board, 1516873",DECKING,Enhance 1516873 Decking Board,Enhance Decking Board,Decking Board,,,,,,,,,,,,,,,,,,,,,,,,,,,Decking Board,,,,,,,,,,,,,,,,,,,,,,,,,,,,,,,,,,,,,,,,,,,,,,,,,,,,,,,,,,,,,,,,,,,,,,,,,,,,,,,,,,,,,,,,,,,,,,,,,,,,,,,,,,,,,,,,,,,,,,,,,,,,,,,,,,,,,,,,,,,,,,,,,,,,,,,,,,,,,,,,,,,,,,,,,,,,,,,,,,,,,,,,,,,,,,,,,,,,,
no source found,,,,,,,Lumber,Decking,Composite Decking,,1516874,1nx6-20' Golden Hour Grooved - Trex Enhance Naturals Decking,TREX,,,Boise Cascade Building Materials (BOICA),"Trex Company, Inc.",Enhance,,1516874,,Building Materials>Lumber & Composites>Decking & Railing,"Trex Company, Inc. Enhance, Decking Board, 1516874",DECKING,Enhance 1516874 Decking Board,Enhance Decking Board,Decking Board,,,,,,,,,,,,,,,,,,,,,,,,,,,Decking Board,,,,,,,,,,,,,,,,,,,,,,,,,,,,,,,,,,,,,,,,,,,,,,,,,,,,,,,,,,,,,,,,,,,,,,,,,,,,,,,,,,,,,,,,,,,,,,,,,,,,,,,,,,,,,,,,,,,,,,,,,,,,,,,,,,,,,,,,,,,,,,,,,,,,,,,,,,,,,,,,,,,,,,,,,,,,,,,,,,,,,,,,,,,,,,,,,,,,,
no source found,,,,,,,Lumber,Decking,Composite Decking,,1516879,1nx6-16' Pebble Beach Sq Edge - Trex Enhance Basics Decking,TREX,,,Boise Cascade Building Materials (BOICA),"Trex Company, Inc.",Enhance,,1516879,,Building Materials>Lumber & Composites>Decking & Railing,"Trex Company, Inc. Enhance, Decking Board, 1516879",DECKING,Enhance 1516879 Decking Board,Enhance Decking Board,Decking Board,,,,,,,,,,,,,,,,,,,,,,,,,,,Decking Board,,,,,,,,,,,,,,,,,,,,,,,,,,,,,,,,,,,,,,,,,,,,,,,,,,,,,,,,,,,,,,,,,,,,,,,,,,,,,,,,,,,,,,,,,,,,,,,,,,,,,,,,,,,,,,,,,,,,,,,,,,,,,,,,,,,,,,,,,,,,,,,,,,,,,,,,,,,,,,,,,,,,,,,,,,,,,,,,,,,,,,,,,,,,,,,,,,,,,
no source found,,,,,,,Lumber,Decking,Composite Decking,,1516880,1nx6-20' Pebble Beach Sq Edge - Trex Enhance Basics Decking,TREX,,,Boise Cascade Building Materials (BOICA),"Trex Company, Inc.",Enhance,,1516880,,Building Materials>Lumber & Composites>Decking & Railing,"Trex Company, Inc. Enhance, Decking Board, 1516880",DECKING,Enhance 1516880 Decking Board,Enhance Decking Board,Decking Board,,,,,,,,,,,,,,,,,,,,,,,,,,,Decking Board,,,,,,,,,,,,,,,,,,,,,,,,,,,,,,,,,,,,,,,,,,,,,,,,,,,,,,,,,,,,,,,,,,,,,,,,,,,,,,,,,,,,,,,,,,,,,,,,,,,,,,,,,,,,,,,,,,,,,,,,,,,,,,,,,,,,,,,,,,,,,,,,,,,,,,,,,,,,,,,,,,,,,,,,,,,,,,,,,,,,,,,,,,,,,,,,,,,,,
no source found,,,,,,,Lumber,Decking,Composite Decking,,1516881,1nx6-12' Pebble Beach Grooved - Trex Enhance Basics Decking,TREX,,,Boise Cascade Building Materials (BOICA),"Trex Company, Inc.",Enhance,,1516881,,Building Materials>Lumber & Composites>Decking & Railing,"Trex Company, Inc. Enhance, Decking Board, 1516881",DECKING,Enhance 1516881 Decking Board,Enhance Decking Board,Decking Board,,,,,,,,,,,,,,,,,,,,,,,,,,,Decking Board,,,,,,,,,,,,,,,,,,,,,,,,,,,,,,,,,,,,,,,,,,,,,,,,,,,,,,,,,,,,,,,,,,,,,,,,,,,,,,,,,,,,,,,,,,,,,,,,,,,,,,,,,,,,,,,,,,,,,,,,,,,,,,,,,,,,,,,,,,,,,,,,,,,,,,,,,,,,,,,,,,,,,,,,,,,,,,,,,,,,,,,,,,,,,,,,,,,,,
no source found,,,,,,,Lumber,Decking,Composite Decking,,1516882,1nx6-16' Pebble Beach Grooved - Trex Enhance Basics Decking,TREX,,,Boise Cascade Building Materials (BOICA),"Trex Company, Inc.",Enhance,,1516882,,Building Materials>Lumber & Composites>Decking & Railing,"Trex Company, Inc. Enhance, Decking Board, 1516882",DECKING,Enhance 1516882 Decking Board,Enhance Decking Board,Decking Board,,,,,,,,,,,,,,,,,,,,,,,,,,,Decking Board,,,,,,,,,,,,,,,,,,,,,,,,,,,,,,,,,,,,,,,,,,,,,,,,,,,,,,,,,,,,,,,,,,,,,,,,,,,,,,,,,,,,,,,,,,,,,,,,,,,,,,,,,,,,,,,,,,,,,,,,,,,,,,,,,,,,,,,,,,,,,,,,,,,,,,,,,,,,,,,,,,,,,,,,,,,,,,,,,,,,,,,,,,,,,,,,,,,,,
no source found,,,,,,,Lumber,Decking,Composite Decking,,1516883,1nx6-20' Pebble Beach Grooved - Trex Enhance Basics Decking,TREX,,,Boise Cascade Building Materials (BOICA),"Trex Company, Inc.",Enhance,,1516883,,Building Materials>Lumber & Composites>Decking & Railing,"Trex Company, Inc. Enhance, Decking Board, 1516883",DECKING,Enhance 1516883 Decking Board,Enhance Decking Board,Decking Board,,,,,,,,,,,,,,,,,,,,,,,,,,,Decking Board,,,,,,,,,,,,,,,,,,,,,,,,,,,,,,,,,,,,,,,,,,,,,,,,,,,,,,,,,,,,,,,,,,,,,,,,,,,,,,,,,,,,,,,,,,,,,,,,,,,,,,,,,,,,,,,,,,,,,,,,,,,,,,,,,,,,,,,,,,,,,,,,,,,,,,,,,,,,,,,,,,,,,,,,,,,,,,,,,,,,,,,,,,,,,,,,,,,,,
no source found,,,,,,,Lumber,Decking,Composite Decking,,543005016,7/8nx6-16' Malted Barley Sq Edge - Trex Select 2.0 Decking,TREX,,,Boise Cascade Building Materials (BOICA),"Trex Company, Inc.",Select,,543005016,,Building Materials>Lumber & Composites>Decking & Railing,"Trex Company, Inc. Select, Decking Board, 543005016",DECKING,Select 543005016 Decking Board,Select Decking Board,Decking Board,,,,,,,,,,,,,,,,,,,,,,,,,,,Decking Board,,,,,,,,,,,,,,,,,,,,,,,,,,,,,,,,,,,,,,,,,,,,,,,,,,,,,,,,,,,,,,,,,,,,,,,,,,,,,,,,,,,,,,,,,,,,,,,,,,,,,,,,,,,,,,,,,,,,,,,,,,,,,,,,,,,,,,,,,,,,,,,,,,,,,,,,,,,,,,,,,,,,,,,,,,,,,,,,,,,,,,,,,,,,,,,,,,,,,
no source found,,,,,,,Lumber,Decking,Composite Decking,,543005020,7/8nx6-20' Malted Barley Sq Edge - Trex Select 2.0 Decking,TREX,,,Boise Cascade Building Materials (BOICA),"Trex Company, Inc.",Select,,543005020,,Building Materials>Lumber & Composites>Decking & Railing,"Trex Company, Inc. Select, Decking Board, 543005020",DECKING,Select 543005020 Decking Board,Select Decking Board,Decking Board,,,,,,,,,,,,,,,,,,,,,,,,,,,Decking Board,,,,,,,,,,,,,,,,,,,,,,,,,,,,,,,,,,,,,,,,,,,,,,,,,,,,,,,,,,,,,,,,,,,,,,,,,,,,,,,,,,,,,,,,,,,,,,,,,,,,,,,,,,,,,,,,,,,,,,,,,,,,,,,,,,,,,,,,,,,,,,,,,,,,,,,,,,,,,,,,,,,,,,,,,,,,,,,,,,,,,,,,,,,,,,,,,,,,,
no source found,,,,,,,Lumber,Decking,Composite Decking,,543005412,7/8nx6-12' Malted Barley Grooved - Trex Select 2.0 Decking,TREX,,,Boise Cascade Building Materials (BOICA),"Trex Company, Inc.",Select,,543005412,,Building Materials>Lumber & Composites>Decking & Railing,"Trex Company, Inc. Select, Decking Board, 543005412",DECKING,Select 543005412 Decking Board,Select Decking Board,Decking Board,,,,,,,,,,,,,,,,,,,,,,,,,,,Decking Board,,,,,,,,,,,,,,,,,,,,,,,,,,,,,,,,,,,,,,,,,,,,,,,,,,,,,,,,,,,,,,,,,,,,,,,,,,,,,,,,,,,,,,,,,,,,,,,,,,,,,,,,,,,,,,,,,,,,,,,,,,,,,,,,,,,,,,,,,,,,,,,,,,,,,,,,,,,,,,,,,,,,,,,,,,,,,,,,,,,,,,,,,,,,,,,,,,,,,
no source found,,,,,,,Lumber,Decking,Composite Decking,,543005416,7/8nx6-16' Malted Barley Grooved - Trex Select 2.0 Decking,TREX,,,Boise Cascade Building Materials (BOICA),"Trex Company, Inc.",Select,,543005416,,Building Materials>Lumber & Composites>Decking & Railing,"Trex Company, Inc. Select, Decking Board, 543005416",DECKING,Select 543005416 Decking Board,Select Decking Board,Decking Board,,,,,,,,,,,,,,,,,,,,,,,,,,,Decking Board,,,,,,,,,,,,,,,,,,,,,,,,,,,,,,,,,,,,,,,,,,,,,,,,,,,,,,,,,,,,,,,,,,,,,,,,,,,,,,,,,,,,,,,,,,,,,,,,,,,,,,,,,,,,,,,,,,,,,,,,,,,,,,,,,,,,,,,,,,,,,,,,,,,,,,,,,,,,,,,,,,,,,,,,,,,,,,,,,,,,,,,,,,,,,,,,,,,,,
no source found,,,,,,,Lumber,Decking,Composite Decking,,543005420,7/8nx6-20' Malted Barley Grooved - Trex Select 2.0 Decking,TREX,,,Boise Cascade Building Materials (BOICA),"Trex Company, Inc.",Select,,543005420,,Building Materials>Lumber & Composites>Decking & Railing,"Trex Company, Inc. Select, Decking Board, 543005420",DECKING,Select 543005420 Decking Board,Select Decking Board,Decking Board,,,,,,,,,,,,,,,,,,,,,,,,,,,Decking Board,,,,,,,,,,,,,,,,,,,,,,,,,,,,,,,,,,,,,,,,,,,,,,,,,,,,,,,,,,,,,,,,,,,,,,,,,,,,,,,,,,,,,,,,,,,,,,,,,,,,,,,,,,,,,,,,,,,,,,,,,,,,,,,,,,,,,,,,,,,,,,,,,,,,,,,,,,,,,,,,,,,,,,,,,,,,,,,,,,,,,,,,,,,,,,,,,,,,,
no source found,,,,,,,Lumber,Decking,Composite Decking,,1516891,7/8nx6-16' Millstone Sq Edge - Trex Select 2.0 Decking,TREX,,,Boise Cascade Building Materials (BOICA),"Trex Company, Inc.",Select,,1516891,,Building Materials>Lumber & Composites>Decking & Railing,"Trex Company, Inc. Select, Decking Board, 1516891",DECKING,Select 1516891 Decking Board,Select Decking Board,Decking Board,,,,,,,,,,,,,,,,,,,,,,,,,,,Decking Board,,,,,,,,,,,,,,,,,,,,,,,,,,,,,,,,,,,,,,,,,,,,,,,,,,,,,,,,,,,,,,,,,,,,,,,,,,,,,,,,,,,,,,,,,,,,,,,,,,,,,,,,,,,,,,,,,,,,,,,,,,,,,,,,,,,,,,,,,,,,,,,,,,,,,,,,,,,,,,,,,,,,,,,,,,,,,,,,,,,,,,,,,,,,,,,,,,,,,
no source found,,,,,,,Lumber,Decking,Composite Decking,,1516892,7/8nx6-20' Millstone Sq Edge -Trex Select 2.0 Decking,TREX,,,Boise Cascade Building Materials (BOICA),"Trex Company, Inc.",Select,,1516892,,Building Materials>Lumber & Composites>Decking & Railing,"Trex Company, Inc. Select, Decking Board, 1516892",DECKING,Select 1516892 Decking Board,Select Decking Board,Decking Board,,,,,,,,,,,,,,,,,,,,,,,,,,,Decking Board,,,,,,,,,,,,,,,,,,,,,,,,,,,,,,,,,,,,,,,,,,,,,,,,,,,,,,,,,,,,,,,,,,,,,,,,,,,,,,,,,,,,,,,,,,,,,,,,,,,,,,,,,,,,,,,,,,,,,,,,,,,,,,,,,,,,,,,,,,,,,,,,,,,,,,,,,,,,,,,,,,,,,,,,,,,,,,,,,,,,,,,,,,,,,,,,,,,,,
no source found,,,,,,,Lumber,Decking,Composite Decking,,1516893,7/8nx6-12' Millstone Grooved - Trex Select 2.0 Decking,TREX,,,Boise Cascade Building Materials (BOICA),"Trex Company, Inc.",Select,,1516893,,Building Materials>Lumber & Composites>Decking & Railing,"Trex Company, Inc. Select, Decking Board, 1516893",DECKING,Select 1516893 Decking Board,Select Decking Board,Decking Board,,,,,,,,,,,,,,,,,,,,,,,,,,,Decking Board,,,,,,,,,,,,,,,,,,,,,,,,,,,,,,,,,,,,,,,,,,,,,,,,,,,,,,,,,,,,,,,,,,,,,,,,,,,,,,,,,,,,,,,,,,,,,,,,,,,,,,,,,,,,,,,,,,,,,,,,,,,,,,,,,,,,,,,,,,,,,,,,,,,,,,,,,,,,,,,,,,,,,,,,,,,,,,,,,,,,,,,,,,,,,,,,,,,,,
no source found,,,,,,,Lumber,Decking,Composite Decking,,1516894,7/8nx6-16' Millstone Grooved - Trex Select 2.0 Decking,TREX,,,Boise Cascade Building Materials (BOICA),"Trex Company, Inc.",Select,,1516894,,Building Materials>Lumber & Composites>Decking & Railing,"Trex Company, Inc. Select, Decking Board, 1516894",DECKING,Select 1516894 Decking Board,Select Decking Board,Decking Board,,,,,,,,,,,,,,,,,,,,,,,,,,,Decking Board,,,,,,,,,,,,,,,,,,,,,,,,,,,,,,,,,,,,,,,,,,,,,,,,,,,,,,,,,,,,,,,,,,,,,,,,,,,,,,,,,,,,,,,,,,,,,,,,,,,,,,,,,,,,,,,,,,,,,,,,,,,,,,,,,,,,,,,,,,,,,,,,,,,,,,,,,,,,,,,,,,,,,,,,,,,,,,,,,,,,,,,,,,,,,,,,,,,,,
no source found,,,,,,,Lumber,Decking,Composite Decking,,1516895,7/8nx6-20' Millstone Grooved - Trex Select 2.0 Decking,TREX,,,Boise Cascade Building Materials (BOICA),"Trex Company, Inc.",Select,,1516895,,Building Materials>Lumber & Composites>Decking & Railing,"Trex Company, Inc. Select, Decking Board, 1516895",DECKING,Select 1516895 Decking Board,Select Decking Board,Decking Board,,,,,,,,,,,,,,,,,,,,,,,,,,,Decking Board,,,,,,,,,,,,,,,,,,,,,,,,,,,,,,,,,,,,,,,,,,,,,,,,,,,,,,,,,,,,,,,,,,,,,,,,,,,,,,,,,,,,,,,,,,,,,,,,,,,,,,,,,,,,,,,,,,,,,,,,,,,,,,,,,,,,,,,,,,,,,,,,,,,,,,,,,,,,,,,,,,,,,,,,,,,,,,,,,,,,,,,,,,,,,,,,,,,,,
no source found,,,,,,,Lumber,Decking,Composite Decking,,543007016,7/8nx6-16' Whiskey Barrel Sq Edge - Trex Select 2.0 Decking,TREX,,,Boise Cascade Building Materials (BOICA),"Trex Company, Inc.",Select,,543007016,,Building Materials>Lumber & Composites>Decking & Railing,"Trex Company, Inc. Select, Decking Board, 543007016",DECKING,Select 543007016 Decking Board,Select Decking Board,Decking Board,,,,,,,,,,,,,,,,,,,,,,,,,,,Decking Board,,,,,,,,,,,,,,,,,,,,,,,,,,,,,,,,,,,,,,,,,,,,,,,,,,,,,,,,,,,,,,,,,,,,,,,,,,,,,,,,,,,,,,,,,,,,,,,,,,,,,,,,,,,,,,,,,,,,,,,,,,,,,,,,,,,,,,,,,,,,,,,,,,,,,,,,,,,,,,,,,,,,,,,,,,,,,,,,,,,,,,,,,,,,,,,,,,,,,
no source found,,,,,,,Lumber,Decking,Composite Decking,,543007020,7/8nx6-20' Whiskey Barrel Sq Edge - Trex Select 2.0 Decking,TREX,,,Boise Cascade Building Materials (BOICA),"Trex Company, Inc.",Select,,543007020,,Building Materials>Lumber & Composites>Decking & Railing,"Trex Company, Inc. Select, Decking Board, 543007020",DECKING,Select 543007020 Decking Board,Select Decking Board,Decking Board,,,,,,,,,,,,,,,,,,,,,,,,,,,Decking Board,,,,,,,,,,,,,,,,,,,,,,,,,,,,,,,,,,,,,,,,,,,,,,,,,,,,,,,,,,,,,,,,,,,,,,,,,,,,,,,,,,,,,,,,,,,,,,,,,,,,,,,,,,,,,,,,,,,,,,,,,,,,,,,,,,,,,,,,,,,,,,,,,,,,,,,,,,,,,,,,,,,,,,,,,,,,,,,,,,,,,,,,,,,,,,,,,,,,,
no source found,,,,,,,Lumber,Decking,Composite Decking,,543007412,7/8nx6-12' Whiskey Barrel Grooved - Trex Select 2.0 Decking,TREX,,,Boise Cascade Building Materials (BOICA),"Trex Company, Inc.",Select,,543007412,,Building Materials>Lumber & Composites>Decking & Railing,"Trex Company, Inc. Select, Decking Board, 543007412",DECKING,Select 543007412 Decking Board,Select Decking Board,Decking Board,,,,,,,,,,,,,,,,,,,,,,,,,,,Decking Board,,,,,,,,,,,,,,,,,,,,,,,,,,,,,,,,,,,,,,,,,,,,,,,,,,,,,,,,,,,,,,,,,,,,,,,,,,,,,,,,,,,,,,,,,,,,,,,,,,,,,,,,,,,,,,,,,,,,,,,,,,,,,,,,,,,,,,,,,,,,,,,,,,,,,,,,,,,,,,,,,,,,,,,,,,,,,,,,,,,,,,,,,,,,,,,,,,,,,
no source found,,,,,,,Lumber,Decking,Composite Decking,,543007416,7/8nx6-16' Whiskey Barrel Grooved - Trex Select 2.0 Decking,TREX,,,Boise Cascade Building Materials (BOICA),"Trex Company, Inc.",Select,,543007416,,Building Materials>Lumber & Composites>Decking & Railing,"Trex Company, Inc. Select, Decking Board, 543007416",DECKING,Select 543007416 Decking Board,Select Decking Board,Decking Board,,,,,,,,,,,,,,,,,,,,,,,,,,,Decking Board,,,,,,,,,,,,,,,,,,,,,,,,,,,,,,,,,,,,,,,,,,,,,,,,,,,,,,,,,,,,,,,,,,,,,,,,,,,,,,,,,,,,,,,,,,,,,,,,,,,,,,,,,,,,,,,,,,,,,,,,,,,,,,,,,,,,,,,,,,,,,,,,,,,,,,,,,,,,,,,,,,,,,,,,,,,,,,,,,,,,,,,,,,,,,,,,,,,,,
no source found,,,,,,,Lumber,Decking,Composite Decking,,543007420,7/8nx6-20' Whiskey Barrel Grooved - Trex Select 2.0 Decking,TREX,,,Boise Cascade Building Materials (BOICA),"Trex Company, Inc.",Select,,543007420,,Building Materials>Lumber & Composites>Decking & Railing,"Trex Company, Inc. Select, Decking Board, 543007420",DECKING,Select 543007420 Decking Board,Select Decking Board,Decking Board,,,,,,,,,,,,,,,,,,,,,,,,,,,Decking Board,,,,,,,,,,,,,,,,,,,,,,,,,,,,,,,,,,,,,,,,,,,,,,,,,,,,,,,,,,,,,,,,,,,,,,,,,,,,,,,,,,,,,,,,,,,,,,,,,,,,,,,,,,,,,,,,,,,,,,,,,,,,,,,,,,,,,,,,,,,,,,,,,,,,,,,,,,,,,,,,,,,,,,,,,,,,,,,,,,,,,,,,,,,,,,,,,,,,,
no source found,,,,,,,Lumber,Decking,Composite Decking,,ADR5117512CS,1x12-12' Coastline - Vintage Azek PVC Fascia,TIMBERTECH,,,Parksite (6151),DuPont,Tyvek,,ADR5117512CS,,Building Materials>Lumber & Composites>Decking & Railing,"DuPont Tyvek, Decking, ADR5117512CS",DECKING,Tyvek ADR5117512CS Decking,Tyvek Decking,Decking,,,,,,,,,,,,,,,,,,,,,,,,,,,Decking,,,,,,,,,,,,,,,,,,,,,,,,,,,,,,,,,,,,,,,,,,,,,,,,,,,,,,,,,,,,,,,,,,,,,,,,,,,,,,,,,,,,,,,,,,,,,,,,,,,,,,,,,,,,,,,,,,,,,,,,,,,,,,,,,,,,,,,,,,,,,,,,,,,,,,,,,,,,,,,,,,,,,,,,,,,,,,,,,,,,,,,,,,,,,,,,,,,,,
no source found,,,,,,,Lumber,Decking,Composite Decking,,ADR5117512MH,1x12-12' Mahogany - Vintage Azek PVC Fascia,TIMBERTECH,,,Parksite (6151),DuPont,Tyvek,,ADR5117512MH,,Building Materials>Lumber & Composites>Decking & Railing,"DuPont Tyvek, Decking, ADR5117512MH",DECKING,Tyvek ADR5117512MH Decking,Tyvek Decking,Decking,,,,,,,,,,,,,,,,,,,,,,,,,,,Decking,,,,,,,,,,,,,,,,,,,,,,,,,,,,,,,,,,,,,,,,,,,,,,,,,,,,,,,,,,,,,,,,,,,,,,,,,,,,,,,,,,,,,,,,,,,,,,,,,,,,,,,,,,,,,,,,,,,,,,,,,,,,,,,,,,,,,,,,,,,,,,,,,,,,,,,,,,,,,,,,,,,,,,,,,,,,,,,,,,,,,,,,,,,,,,,,,,,,,
no source found,,,,,,,Lumber,Decking,Composite Decking,,ADR5117512WT,1x12-12' Weathered Teak - Vintage Azek PVC Fascia,TIMBERTECH,,,Parksite (6151),DuPont,Tyvek,,ADR5117512WT,,Building Materials>Lumber & Composites>Decking & Railing,"DuPont Tyvek, Decking, ADR5117512WT",DECKING,Tyvek ADR5117512WT Decking,Tyvek Decking,Decking,,,,,,,,,,,,,,,,,,,,,,,,,,,Decking,,,,,,,,,,,,,,,,,,,,,,,,,,,,,,,,,,,,,,,,,,,,,,,,,,,,,,,,,,,,,,,,,,,,,,,,,,,,,,,,,,,,,,,,,,,,,,,,,,,,,,,,,,,,,,,,,,,,,,,,,,,,,,,,,,,,,,,,,,,,,,,,,,,,,,,,,,,,,,,,,,,,,,,,,,,,,,,,,,,,,,,,,,,,,,,,,,,,,
no source found,,,,,,,Lumber,Decking,Composite Decking,,ADR5117512AW,1x12-12' American Walnut - Landmark Azek PVC Fascia,TIMBERTECH,,,Parksite (6151),DuPont,Tyvek,,ADR5117512AW,,Building Materials>Lumber & Composites>Decking & Railing,"DuPont Tyvek, Decking, ADR5117512AW",DECKING,Tyvek ADR5117512AW Decking,Tyvek Decking,Decking,,,,,,,,,,,,,,,,,,,,,,,,,,,Decking,,,,,,,,,,,,,,,,,,,,,,,,,,,,,,,,,,,,,,,,,,,,,,,,,,,,,,,,,,,,,,,,,,,,,,,,,,,,,,,,,,,,,,,,,,,,,,,,,,,,,,,,,,,,,,,,,,,,,,,,,,,,,,,,,,,,,,,,,,,,,,,,,,,,,,,,,,,,,,,,,,,,,,,,,,,,,,,,,,,,,,,,,,,,,,,,,,,,,
no source found,,,,,,,Lumber,Decking,Composite Decking,,ADR5117512CG,1x12-12' Castle Gate - Landmark Azek PVC Fascia,TIMBERTECH,,,Parksite (6151),DuPont,Tyvek,,ADR5117512CG,,Building Materials>Lumber & Composites>Decking & Railing,"DuPont Tyvek, Decking, ADR5117512CG",DECKING,Tyvek ADR5117512CG Decking,Tyvek Decking,Decking,,,,,,,,,,,,,,,,,,,,,,,,,,,Decking,,,,,,,,,,,,,,,,,,,,,,,,,,,,,,,,,,,,,,,,,,,,,,,,,,,,,,,,,,,,,,,,,,,,,,,,,,,,,,,,,,,,,,,,,,,,,,,,,,,,,,,,,,,,,,,,,,,,,,,,,,,,,,,,,,,,,,,,,,,,,,,,,,,,,,,,,,,,,,,,,,,,,,,,,,,,,,,,,,,,,,,,,,,,,,,,,,,,,
no source found,,,,,,,Lumber,Decking,Composite Decking,,ADR5117512FW,1x12-12' French White Oak - Landmark Azek PVC Fascia,TIMBERTECH,,,Parksite (6151),DuPont,Tyvek,,ADR5117512FW,,Building Materials>Lumber & Composites>Decking & Railing,"DuPont Tyvek, Decking, ADR5117512FW",DECKING,Tyvek ADR5117512FW Decking,Tyvek Decking,Decking,,,,,,,,,,,,,,,,,,,,,,,,,,,Decking,,,,,,,,,,,,,,,,,,,,,,,,,,,,,,,,,,,,,,,,,,,,,,,,,,,,,,,,,,,,,,,,,,,,,,,,,,,,,,,,,,,,,,,,,,,,,,,,,,,,,,,,,,,,,,,,,,,,,,,,,,,,,,,,,,,,,,,,,,,,,,,,,,,,,,,,,,,,,,,,,,,,,,,,,,,,,,,,,,,,,,,,,,,,,,,,,,,,,
no source found,,,,,,,Lumber,Decking,Composite Decking,,1508395,1x8-12' Brownstone - Harvest Azek PVC Fascia,TIMBERTECH,,,Parksite (6151),DuPont,Tyvek,,1508395,,Building Materials>Lumber & Composites>Decking & Railing,"DuPont Tyvek, Decking, 1508395",DECKING,Tyvek 1508395 Decking,Tyvek Decking,Decking,,,,,,,,,,,,,,,,,,,,,,,,,,,Decking,,,,,,,,,,,,,,,,,,,,,,,,,,,,,,,,,,,,,,,,,,,,,,,,,,,,,,,,,,,,,,,,,,,,,,,,,,,,,,,,,,,,,,,,,,,,,,,,,,,,,,,,,,,,,,,,,,,,,,,,,,,,,,,,,,,,,,,,,,,,,,,,,,,,,,,,,,,,,,,,,,,,,,,,,,,,,,,,,,,,,,,,,,,,,,,,,,,,,
no source found,,,,,,,Lumber,Decking,Composite Decking,,1508396,1x8-12' Slate Gray - Harvest Azek PVC Fascia,TIMBERTECH,,,Parksite (6151),DuPont,Tyvek,,1508396,,Building Materials>Lumber & Composites>Decking & Railing,"DuPont Tyvek, Decking, 1508396",DECKING,Tyvek 1508396 Decking,Tyvek Decking,Decking,,,,,,,,,,,,,,,,,,,,,,,,,,,Decking,,,,,,,,,,,,,,,,,,,,,,,,,,,,,,,,,,,,,,,,,,,,,,,,,,,,,,,,,,,,,,,,,,,,,,,,,,,,,,,,,,,,,,,,,,,,,,,,,,,,,,,,,,,,,,,,,,,,,,,,,,,,,,,,,,,,,,,,,,,,,,,,,,,,,,,,,,,,,,,,,,,,,,,,,,,,,,,,,,,,,,,,,,,,,,,,,,,,,
no source found,,,,,,,Lumber,Decking,Composite Decking,,ADCR5117512BS,1x12-12' Brownstone - Harvest Azek PVC Fascia,TIMBERTECH,,,Parksite (6151),DuPont,Tyvek,,ADCR5117512BS,,Building Materials>Lumber & Composites>Decking & Railing,"DuPont Tyvek, Decking, ADCR5117512BS",DECKING,Tyvek ADCR5117512BS Decking,Tyvek Decking,Decking,,,,,,,,,,,,,,,,,,,,,,,,,,,Decking,,,,,,,,,,,,,,,,,,,,,,,,,,,,,,,,,,,,,,,,,,,,,,,,,,,,,,,,,,,,,,,,,,,,,,,,,,,,,,,,,,,,,,,,,,,,,,,,,,,,,,,,,,,,,,,,,,,,,,,,,,,,,,,,,,,,,,,,,,,,,,,,,,,,,,,,,,,,,,,,,,,,,,,,,,,,,,,,,,,,,,,,,,,,,,,,,,,,,
no source found,,,,,,,Lumber,Decking,Composite Decking,,ADCR5117512SG,1x12-12' Slate Gray - Harvest Azek PVC Fascia,TIMBERTECH,,,Parksite (6151),DuPont,Tyvek,,ADCR5117512SG,,Building Materials>Lumber & Composites>Decking & Railing,"DuPont Tyvek, Decking, ADCR5117512SG",DECKING,Tyvek ADCR5117512SG Decking,Tyvek Decking,Decking,,,,,,,,,,,,,,,,,,,,,,,,,,,Decking,,,,,,,,,,,,,,,,,,,,,,,,,,,,,,,,,,,,,,,,,,,,,,,,,,,,,,,,,,,,,,,,,,,,,,,,,,,,,,,,,,,,,,,,,,,,,,,,,,,,,,,,,,,,,,,,,,,,,,,,,,,,,,,,,,,,,,,,,,,,,,,,,,,,,,,,,,,,,,,,,,,,,,,,,,,,,,,,,,,,,,,,,,,,,,,,,,,,,
no source found,,,,,,,Lumber,Decking,Composite Decking,,543140908,1x8-12' Biscayne - Trex Lineage,TREX,,,U S Lumber (3073),"Trex Company, Inc.",Trex,,543140908,,Building Materials>Lumber & Composites>Decking & Railing,"Trex Company, Inc. Trex, Decking, 543140908",DECKING,Trex 543140908 Decking,Trex Decking,Decking,,,,,,,,,,,,,,,,,,,,,,,,,,,Decking,,,,,,,,,,,,,,,,,,,,,,,,,,,,,,,,,,,,,,,,,,,,,,,,,,,,,,,,,,,,,,,,,,,,,,,,,,,,,,,,,,,,,,,,,,,,,,,,,,,,,,,,,,,,,,,,,,,,,,,,,,,,,,,,,,,,,,,,,,,,,,,,,,,,,,,,,,,,,,,,,,,,,,,,,,,,,,,,,,,,,,,,,,,,,,,,,,,,,
no source found,,,,,,,Lumber,Decking,Composite Decking,,543142908,1x8-12' Carmel - Trex Lineage,TREX,,,U S Lumber (3073),"Trex Company, Inc.",Trex,,543142908,,Building Materials>Lumber & Composites>Decking & Railing,"Trex Company, Inc. Trex, Decking, 543142908",DECKING,Trex 543142908 Decking,Trex Decking,Decking,,,,,,,,,,,,,,,,,,,,,,,,,,,Decking,,,,,,,,,,,,,,,,,,,,,,,,,,,,,,,,,,,,,,,,,,,,,,,,,,,,,,,,,,,,,,,,,,,,,,,,,,,,,,,,,,,,,,,,,,,,,,,,,,,,,,,,,,,,,,,,,,,,,,,,,,,,,,,,,,,,,,,,,,,,,,,,,,,,,,,,,,,,,,,,,,,,,,,,,,,,,,,,,,,,,,,,,,,,,,,,,,,,,
no source found,,,,,,,Lumber,Decking,Composite Decking,,543143908,1x8-12' Jasper - Trex Lineage,TREX,,,U S Lumber (3073),"Trex Company, Inc.",Trex,,543143908,,Building Materials>Lumber & Composites>Decking & Railing,"Trex Company, Inc. Trex, Decking, 543143908",DECKING,Trex 543143908 Decking,Trex Decking,Decking,,,,,,,,,,,,,,,,,,,,,,,,,,,Decking,,,,,,,,,,,,,,,,,,,,,,,,,,,,,,,,,,,,,,,,,,,,,,,,,,,,,,,,,,,,,,,,,,,,,,,,,,,,,,,,,,,,,,,,,,,,,,,,,,,,,,,,,,,,,,,,,,,,,,,,,,,,,,,,,,,,,,,,,,,,,,,,,,,,,,,,,,,,,,,,,,,,,,,,,,,,,,,,,,,,,,,,,,,,,,,,,,,,,
no source found,,,,,,,Lumber,Decking,Composite Decking,,543140912,1x12-12' Biscayne - Trex Lineage,TREX,,,U S Lumber (3073),"Trex Company, Inc.",Trex,,543140912,,Building Materials>Lumber & Composites>Decking & Railing,"Trex Company, Inc. Trex, Decking, 543140912",DECKING,Trex 543140912 Decking,Trex Decking,Decking,,,,,,,,,,,,,,,,,,,,,,,,,,,Decking,,,,,,,,,,,,,,,,,,,,,,,,,,,,,,,,,,,,,,,,,,,,,,,,,,,,,,,,,,,,,,,,,,,,,,,,,,,,,,,,,,,,,,,,,,,,,,,,,,,,,,,,,,,,,,,,,,,,,,,,,,,,,,,,,,,,,,,,,,,,,,,,,,,,,,,,,,,,,,,,,,,,,,,,,,,,,,,,,,,,,,,,,,,,,,,,,,,,,
no source found,,,,,,,Lumber,Decking,Composite Decking,,543142912,1x12-12' Carmel - Trex Lineage,TREX,,,U S Lumber (3073),"Trex Company, Inc.",Trex,,543142912,,Building Materials>Lumber & Composites>Decking & Railing,"Trex Company, Inc. Trex, Decking, 543142912",DECKING,Trex 543142912 Decking,Trex Decking,Decking,,,,,,,,,,,,,,,,,,,,,,,,,,,Decking,,,,,,,,,,,,,,,,,,,,,,,,,,,,,,,,,,,,,,,,,,,,,,,,,,,,,,,,,,,,,,,,,,,,,,,,,,,,,,,,,,,,,,,,,,,,,,,,,,,,,,,,,,,,,,,,,,,,,,,,,,,,,,,,,,,,,,,,,,,,,,,,,,,,,,,,,,,,,,,,,,,,,,,,,,,,,,,,,,,,,,,,,,,,,,,,,,,,,
no source found,,,,,,,Lumber,Decking,Composite Decking,,543143912,1x12-12' Jasper - Trex Lineage,TREX,,,U S Lumber (3073),"Trex Company, Inc.",Trex,,543143912,,Building Materials>Lumber & Composites>Decking & Railing,"Trex Company, Inc. Trex, Decking, 543143912",DECKING,Trex 543143912 Decking,Trex Decking,Decking,,,,,,,,,,,,,,,,,,,,,,,,,,,Decking,,,,,,,,,,,,,,,,,,,,,,,,,,,,,,,,,,,,,,,,,,,,,,,,,,,,,,,,,,,,,,,,,,,,,,,,,,,,,,,,,,,,,,,,,,,,,,,,,,,,,,,,,,,,,,,,,,,,,,,,,,,,,,,,,,,,,,,,,,,,,,,,,,,,,,,,,,,,,,,,,,,,,,,,,,,,,,,,,,,,,,,,,,,,,,,,,,,,,
no source found,,,,,,,Lumber,Decking,Composite Decking,,1513715,1x12-12' Hatteras - Trex Lineage,TREX,,,Boise Cascade Building Materials (BOICA),"Trex Company, Inc.",Trex,,1513715,,Building Materials>Lumber & Composites>Decking & Railing,"Trex Company, Inc. Trex, Decking, 1513715",DECKING,Trex 1513715 Decking,Trex Decking,Decking,,,,,,,,,,,,,,,,,,,,,,,,,,,Decking,,,,,,,,,,,,,,,,,,,,,,,,,,,,,,,,,,,,,,,,,,,,,,,,,,,,,,,,,,,,,,,,,,,,,,,,,,,,,,,,,,,,,,,,,,,,,,,,,,,,,,,,,,,,,,,,,,,,,,,,,,,,,,,,,,,,,,,,,,,,,,,,,,,,,,,,,,,,,,,,,,,,,,,,,,,,,,,,,,,,,,,,,,,,,,,,,,,,,
no source found,,,,,,,Lumber,Decking,Composite Decking,,1513716,1x12-12' Salt Flat - Trex Lineage,TREX,,,Boise Cascade Building Materials (BOICA),"Trex Company, Inc.",Trex,,1513716,,Building Materials>Lumber & Composites>Decking & Railing,"Trex Company, Inc. Trex, Decking, 1513716",DECKING,Trex 1513716 Decking,Trex Decking,Decking,,,,,,,,,,,,,,,,,,,,,,,,,,,Decking,,,,,,,,,,,,,,,,,,,,,,,,,,,,,,,,,,,,,,,,,,,,,,,,,,,,,,,,,,,,,,,,,,,,,,,,,,,,,,,,,,,,,,,,,,,,,,,,,,,,,,,,,,,,,,,,,,,,,,,,,,,,,,,,,,,,,,,,,,,,,,,,,,,,,,,,,,,,,,,,,,,,,,,,,,,,,,,,,,,,,,,,,,,,,,,,,,,,,
no source found,,,,,,,Lumber,Decking,Composite Decking,,1513722,1x8-12' Honey Grove - Trex Enhance Naturals Fascia,TREX,,,Boise Cascade Building Materials (BOICA),"Trex Company, Inc.",Enhance,,1513722,,Building Materials>Lumber & Composites>Decking & Railing,"Trex Company, Inc. Enhance, Decking, 1513722",DECKING,Enhance 1513722 Decking,Enhance Decking,Decking,,,,,,,,,,,,,,,,,,,,,,,,,,,Decking,,,,,,,,,,,,,,,,,,,,,,,,,,,,,,,,,,,,,,,,,,,,,,,,,,,,,,,,,,,,,,,,,,,,,,,,,,,,,,,,,,,,,,,,,,,,,,,,,,,,,,,,,,,,,,,,,,,,,,,,,,,,,,,,,,,,,,,,,,,,,,,,,,,,,,,,,,,,,,,,,,,,,,,,,,,,,,,,,,,,,,,,,,,,,,,,,,,,,
no source found,,,,,,,Lumber,Decking,Composite Decking,,1513723,1x12-12' Honey Grove - Trex Enhance Naturals Fascia,TREX,,,Boise Cascade Building Materials (BOICA),"Trex Company, Inc.",Enhance,,1513723,,Building Materials>Lumber & Composites>Decking & Railing,"Trex Company, Inc. Enhance, Decking, 1513723",DECKING,Enhance 1513723 Decking,Enhance Decking,Decking,,,,,,,,,,,,,,,,,,,,,,,,,,,Decking,,,,,,,,,,,,,,,,,,,,,,,,,,,,,,,,,,,,,,,,,,,,,,,,,,,,,,,,,,,,,,,,,,,,,,,,,,,,,,,,,,,,,,,,,,,,,,,,,,,,,,,,,,,,,,,,,,,,,,,,,,,,,,,,,,,,,,,,,,,,,,,,,,,,,,,,,,,,,,,,,,,,,,,,,,,,,,,,,,,,,,,,,,,,,,,,,,,,,
no source found,,,,,,,Lumber,Decking,Composite Decking,,1513729,1x8-12' Tide Pool - Trex Enhance Basics Fascia,TREX,,,Boise Cascade Building Materials (BOICA),"Trex Company, Inc.",Enhance,,1513729,,Building Materials>Lumber & Composites>Decking & Railing,"Trex Company, Inc. Enhance, Decking, 1513729",DECKING,Enhance 1513729 Decking,Enhance Decking,Decking,,,,,,,,,,,,,,,,,,,,,,,,,,,Decking,,,,,,,,,,,,,,,,,,,,,,,,,,,,,,,,,,,,,,,,,,,,,,,,,,,,,,,,,,,,,,,,,,,,,,,,,,,,,,,,,,,,,,,,,,,,,,,,,,,,,,,,,,,,,,,,,,,,,,,,,,,,,,,,,,,,,,,,,,,,,,,,,,,,,,,,,,,,,,,,,,,,,,,,,,,,,,,,,,,,,,,,,,,,,,,,,,,,,
no source found,,,,,,,Lumber,Decking,Composite Decking,,1513730,1x12-12' Tide Pool - Trex Enhance Basics Fascia,TREX,,,Boise Cascade Building Materials (BOICA),"Trex Company, Inc.",Enhance,,1513730,,Building Materials>Lumber & Composites>Decking & Railing,"Trex Company, Inc. Enhance, Decking, 1513730",DECKING,Enhance 1513730 Decking,Enhance Decking,Decking,,,,,,,,,,,,,,,,,,,,,,,,,,,Decking,,,,,,,,,,,,,,,,,,,,,,,,,,,,,,,,,,,,,,,,,,,,,,,,,,,,,,,,,,,,,,,,,,,,,,,,,,,,,,,,,,,,,,,,,,,,,,,,,,,,,,,,,,,,,,,,,,,,,,,,,,,,,,,,,,,,,,,,,,,,,,,,,,,,,,,,,,,,,,,,,,,,,,,,,,,,,,,,,,,,,,,,,,,,,,,,,,,,,
no source found,,,,,,,Lumber,Decking,Composite Decking,,543076916,1x8-12' Cinnamon Cove - Trex Enhance Naturals Fascia,TREX,,,Boise Cascade Building Materials (BOICA),"Trex Company, Inc.",Enhance,,543076916,,Building Materials>Lumber & Composites>Decking & Railing,"Trex Company, Inc. Enhance, Decking, 543076916",DECKING,Enhance 543076916 Decking,Enhance Decking,Decking,,,,,,,,,,,,,,,,,,,,,,,,,,,Decking,,,,,,,,,,,,,,,,,,,,,,,,,,,,,,,,,,,,,,,,,,,,,,,,,,,,,,,,,,,,,,,,,,,,,,,,,,,,,,,,,,,,,,,,,,,,,,,,,,,,,,,,,,,,,,,,,,,,,,,,,,,,,,,,,,,,,,,,,,,,,,,,,,,,,,,,,,,,,,,,,,,,,,,,,,,,,,,,,,,,,,,,,,,,,,,,,,,,,
no source found,,,,,,,Lumber,Decking,Composite Decking,,1516876,1x8-12' Golden Hour - Trex Enhance Naturals Fascia,TREX,,,Boise Cascade Building Materials (BOICA),"Trex Company, Inc.",Enhance,,1516876,,Building Materials>Lumber & Composites>Decking & Railing,"Trex Company, Inc. Enhance, Decking, 1516876",DECKING,Enhance 1516876 Decking,Enhance Decking,Decking,,,,,,,,,,,,,,,,,,,,,,,,,,,Decking,,,,,,,,,,,,,,,,,,,,,,,,,,,,,,,,,,,,,,,,,,,,,,,,,,,,,,,,,,,,,,,,,,,,,,,,,,,,,,,,,,,,,,,,,,,,,,,,,,,,,,,,,,,,,,,,,,,,,,,,,,,,,,,,,,,,,,,,,,,,,,,,,,,,,,,,,,,,,,,,,,,,,,,,,,,,,,,,,,,,,,,,,,,,,,,,,,,,,
no source found,,,,,,,Lumber,Decking,Composite Decking,,543076936,1x12-12' Cinnamon Cove - Trex Enhance Naturals Fascia,TREX,,,Boise Cascade Building Materials (BOICA),"Trex Company, Inc.",Enhance,,543076936,,Building Materials>Lumber & Composites>Decking & Railing,"Trex Company, Inc. Enhance, Decking, 543076936",DECKING,Enhance 543076936 Decking,Enhance Decking,Decking,,,,,,,,,,,,,,,,,,,,,,,,,,,Decking,,,,,,,,,,,,,,,,,,,,,,,,,,,,,,,,,,,,,,,,,,,,,,,,,,,,,,,,,,,,,,,,,,,,,,,,,,,,,,,,,,,,,,,,,,,,,,,,,,,,,,,,,,,,,,,,,,,,,,,,,,,,,,,,,,,,,,,,,,,,,,,,,,,,,,,,,,,,,,,,,,,,,,,,,,,,,,,,,,,,,,,,,,,,,,,,,,,,,
no source found,,,,,,,Lumber,Decking,Composite Decking,,1516878,1x12-12' Golden Hour - Trex Enhance Naturals Fascia,TREX,,,Boise Cascade Building Materials (BOICA),"Trex Company, Inc.",Enhance,,1516878,,Building Materials>Lumber & Composites>Decking & Railing,"Trex Company, Inc. Enhance, Decking, 1516878",DECKING,Enhance 1516878 Decking,Enhance Decking,Decking,,,,,,,,,,,,,,,,,,,,,,,,,,,Decking,,,,,,,,,,,,,,,,,,,,,,,,,,,,,,,,,,,,,,,,,,,,,,,,,,,,,,,,,,,,,,,,,,,,,,,,,,,,,,,,,,,,,,,,,,,,,,,,,,,,,,,,,,,,,,,,,,,,,,,,,,,,,,,,,,,,,,,,,,,,,,,,,,,,,,,,,,,,,,,,,,,,,,,,,,,,,,,,,,,,,,,,,,,,,,,,,,,,,
no source found,,,,,,,Lumber,Decking,Composite Decking,,1516884,1x8-12' Pebble Beach - Trex Enhance Basics Fascia,TREX,,,Boise Cascade Building Materials (BOICA),"Trex Company, Inc.",Enhance,,1516884,,Building Materials>Lumber & Composites>Decking & Railing,"Trex Company, Inc. Enhance, Decking, 1516884",DECKING,Enhance 1516884 Decking,Enhance Decking,Decking,,,,,,,,,,,,,,,,,,,,,,,,,,,Decking,,,,,,,,,,,,,,,,,,,,,,,,,,,,,,,,,,,,,,,,,,,,,,,,,,,,,,,,,,,,,,,,,,,,,,,,,,,,,,,,,,,,,,,,,,,,,,,,,,,,,,,,,,,,,,,,,,,,,,,,,,,,,,,,,,,,,,,,,,,,,,,,,,,,,,,,,,,,,,,,,,,,,,,,,,,,,,,,,,,,,,,,,,,,,,,,,,,,,
no source found,,,,,,,Lumber,Decking,Composite Decking,,1516885,1x12-12' Pebble Beach - Trex Enhance Basics Fascia,TREX,,,Boise Cascade Building Materials (BOICA),"Trex Company, Inc.",Enhance,,1516885,,Building Materials>Lumber & Composites>Decking & Railing,"Trex Company, Inc. Enhance, Decking, 1516885",DECKING,Enhance 1516885 Decking,Enhance Decking,Decking,,,,,,,,,,,,,,,,,,,,,,,,,,,Decking,,,,,,,,,,,,,,,,,,,,,,,,,,,,,,,,,,,,,,,,,,,,,,,,,,,,,,,,,,,,,,,,,,,,,,,,,,,,,,,,,,,,,,,,,,,,,,,,,,,,,,,,,,,,,,,,,,,,,,,,,,,,,,,,,,,,,,,,,,,,,,,,,,,,,,,,,,,,,,,,,,,,,,,,,,,,,,,,,,,,,,,,,,,,,,,,,,,,,
no source found,,,,,,,Lumber,Decking,Composite Decking,,543005916,1x8-12' Malted Barley - Trex Select 2.0 Fascia,TREX,,,Boise Cascade Building Materials (BOICA),"Trex Company, Inc.",Select,,543005916,,Building Materials>Lumber & Composites>Decking & Railing,"Trex Company, Inc. Select, Decking, 543005916",DECKING,Select 543005916 Decking,Select Decking,Decking,,,,,,,,,,,,,,,,,,,,,,,,,,,Decking,,,,,,,,,,,,,,,,,,,,,,,,,,,,,,,,,,,,,,,,,,,,,,,,,,,,,,,,,,,,,,,,,,,,,,,,,,,,,,,,,,,,,,,,,,,,,,,,,,,,,,,,,,,,,,,,,,,,,,,,,,,,,,,,,,,,,,,,,,,,,,,,,,,,,,,,,,,,,,,,,,,,,,,,,,,,,,,,,,,,,,,,,,,,,,,,,,,,,
no source found,,,,,,,Lumber,Decking,Composite Decking,,1516902,1x8-12' Millstone - Trex Select 2.0 Fascia,TREX,,,Boise Cascade Building Materials (BOICA),"Trex Company, Inc.",Select,,1516902,,Building Materials>Lumber & Composites>Decking & Railing,"Trex Company, Inc. Select, Decking, 1516902",DECKING,Select 1516902 Decking,Select Decking,Decking,,,,,,,,,,,,,,,,,,,,,,,,,,,Decking,,,,,,,,,,,,,,,,,,,,,,,,,,,,,,,,,,,,,,,,,,,,,,,,,,,,,,,,,,,,,,,,,,,,,,,,,,,,,,,,,,,,,,,,,,,,,,,,,,,,,,,,,,,,,,,,,,,,,,,,,,,,,,,,,,,,,,,,,,,,,,,,,,,,,,,,,,,,,,,,,,,,,,,,,,,,,,,,,,,,,,,,,,,,,,,,,,,,,
no source found,,,,,,,Lumber,Decking,Composite Decking,,543007916,1x8-12' Whiskey Barrel - Trex Select 2.0 Fascia,TREX,,,Boise Cascade Building Materials (BOICA),"Trex Company, Inc.",Select,,543007916,,Building Materials>Lumber & Composites>Decking & Railing,"Trex Company, Inc. Select, Decking, 543007916",DECKING,Select 543007916 Decking,Select Decking,Decking,,,,,,,,,,,,,,,,,,,,,,,,,,,Decking,,,,,,,,,,,,,,,,,,,,,,,,,,,,,,,,,,,,,,,,,,,,,,,,,,,,,,,,,,,,,,,,,,,,,,,,,,,,,,,,,,,,,,,,,,,,,,,,,,,,,,,,,,,,,,,,,,,,,,,,,,,,,,,,,,,,,,,,,,,,,,,,,,,,,,,,,,,,,,,,,,,,,,,,,,,,,,,,,,,,,,,,,,,,,,,,,,,,,
no source found,,,,,,,Lumber,Decking,Composite Decking,,543005936,1x12-12' Malted Barley - Trex Select 2.0 Fascia,TREX,,,Boise Cascade Building Materials (BOICA),"Trex Company, Inc.",Select,,543005936,,Building Materials>Lumber & Composites>Decking & Railing,"Trex Company, Inc. Select, Decking, 543005936",DECKING,Select 543005936 Decking,Select Decking,Decking,,,,,,,,,,,,,,,,,,,,,,,,,,,Decking,,,,,,,,,,,,,,,,,,,,,,,,,,,,,,,,,,,,,,,,,,,,,,,,,,,,,,,,,,,,,,,,,,,,,,,,,,,,,,,,,,,,,,,,,,,,,,,,,,,,,,,,,,,,,,,,,,,,,,,,,,,,,,,,,,,,,,,,,,,,,,,,,,,,,,,,,,,,,,,,,,,,,,,,,,,,,,,,,,,,,,,,,,,,,,,,,,,,,
no source found,,,,,,,Lumber,Decking,Composite Decking,,1516905,1x12-12' Millstone - Trex Select 2.0 Fascia,TREX,,,Boise Cascade Building Materials (BOICA),"Trex Company, Inc.",Select,,1516905,,Building Materials>Lumber & Composites>Decking & Railing,"Trex Company, Inc. Select, Decking, 1516905",DECKING,Select 1516905 Decking,Select Decking,Decking,,,,,,,,,,,,,,,,,,,,,,,,,,,Decking,,,,,,,,,,,,,,,,,,,,,,,,,,,,,,,,,,,,,,,,,,,,,,,,,,,,,,,,,,,,,,,,,,,,,,,,,,,,,,,,,,,,,,,,,,,,,,,,,,,,,,,,,,,,,,,,,,,,,,,,,,,,,,,,,,,,,,,,,,,,,,,,,,,,,,,,,,,,,,,,,,,,,,,,,,,,,,,,,,,,,,,,,,,,,,,,,,,,,
no source found,,,,,,,Lumber,Decking,Composite Decking,,543007936,1x12-12' Whiskey Barrel - Trex Select 2.0 Fascia,TREX,,,Boise Cascade Building Materials (BOICA),"Trex Company, Inc.",Select,,543007936,,Building Materials>Lumber & Composites>Decking & Railing,"Trex Company, Inc. Select, Decking, 543007936",DECKING,Select 543007936 Decking,Select Decking,Decking,,,,,,,,,,,,,,,,,,,,,,,,,,,Decking,,,,,,,,,,,,,,,,,,,,,,,,,,,,,,,,,,,,,,,,,,,,,,,,,,,,,,,,,,,,,,,,,,,,,,,,,,,,,,,,,,,,,,,,,,,,,,,,,,,,,,,,,,,,,,,,,,,,,,,,,,,,,,,,,,,,,,,,,,,,,,,,,,,,,,,,,,,,,,,,,,,,,,,,,,,,,,,,,,,,,,,,,,,,,,,,,,,,,
no source found,,,,,,,Lumber,Decking,Composite Decking,,543144908,1x8-12' Island Mist - Trex Lineage,TREX,,,U S Lumber (3073),"Trex Company, Inc.",Trex,,543144908,,Building Materials>Lumber & Composites>Decking & Railing,"Trex Company, Inc. Trex, Decking, 543144908",DECKING,Trex 543144908 Decking,Trex Decking,Decking,,,,,,,,,,,,,,,,,,,,,,,,,,,Decking,,,,,,,,,,,,,,,,,,,,,,,,,,,,,,,,,,,,,,,,,,,,,,,,,,,,,,,,,,,,,,,,,,,,,,,,,,,,,,,,,,,,,,,,,,,,,,,,,,,,,,,,,,,,,,,,,,,,,,,,,,,,,,,,,,,,,,,,,,,,,,,,,,,,,,,,,,,,,,,,,,,,,,,,,,,,,,,,,,,,,,,,,,,,,,,,,,,,,
no source found,,,,,,,Lumber,Decking,Composite Decking,,543141908,1x8-12' Rainier - Trex Lineage,TREX,,,U S Lumber (3073),"Trex Company, Inc.",Trex,,543141908,,Building Materials>Lumber & Composites>Decking & Railing,"Trex Company, Inc. Trex, Decking, 543141908",DECKING,Trex 543141908 Decking,Trex Decking,Decking,,,,,,,,,,,,,,,,,,,,,,,,,,,Decking,,,,,,,,,,,,,,,,,,,,,,,,,,,,,,,,,,,,,,,,,,,,,,,,,,,,,,,,,,,,,,,,,,,,,,,,,,,,,,,,,,,,,,,,,,,,,,,,,,,,,,,,,,,,,,,,,,,,,,,,,,,,,,,,,,,,,,,,,,,,,,,,,,,,,,,,,,,,,,,,,,,,,,,,,,,,,,,,,,,,,,,,,,,,,,,,,,,,,
no source found,,,,,,,Lumber,Decking,Composite Decking,,543144912,1x12-12' Island Mist - Trex Lineage,TREX,,,U S Lumber (3073),"Trex Company, Inc.",Trex,,543144912,,Building Materials>Lumber & Composites>Decking & Railing,"Trex Company, Inc. Trex, Decking, 543144912",DECKING,Trex 543144912 Decking,Trex Decking,Decking,,,,,,,,,,,,,,,,,,,,,,,,,,,Decking,,,,,,,,,,,,,,,,,,,,,,,,,,,,,,,,,,,,,,,,,,,,,,,,,,,,,,,,,,,,,,,,,,,,,,,,,,,,,,,,,,,,,,,,,,,,,,,,,,,,,,,,,,,,,,,,,,,,,,,,,,,,,,,,,,,,,,,,,,,,,,,,,,,,,,,,,,,,,,,,,,,,,,,,,,,,,,,,,,,,,,,,,,,,,,,,,,,,,
no source found,,,,,,,Lumber,Decking,Composite Decking,,543141912,1x12-12' Rainier - Trex Lineage,TREX,,,U S Lumber (3073),"Trex Company, Inc.",Trex,,543141912,,Building Materials>Lumber & Composites>Decking & Railing,"Trex Company, Inc. Trex, Decking, 543141912",DECKING,Trex 543141912 Decking,Trex Decking,Decking,,,,,,,,,,,,,,,,,,,,,,,,,,,Decking,,,,,,,,,,,,,,,,,,,,,,,,,,,,,,,,,,,,,,,,,,,,,,,,,,,,,,,,,,,,,,,,,,,,,,,,,,,,,,,,,,,,,,,,,,,,,,,,,,,,,,,,,,,,,,,,,,,,,,,,,,,,,,,,,,,,,,,,,,,,,,,,,,,,,,,,,,,,,,,,,,,,,,,,,,,,,,,,,,,,,,,,,,,,,,,,,,,,,
no source found,,,,,,,Lumber,Decking,Composite Decking,,1513713,1x8-12' Hatteras - Trex Lineage,TREX,,,Boise Cascade Building Materials (BOICA),"Trex Company, Inc.",Trex,,1513713,,Building Materials>Lumber & Composites>Decking & Railing,"Trex Company, Inc. Trex, Decking, 1513713",DECKING,Trex 1513713 Decking,Trex Decking,Decking,,,,,,,,,,,,,,,,,,,,,,,,,,,Decking,,,,,,,,,,,,,,,,,,,,,,,,,,,,,,,,,,,,,,,,,,,,,,,,,,,,,,,,,,,,,,,,,,,,,,,,,,,,,,,,,,,,,,,,,,,,,,,,,,,,,,,,,,,,,,,,,,,,,,,,,,,,,,,,,,,,,,,,,,,,,,,,,,,,,,,,,,,,,,,,,,,,,,,,,,,,,,,,,,,,,,,,,,,,,,,,,,,,,
no source found,,,,,,,Lumber,Decking,Composite Decking,,1513714,1x8-12' Salt Flat - Trex Lineage,TREX,,,Boise Cascade Building Materials (BOICA),"Trex Company, Inc.",Trex,,1513714,,Building Materials>Lumber & Composites>Decking & Railing,"Trex Company, Inc. Trex, Decking, 1513714",DECKING,Trex 1513714 Decking,Trex Decking,Decking,,,,,,,,,,,,,,,,,,,,,,,,,,,Decking,,,,,,,,,,,,,,,,,,,,,,,,,,,,,,,,,,,,,,,,,,,,,,,,,,,,,,,,,,,,,,,,,,,,,,,,,,,,,,,,,,,,,,,,,,,,,,,,,,,,,,,,,,,,,,,,,,,,,,,,,,,,,,,,,,,,,,,,,,,,,,,,,,,,,,,,,,,,,,,,,,,,,,,,,,,,,,,,,,,,,,,,,,,,,,,,,,,,,
no source found,,,,,,,,,,,73012503,4x4 Wh Heritage Post Trim RDI,,,,,,,,73012503,,,", Product, 73012503",PRODUCT,73012503 Product,Product,Product,,,,,,,,,,,,,,,,,,,,,,,,,,,Product,,,,,,,,,,,,,,,,,,,,,,,,,,,,,,,,,,,,,,,,,,,,,,,,,,,,,,,,,,,,,,,,,,,,,,,,,,,,,,,,,,,,,,,,,,,,,,,,,,,,,,,,,,,,,,,,,,,,,,,,,,,,,,,,,,,,,,,,,,,,,,,,,,,,,,,,,,,,,,,,,,,,,,,,,,,,,,,,,,,,,,,,,,,,FLAG: NEEDS_MANUAL_REVIEW (Low Confidence / Unmapped Taxonomy),,,,,,,,,
no source found,,,,,,,,,,,73018131,6x6 Wh Elite Post Trim 4pc RDI,,,,,,,,73018131,,,", Product, 73018131",PRODUCT,73018131 Product,Product,Product,,,,,,,,,,,,,,,,,,,,,,,,,,,Product,,,,,,,,,,,,,,,,,,,,,,,,,,,,,,,,,,,,,,,,,,,,,,,,,,,,,,,,,,,,,,,,,,,,,,,,,,,,,,,,,,,,,,,,,,,,,,,,,,,,,,,,,,,,,,,,,,,,,,,,,,,,,,,,,,,,,,,,,,,,,,,,,,,,,,,,,,,,,,,,,,,,,,,,,,,,,,,,,,,,,,,,,,,,FLAG: NEEDS_MANUAL_REVIEW (Low Confidence / Unmapped Taxonomy),,,,,,,,,
no source found,,,,,,,,,,,73018091,4x4 Wh Elite Post Trim RDI,,,,,,,,73018091,,,", Product, 73018091",PRODUCT,73018091 Product,Product,Product,,,,,,,,,,,,,,,,,,,,,,,,,,,Product,,,,,,,,,,,,,,,,,,,,,,,,,,,,,,,,,,,,,,,,,,,,,,,,,,,,,,,,,,,,,,,,,,,,,,,,,,,,,,,,,,,,,,,,,,,,,,,,,,,,,,,,,,,,,,,,,,,,,,,,,,,,,,,,,,,,,,,,,,,,,,,,,,,,,,,,,,,,,,,,,,,,,,,,,,,,,,,,,,,,,,,,,,,,FLAG: NEEDS_MANUAL_REVIEW (Low Confidence / Unmapped Taxonomy),,,,,,,,,
no source found,,,,,,,,,,,73018066,Clay 6x6 Elite Post Trim RDI - 4pc,,,,,,,,73018066,,,", Product, 73018066",PRODUCT,73018066 Product,Product,Product,,,,,,,,,,,,,,,,,,,,,,,,,,,Product,,,,,,,,,,,,,,,,,,,,,,,,,,,,,,,,,,,,,,,,,,,,,,,,,,,,,,,,,,,,,,,,,,,,,,,,,,,,,,,,,,,,,,,,,,,,,,,,,,,,,,,,,,,,,,,,,,,,,,,,,,,,,,,,,,,,,,,,,,,,,,,,,,,,,,,,,,,,,,,,,,,,,,,,,,,,,,,,,,,,,,,,,,,,FLAG: NEEDS_MANUAL_REVIEW (Low Confidence / Unmapped Taxonomy),,,,,,,,,
no source found,,,,,,,Lumber,Decking,Composite Decking,,73018076,4x4 Wh Flat Post Cap RDI,,,,,,,,73018076,,Building Materials>Lumber & Composites>Decking & Railing,", Decking, 73018076",DECKING,73018076 Decking,Decking,Decking,,,,,,,,,,,,,,,,,,,,,,,,,,,Decking,,,,,,,,,,,,,,,,,,,,,,,,,,,,,,,,,,,,,,,,,,,,,,,,,,,,,,,,,,,,,,,,,,,,,,,,,,,,,,,,,,,,,,,,,,,,,,,,,,,,,,,,,,,,,,,,,,,,,,,,,,,,,,,,,,,,,,,,,,,,,,,,,,,,,,,,,,,,,,,,,,,,,,,,,,,,,,,,,,,,,,,,,,,,FLAG: NEEDS_MANUAL_REVIEW (Low Confidence / Unmapped Taxonomy),,,,,,,,,
no source found,,,,,,,,,,,61109087,Wh 4x4-39 Blank Post RDI,,,,,,,,61109087,,,", Product, 61109087",PRODUCT,61109087 Product,Product,Product,,,,,,,,,,,,,,,,,,,,,,,,,,,Product,,,,,,,,,,,,,,,,,,,,,,,,,,,,,,,,,,,,,,,,,,,,,,,,,,,,,,,,,,,,,,,,,,,,,,,,,,,,,,,,,,,,,,,,,,,,,,,,,,,,,,,,,,,,,,,,,,,,,,,,,,,,,,,,,,,,,,,,,,,,,,,,,,,,,,,,,,,,,,,,,,,,,,,,,,,,,,,,,,,,,,,,,,,,FLAG: NEEDS_MANUAL_REVIEW (Low Confidence / Unmapped Taxonomy),,,,,,,,,
no source found,,,,,,,,,,,73018731,Wh 6x6-108 Post Sleeve RDI,,,,,,,,73018731,,,", Product, 73018731",PRODUCT,73018731 Product,Product,Product,,,,,,,,,,,,,,,,,,,,,,,,,,,Product,,,,,,,,,,,,,,,,,,,,,,,,,,,,,,,,,,,,,,,,,,,,,,,,,,,,,,,,,,,,,,,,,,,,,,,,,,,,,,,,,,,,,,,,,,,,,,,,,,,,,,,,,,,,,,,,,,,,,,,,,,,,,,,,,,,,,,,,,,,,,,,,,,,,,,,,,,,,,,,,,,,,,,,,,,,,,,,,,,,,,,,,,,,,FLAG: NEEDS_MANUAL_REVIEW (Low Confidence / Unmapped Taxonomy),,,,,,,,,
no source found,,,,,,,,,,,61109090,Wh 4x4-108 Post Sleeve RDI,,,,,,,,61109090,,,", Product, 61109090",PRODUCT,61109090 Product,Product,Product,,,,,,,,,,,,,,,,,,,,,,,,,,,Product,,,,,,,,,,,,,,,,,,,,,,,,,,,,,,,,,,,,,,,,,,,,,,,,,,,,,,,,,,,,,,,,,,,,,,,,,,,,,,,,,,,,,,,,,,,,,,,,,,,,,,,,,,,,,,,,,,,,,,,,,,,,,,,,,,,,,,,,,,,,,,,,,,,,,,,,,,,,,,,,,,,,,,,,,,,,,,,,,,,,,,,,,,,,FLAG: NEEDS_MANUAL_REVIEW (Low Confidence / Unmapped Taxonomy),,,,,,,,,
no source found,,,,,,,,,,,73053603,Clay 4x4-108 Post Sleeve RDI,,,,,,,,73053603,,,", Product, 73053603",PRODUCT,73053603 Product,Product,Product,,,,,,,,,,,,,,,,,,,,,,,,,,,Product,,,,,,,,,,,,,,,,,,,,,,,,,,,,,,,,,,,,,,,,,,,,,,,,,,,,,,,,,,,,,,,,,,,,,,,,,,,,,,,,,,,,,,,,,,,,,,,,,,,,,,,,,,,,,,,,,,,,,,,,,,,,,,,,,,,,,,,,,,,,,,,,,,,,,,,,,,,,,,,,,,,,,,,,,,,,,,,,,,,,,,,,,,,,FLAG: NEEDS_MANUAL_REVIEW (Low Confidence / Unmapped Taxonomy),,,,,,,,,
no source found,,,,,,,,,,,73053608,Clay 6x6-108 Post Sleeve RDI,,,,,,,,73053608,,,", Product, 73053608",PRODUCT,73053608 Product,Product,Product,,,,,,,,,,,,,,,,,,,,,,,,,,,Product,,,,,,,,,,,,,,,,,,,,,,,,,,,,,,,,,,,,,,,,,,,,,,,,,,,,,,,,,,,,,,,,,,,,,,,,,,,,,,,,,,,,,,,,,,,,,,,,,,,,,,,,,,,,,,,,,,,,,,,,,,,,,,,,,,,,,,,,,,,,,,,,,,,,,,,,,,,,,,,,,,,,,,,,,,,,,,,,,,,,,,,,,,,,FLAG: NEEDS_MANUAL_REVIEW (Low Confidence / Unmapped Taxonomy),,,,,,,,,
no source found,,,,,,,,,,,543340896,"4x4-37"" Black Alum Post Sleeve Select Alum Railing - w/Cap & Skirt",TREX,,,Boise Cascade Building Materials (BOICA),"Trex Company, Inc.",Select,,543340896,,,"Trex Company, Inc. Select, Decking Component, 543340896",DECKING,Select 543340896 Decking Component,Select Decking Component,Decking Component,,,,,,,,,,,,,,,,,,,,,,,,,,,Decking Component,,,,,,,,,,,,,,,,,,,,,,,,,,,,,,,,,,,,,,,,,,,,,,,,,,,,,,,,,,,,,,,,,,,,,,,,,,,,,,,,,,,,,,,,,,,,,,,,,,,,,,,,,,,,,,,,,,,,,,,,,,,,,,,,,,,,,,,,,,,,,,,,,,,,,,,,,,,,,,,,,,,,,,,,,,,,,,,,,,,,,,,,,,,,FLAG: NEEDS_MANUAL_REVIEW (Low Confidence / Unmapped Taxonomy),,,,,,,,,
no source found,,,,,,,,,,,543340898,"4x4-43"" Black Alum Post Sleeve Select Alum Railing w/Cap & Skirt",TREX,,,Boise Cascade Building Materials (BOICA),"Trex Company, Inc.",Select,,543340898,,,"Trex Company, Inc. Select, Decking Component, 543340898",DECKING,Select 543340898 Decking Component,Select Decking Component,Decking Component,,,,,,,,,,,,,,,,,,,,,,,,,,,Decking Component,,,,,,,,,,,,,,,,,,,,,,,,,,,,,,,,,,,,,,,,,,,,,,,,,,,,,,,,,,,,,,,,,,,,,,,,,,,,,,,,,,,,,,,,,,,,,,,,,,,,,,,,,,,,,,,,,,,,,,,,,,,,,,,,,,,,,,,,,,,,,,,,,,,,,,,,,,,,,,,,,,,,,,,,,,,,,,,,,,,,,,,,,,,,FLAG: NEEDS_MANUAL_REVIEW (Low Confidence / Unmapped Taxonomy),,,,,,,,,
no source found,,,,,,,,,,,73272TBK,6x6-10' Black Alum Deco - Support Post,DSI Westbury,,,Palmer Donavin Mfg Company (PALDO),,,,73272TBK,,,", Product, 73272TBK",PRODUCT,73272TBK Product,Product,Product,,,,,,,,,,,,,,,,,,,,,,,,,,,Product,,,,,,,,,,,,,,,,,,,,,,,,,,,,,,,,,,,,,,,,,,,,,,,,,,,,,,,,,,,,,,,,,,,,,,,,,,,,,,,,,,,,,,,,,,,,,,,,,,,,,,,,,,,,,,,,,,,,,,,,,,,,,,,,,,,,,,,,,,,,,,,,,,,,,,,,,,,,,,,,,,,,,,,,,,,,,,,,,,,,,,,,,,,,FLAG: NEEDS_MANUAL_REVIEW (Low Confidence / Unmapped Taxonomy),,,,,,,,,
no source found,,,,,,,Lumber,Decking,Composite Decking,,543302127,6' Wh Select T-Rail Kit Stair - w/Sq Composite Balusters,TREX,,,U S Lumber (3073),"Trex Company, Inc.",Select,,543302127,,Building Materials>Lumber & Composites>Decking & Railing,"Trex Company, Inc. Select, Decking Component, 543302127",DECKING,Select 543302127 Decking Component,Select Decking Component,Decking Component,,,,,,,,,,,,,,,,,,,,,,,,,,,Decking Component,,,,,,,,,,,,,,,,,,,,,,,,,,,,,,,,,,,,,,,,,,,,,,,,,,,,,,,,,,,,,,,,,,,,,,,,,,,,,,,,,,,,,,,,,,,,,,,,,,,,,,,,,,,,,,,,,,,,,,,,,,,,,,,,,,,,,,,,,,,,,,,,,,,,,,,,,,,,,,,,,,,,,,,,,,,,,,,,,,,,,,,,,,,,,,,,,,,,,
no source found,,,,,,,Lumber,Decking,Composite Decking,,543302147,8' Wh Select T-Rail Kit Stair - w/Sq Composite Balusters,TREX,,,U S Lumber (3073),"Trex Company, Inc.",Select,,543302147,,Building Materials>Lumber & Composites>Decking & Railing,"Trex Company, Inc. Select, Decking Component, 543302147",DECKING,Select 543302147 Decking Component,Select Decking Component,Decking Component,,,,,,,,,,,,,,,,,,,,,,,,,,,Decking Component,,,,,,,,,,,,,,,,,,,,,,,,,,,,,,,,,,,,,,,,,,,,,,,,,,,,,,,,,,,,,,,,,,,,,,,,,,,,,,,,,,,,,,,,,,,,,,,,,,,,,,,,,,,,,,,,,,,,,,,,,,,,,,,,,,,,,,,,,,,,,,,,,,,,,,,,,,,,,,,,,,,,,,,,,,,,,,,,,,,,,,,,,,,,,,,,,,,,,
no source found,,,,,,,Lumber,Decking,Composite Decking,,73019599,Finyline Wh 6' Str Rail Kit Sq,,,,,,,,73019599,,Building Materials>Lumber & Composites>Decking & Railing,", Decking Component, 73019599",DECKING,73019599 Decking Component,Decking Component,Decking Component,,,,,,,,,,,,,,,,,,,,,,,,,,,Decking Component,,,,,,,,,,,,,,,,,,,,,,,,,,,,,,,,,,,,,,,,,,,,,,,,,,,,,,,,,,,,,,,,,,,,,,,,,,,,,,,,,,,,,,,,,,,,,,,,,,,,,,,,,,,,,,,,,,,,,,,,,,,,,,,,,,,,,,,,,,,,,,,,,,,,,,,,,,,,,,,,,,,,,,,,,,,,,,,,,,,,,,,,,,,,FLAG: NEEDS_MANUAL_REVIEW (Low Confidence / Unmapped Taxonomy),,,,,,,,,
no source found,,,,,,,Lumber,Decking,Composite Decking,,73019648,Finyline Wh 8' Str Rail Kit Sq,,,,,,,,73019648,,Building Materials>Lumber & Composites>Decking & Railing,", Decking Component, 73019648",DECKING,73019648 Decking Component,Decking Component,Decking Component,,,,,,,,,,,,,,,,,,,,,,,,,,,Decking Component,,,,,,,,,,,,,,,,,,,,,,,,,,,,,,,,,,,,,,,,,,,,,,,,,,,,,,,,,,,,,,,,,,,,,,,,,,,,,,,,,,,,,,,,,,,,,,,,,,,,,,,,,,,,,,,,,,,,,,,,,,,,,,,,,,,,,,,,,,,,,,,,,,,,,,,,,,,,,,,,,,,,,,,,,,,,,,,,,,,,,,,,,,,,FLAG: NEEDS_MANUAL_REVIEW (Low Confidence / Unmapped Taxonomy),,,,,,,,,
no source found,,,,,,,Lumber,Decking,Composite Decking,,73019598,Finyline Wh 6' Str Rail Kit Rd - w/Black Alum Balusters,,,,,,,,73019598,,Building Materials>Lumber & Composites>Decking & Railing,", Decking Component, 73019598",DECKING,73019598 Decking Component,Decking Component,Decking Component,,,,,,,,,,,,,,,,,,,,,,,,,,,Decking Component,,,,,,,,,,,,,,,,,,,,,,,,,,,,,,,,,,,,,,,,,,,,,,,,,,,,,,,,,,,,,,,,,,,,,,,,,,,,,,,,,,,,,,,,,,,,,,,,,,,,,,,,,,,,,,,,,,,,,,,,,,,,,,,,,,,,,,,,,,,,,,,,,,,,,,,,,,,,,,,,,,,,,,,,,,,,,,,,,,,,,,,,,,,,FLAG: NEEDS_MANUAL_REVIEW (Low Confidence / Unmapped Taxonomy),,,,,,,,,
no source found,,,,,,,Lumber,Decking,Composite Decking,,73019647,Finyline Wh 8' Str Rail Kit Rd - w/Black Alum Balusters,,,,,,,,73019647,,Building Materials>Lumber & Composites>Decking & Railing,", Decking Component, 73019647",DECKING,73019647 Decking Component,Decking Component,Decking Component,,,,,,,,,,,,,,,,,,,,,,,,,,,Decking Component,,,,,,,,,,,,,,,,,,,,,,,,,,,,,,,,,,,,,,,,,,,,,,,,,,,,,,,,,,,,,,,,,,,,,,,,,,,,,,,,,,,,,,,,,,,,,,,,,,,,,,,,,,,,,,,,,,,,,,,,,,,,,,,,,,,,,,,,,,,,,,,,,,,,,,,,,,,,,,,,,,,,,,,,,,,,,,,,,,,,,,,,,,,,FLAG: NEEDS_MANUAL_REVIEW (Low Confidence / Unmapped Taxonomy),,,,,,,,,
no source found,,,,,,,Lumber,Decking,Composite Decking,,543300257,6' Black Select Classic Stair - Rail w/Rnd Black Alum Baluster,TREX,,,Boise Cascade Building Materials (BOICA),"Trex Company, Inc.",Select,,543300257,,Building Materials>Lumber & Composites>Decking & Railing,"Trex Company, Inc. Select, Decking Component, 543300257",DECKING,Select 543300257 Decking Component,Select Decking Component,Decking Component,,,,,,,,,,,,,,,,,,,,,,,,,,,Decking Component,,,,,,,,,,,,,,,,,,,,,,,,,,,,,,,,,,,,,,,,,,,,,,,,,,,,,,,,,,,,,,,,,,,,,,,,,,,,,,,,,,,,,,,,,,,,,,,,,,,,,,,,,,,,,,,,,,,,,,,,,,,,,,,,,,,,,,,,,,,,,,,,,,,,,,,,,,,,,,,,,,,,,,,,,,,,,,,,,,,,,,,,,,,,,,,,,,,,,
no source found,,,,,,,Lumber,Decking,Composite Decking,,543300277,8' Black Select Classic Stair - Rail w/Rnd Black Alum Baluster,TREX,,,Boise Cascade Building Materials (BOICA),"Trex Company, Inc.",Select,,543300277,,Building Materials>Lumber & Composites>Decking & Railing,"Trex Company, Inc. Select, Decking Component, 543300277",DECKING,Select 543300277 Decking Component,Select Decking Component,Decking Component,,,,,,,,,,,,,,,,,,,,,,,,,,,Decking Component,,,,,,,,,,,,,,,,,,,,,,,,,,,,,,,,,,,,,,,,,,,,,,,,,,,,,,,,,,,,,,,,,,,,,,,,,,,,,,,,,,,,,,,,,,,,,,,,,,,,,,,,,,,,,,,,,,,,,,,,,,,,,,,,,,,,,,,,,,,,,,,,,,,,,,,,,,,,,,,,,,,,,,,,,,,,,,,,,,,,,,,,,,,,,,,,,,,,,
no source found,,,,,,,,,,,SPB-44BPL,"Patriot 4""x4""x37""/43"" Adjustable Self Leveling Support Post",,,,,,,,SPB-44BPL,,,", Product, SPB-44BPL",PRODUCT,SPB-44BPL Product,Product,Product,,,,,,,,,,,,,,,,,,,,,,,,,,,Product,,,,,,,,,,,,,,,,,,,,,,,,,,,,,,,,,,,,,,,,,,,,,,,,,,,,,,,,,,,,,,,,,,,,,,,,,,,,,,,,,,,,,,,,,,,,,,,,,,,,,,,,,,,,,,,,,,,,,,,,,,,,,,,,,,,,,,,,,,,,,,,,,,,,,,,,,,,,,,,,,,,,,,,,,,,,,,,,,,,,,,,,,,,,FLAG: NEEDS_MANUAL_REVIEW (Low Confidence / Unmapped Taxonomy),,,,,,,,,
no source found,,,,,,,Lumber,Decking,Composite Decking,,925219,"2""x50' Deck Joist Tape - Protecto Wrap",,,,Palmer Donavin Mfg Company (PALDO),Protecto Wrap Company,Protecto Wrap,,925219,,Building Materials>Lumber & Composites>Decking & Railing,"Protecto Wrap Company Protecto Wrap, Decking Board, 925219",DECKING,Protecto Wrap 925219 Decking Board,Protecto Wrap Decking Board,Decking Board,,,,,,,,,,,,,,,,,,,,,,,,,,,Decking Board,,,,,,,,,,,,,,,,,,,,,,,,,,,,,,,,,,,,,,,,,,,,,,,,,,,,,,,,,,,,,,,,,,,,,,,,,,,,,,,,,,,,,,,,,,,,,,,,,,,,,,,,,,,,,,,,,,,,,,,,,,,,,,,,,,,,,,,,,,,,,,,,,,,,,,,,,,,,,,,,,,,,,,,,,,,,,,,,,,,,,,,,,,,,,,,,,,,,,
no source found,,,,,,,,,,,27233,24x48 WH Attic Access Door,AJM,,,A J Manufacturing Inc (AJMAN),"A.J. Manufacturing, Inc.",A.J. Manufacturing,,27233,,,"A.J. Manufacturing, Inc. A.J. Manufacturing, Product, 27233",PRODUCT,A.J. Manufacturing 27233 Product,A.J. Manufacturing Product,Product,,,,,,,,,,,,,,,,,,,,,,,,,,,Product,,,,,,,,,,,,,,,,,,,,,,,,,,,,,,,,,,,,,,,,,,,,,,,,,,,,,,,,,,,,,,,,,,,,,,,,,,,,,,,,,,,,,,,,,,,,,,,,,,,,,,,,,,,,,,,,,,,,,,,,,,,,,,,,,,,,,,,,,,,,,,,,,,,,,,,,,,,,,,,,,,,,,,,,,,,,,,,,,,,,,,,,,,,,FLAG: NEEDS_MANUAL_REVIEW (Low Confidence / Unmapped Taxonomy),,,,,,,,,
no source found,,,,,,,,,,,1517602,6068R Gliding Patio Dr 4500 United Blk Ext/WH Int LowE Arg w/J,United Window & Door,,,United Window & Door Manufacturing (UNIWI),United Window & Door,United Window & Door,,1517602,,,"United Window & Door, Product, 1517602",PRODUCT,United Window & Door 1517602 Product,United Window & Door Product,Product,,,,,,,,,,,,,,,,,,,,,,,,,,,Product,,,,,,,,,,,,,,,,,,,,,,,,,,,,,,,,,,,,,,,,,,,,,,,,,,,,,,,,,,,,,,,,,,,,,,,,,,,,,,,,,,,,,,,,,,,,,,,,,,,,,,,,,,,,,,,,,,,,,,,,,,,,,,,,,,,,,,,,,,,,,,,,,,,,,,,,,,,,,,,,,,,,,,,,,,,,,,,,,,,,,,,,,,,,FLAG: NEEDS_MANUAL_REVIEW (Low Confidence / Unmapped Taxonomy),,,,,,,,,
no source found,,,,,,,,,,,1517603,6068L Gliding Patio Dr 4500 United Blk Ext/WH Int LowE Arg w/J,United Window & Door,,,United Window & Door Manufacturing (UNIWI),United Window & Door,United Window & Door,,1517603,,,"United Window & Door, Product, 1517603",PRODUCT,United Window & Door 1517603 Product,United Window & Door Product,Product,,,,,,,,,,,,,,,,,,,,,,,,,,,Product,,,,,,,,,,,,,,,,,,,,,,,,,,,,,,,,,,,,,,,,,,,,,,,,,,,,,,,,,,,,,,,,,,,,,,,,,,,,,,,,,,,,,,,,,,,,,,,,,,,,,,,,,,,,,,,,,,,,,,,,,,,,,,,,,,,,,,,,,,,,,,,,,,,,,,,,,,,,,,,,,,,,,,,,,,,,,,,,,,,,,,,,,,,,FLAG: NEEDS_MANUAL_REVIEW (Low Confidence / Unmapped Taxonomy),,,,,,,,,
no source found,,,,,,,,,,,1517604,6068L Gliding Patio Dr 4500 United White LowE Arg w/J,United Window & Door,,,United Window & Door Manufacturing (UNIWI),United Window & Door,United Window & Door,,1517604,,,"United Window & Door, Product, 1517604",PRODUCT,United Window & Door 1517604 Product,United Window & Door Product,Product,,,,,,,,,,,,,,,,,,,,,,,,,,,Product,,,,,,,,,,,,,,,,,,,,,,,,,,,,,,,,,,,,,,,,,,,,,,,,,,,,,,,,,,,,,,,,,,,,,,,,,,,,,,,,,,,,,,,,,,,,,,,,,,,,,,,,,,,,,,,,,,,,,,,,,,,,,,,,,,,,,,,,,,,,,,,,,,,,,,,,,,,,,,,,,,,,,,,,,,,,,,,,,,,,,,,,,,,,FLAG: NEEDS_MANUAL_REVIEW (Low Confidence / Unmapped Taxonomy),,,,,,,,,
no source found,,,,,,,,,,,1517605,6068R Gliding Patio Dr 4500 United White LowE Arg w/J,United Window & Door,,,United Window & Door Manufacturing (UNIWI),United Window & Door,United Window & Door,,1517605,,,"United Window & Door, Product, 1517605",PRODUCT,United Window & Door 1517605 Product,United Window & Door Product,Product,,,,,,,,,,,,,,,,,,,,,,,,,,,Product,,,,,,,,,,,,,,,,,,,,,,,,,,,,,,,,,,,,,,,,,,,,,,,,,,,,,,,,,,,,,,,,,,,,,,,,,,,,,,,,,,,,,,,,,,,,,,,,,,,,,,,,,,,,,,,,,,,,,,,,,,,,,,,,,,,,,,,,,,,,,,,,,,,,,,,,,,,,,,,,,,,,,,,,,,,,,,,,,,,,,,,,,,,,FLAG: NEEDS_MANUAL_REVIEW (Low Confidence / Unmapped Taxonomy),,,,,,,,,
no source found,,,,,,,,,,,FS C01 2004S,"FS C01 Velux Fxd Skylt Gry/Wh - w/Solar Shade RO 21""x26-7/8""",,,,Velux America Inc (VELAM),VELUX America LLC,VELUX,,FS C01 2004S,,,"VELUX America LLC VELUX, Product, FS C01 2004S",PRODUCT,VELUX FS C01 2004S Product,VELUX Product,Product,,,,,,,,,,,,,,,,,,,,,,,,,,,Product,,,,,,,,,,,,,,,,,,,,,,,,,,,,,,,,,,,,,,,,,,,,,,,,,,,,,,,,,,,,,,,,,,,,,,,,,,,,,,,,,,,,,,,,,,,,,,,,,,,,,,,,,,,,,,,,,,,,,,,,,,,,,,,,,,,,,,,,,,,,,,,,,,,,,,,,,,,,,,,,,,,,,,,,,,,,,,,,,,,,,,,,,,,,FLAG: NEEDS_MANUAL_REVIEW (Low Confidence / Unmapped Taxonomy),,,,,,,,,
no source found,,,,,,,,,,,FS C04 2004S,"FS C04 Velux Fxd Skylt Gry/Wh - w/Solar Shade RO 21""x37-7/8""",,,,Velux America Inc (VELAM),VELUX America LLC,VELUX,,FS C04 2004S,,,"VELUX America LLC VELUX, Product, FS C04 2004S",PRODUCT,VELUX FS C04 2004S Product,VELUX Product,Product,,,,,,,,,,,,,,,,,,,,,,,,,,,Product,,,,,,,,,,,,,,,,,,,,,,,,,,,,,,,,,,,,,,,,,,,,,,,,,,,,,,,,,,,,,,,,,,,,,,,,,,,,,,,,,,,,,,,,,,,,,,,,,,,,,,,,,,,,,,,,,,,,,,,,,,,,,,,,,,,,,,,,,,,,,,,,,,,,,,,,,,,,,,,,,,,,,,,,,,,,,,,,,,,,,,,,,,,,FLAG: NEEDS_MANUAL_REVIEW (Low Confidence / Unmapped Taxonomy),,,,,,,,,
no source found,,,,,,,,,,,FS C06 2004S,"FS C06 Velux Fxd Skylt Gry/Wh - w/Solar Shade RO 21""x45-7/8""",,,,Velux America Inc (VELAM),VELUX America LLC,VELUX,,FS C06 2004S,,,"VELUX America LLC VELUX, Product, FS C06 2004S",PRODUCT,VELUX FS C06 2004S Product,VELUX Product,Product,,,,,,,,,,,,,,,,,,,,,,,,,,,Product,,,,,,,,,,,,,,,,,,,,,,,,,,,,,,,,,,,,,,,,,,,,,,,,,,,,,,,,,,,,,,,,,,,,,,,,,,,,,,,,,,,,,,,,,,,,,,,,,,,,,,,,,,,,,,,,,,,,,,,,,,,,,,,,,,,,,,,,,,,,,,,,,,,,,,,,,,,,,,,,,,,,,,,,,,,,,,,,,,,,,,,,,,,,FLAG: NEEDS_MANUAL_REVIEW (Low Confidence / Unmapped Taxonomy),,,,,,,,,
no source found,,,,,,,,,,,1501831,31.5x14.75 Bsmt ecoLitePlus WH - Hopper DLA w/Screen,PROVIA,,,ProVia (PRODO),ProVia LLC,ProVia,,1501831,,,"ProVia LLC ProVia, Product, 1501831",PRODUCT,ProVia 1501831 Product,ProVia Product,Product,,,,,,,,,,,,,,,,,,,,,,,,,,,Product,,,,,,,,,,,,,,,,,,,,,,,,,,,,,,,,,,,,,,,,,,,,,,,,,,,,,,,,,,,,,,,,,,,,,,,,,,,,,,,,,,,,,,,,,,,,,,,,,,,,,,,,,,,,,,,,,,,,,,,,,,,,,,,,,,,,,,,,,,,,,,,,,,,,,,,,,,,,,,,,,,,,,,,,,,,,,,,,,,,,,,,,,,,,FLAG: NEEDS_MANUAL_REVIEW (Low Confidence / Unmapped Taxonomy),,,,,,,,,
no source found,,,,,,,,,,,1501832,31.5x22.75 Bsmt ecoLitePlus WH - Hopper DLA w/Screen,PROVIA,,,ProVia (PRODO),ProVia LLC,ProVia,,1501832,,,"ProVia LLC ProVia, Product, 1501832",PRODUCT,ProVia 1501832 Product,ProVia Product,Product,,,,,,,,,,,,,,,,,,,,,,,,,,,Product,,,,,,,,,,,,,,,,,,,,,,,,,,,,,,,,,,,,,,,,,,,,,,,,,,,,,,,,,,,,,,,,,,,,,,,,,,,,,,,,,,,,,,,,,,,,,,,,,,,,,,,,,,,,,,,,,,,,,,,,,,,,,,,,,,,,,,,,,,,,,,,,,,,,,,,,,,,,,,,,,,,,,,,,,,,,,,,,,,,,,,,,,,,,FLAG: NEEDS_MANUAL_REVIEW (Low Confidence / Unmapped Taxonomy),,,,,,,,,
no source found,,,,,,,,,,,1515974,3030 Slider 3900 United Black WH Int LowE-2 w/Half Scrn w/J,United Window & Door,,,,United Window & Door,United,,1515974,,,"United Window & Door United, Product, 1515974",PRODUCT,United 1515974 Product,United Product,Product,,,,,,,,,,,,,,,,,,,,,,,,,,,Product,,,,,,,,,,,,,,,,,,,,,,,,,,,,,,,,,,,,,,,,,,,,,,,,,,,,,,,,,,,,,,,,,,,,,,,,,,,,,,,,,,,,,,,,,,,,,,,,,,,,,,,,,,,,,,,,,,,,,,,,,,,,,,,,,,,,,,,,,,,,,,,,,,,,,,,,,,,,,,,,,,,,,,,,,,,,,,,,,,,,,,,,,,,,FLAG: NEEDS_MANUAL_REVIEW (Low Confidence / Unmapped Taxonomy),,,,,,,,,
no source found,,,,,,,,,,,640383,"1/2"" 54""x10 Drywall Easi-Lite",,,,Certainteed Gypsum (2765),CertainTeed LLC (Saint-Gobain),CertainTeed,,640383,,,"CertainTeed LLC (Saint-Gobain) CertainTeed, Product, 640383",PRODUCT,CertainTeed 640383 Product,CertainTeed Product,Product,,,,,,,,,,,,,,,,,,,,,,,,,,,Product,,,,,,,,,,,,,,,,,,,,,,,,,,,,,,,,,,,,,,,,,,,,,,,,,,,,,,,,,,,,,,,,,,,,,,,,,,,,,,,,,,,,,,,,,,,,,,,,,,,,,,,,,,,,,,,,,,,,,,,,,,,,,,,,,,,,,,,,,,,,,,,,,,,,,,,,,,,,,,,,,,,,,,,,,,,,,,,,,,,,,,,,,,,,FLAG: NEEDS_MANUAL_REVIEW (Low Confidence / Unmapped Taxonomy),,,,,,,,,
no source found,,,,,,,,,,,653258,"5/8"" 4x9 Drywall Firelite",,,,Certainteed Gypsum (2765),CertainTeed LLC (Saint-Gobain),CertainTeed,,653258,,,"CertainTeed LLC (Saint-Gobain) CertainTeed, Product, 653258",PRODUCT,CertainTeed 653258 Product,CertainTeed Product,Product,,,,,,,,,,,,,,,,,,,,,,,,,,,Product,,,,,,,,,,,,,,,,,,,,,,,,,,,,,,,,,,,,,,,,,,,,,,,,,,,,,,,,,,,,,,,,,,,,,,,,,,,,,,,,,,,,,,,,,,,,,,,,,,,,,,,,,,,,,,,,,,,,,,,,,,,,,,,,,,,,,,,,,,,,,,,,,,,,,,,,,,,,,,,,,,,,,,,,,,,,,,,,,,,,,,,,,,,,FLAG: NEEDS_MANUAL_REVIEW (Low Confidence / Unmapped Taxonomy),,,,,,,,,
no source found,,,,,,,,,,,413S-DBA-36,"413S 36"" Alum Threshold DBZ",HAGER,,,Hager Hinge Co (4189),Hager Companies,Hager,,413S-DBA-36,,,"Hager Companies Hager, Product, 413S-DBA-36",PRODUCT,Hager 413S-DBA-36 Product,Hager Product,Product,,,,,,,,,,,,,,,,,,,,,,,,,,,Product,,,,,,,,,,,,,,,,,,,,,,,,,,,,,,,,,,,,,,,,,,,,,,,,,,,,,,,,,,,,,,,,,,,,,,,,,,,,,,,,,,,,,,,,,,,,,,,,,,,,,,,,,,,,,,,,,,,,,,,,,,,,,,,,,,,,,,,,,,,,,,,,,,,,,,,,,,,,,,,,,,,,,,,,,,,,,,,,,,,,,,,,,,,,FLAG: NEEDS_MANUAL_REVIEW (Low Confidence / Unmapped Taxonomy),,,,,,,,,
no source found,,,,,,,,,,,413S-DBA-72,"413S 72"" Alum Threshold DBZ",HAGER,,,Hager Hinge Co (4189),Hager Companies,Hager,,413S-DBA-72,,,"Hager Companies Hager, Product, 413S-DBA-72",PRODUCT,Hager 413S-DBA-72 Product,Hager Product,Product,,,,,,,,,,,,,,,,,,,,,,,,,,,Product,,,,,,,,,,,,,,,,,,,,,,,,,,,,,,,,,,,,,,,,,,,,,,,,,,,,,,,,,,,,,,,,,,,,,,,,,,,,,,,,,,,,,,,,,,,,,,,,,,,,,,,,,,,,,,,,,,,,,,,,,,,,,,,,,,,,,,,,,,,,,,,,,,,,,,,,,,,,,,,,,,,,,,,,,,,,,,,,,,,,,,,,,,,,FLAG: NEEDS_MANUAL_REVIEW (Low Confidence / Unmapped Taxonomy),,,,,,,,,
no source found,,,,,,,,,,,1511506,4'x65' Zip Rainscreen,,,,Huber Eng Wood LLC (3158),Huber Engineered Woods LLC,ZIP System,,1511506,,,"Huber Engineered Woods LLC ZIP System, Product, 1511506",PRODUCT,ZIP System 1511506 Product,ZIP System Product,Product,,,,,,,,,,,,,,,,,,,,,,,,,,,Product,,,,,,,,,,,,,,,,,,,,,,,,,,,,,,,,,,,,,,,,,,,,,,,,,,,,,,,,,,,,,,,,,,,,,,,,,,,,,,,,,,,,,,,,,,,,,,,,,,,,,,,,,,,,,,,,,,,,,,,,,,,,,,,,,,,,,,,,,,,,,,,,,,,,,,,,,,,,,,,,,,,,,,,,,,,,,,,,,,,,,,,,,,,,FLAG: NEEDS_MANUAL_REVIEW (Low Confidence / Unmapped Taxonomy),,,,,,,,,
no source found,,,,,,,Lumber,Decking,Composite Decking,,1513577,1x8-12' Doug Fir STK Smooth 1S2E,COMMODITY - UNBRANDED,,,Westwood Lumber Sales (WESLU),Westwood Lumber Sales,Doug Fir,,1513577,,Building Materials>Lumber & Composites>Decking & Railing,"Westwood Lumber Sales Doug Fir, Decking, 1513577",DECKING,Doug Fir 1513577 Decking,Doug Fir Decking,Decking,,,,,,,,,,,,,,,,,,,,,,,,,,,Decking,,,,,,,,,,,,,,,,,,,,,,,,,,,,,,,,,,,,,,,,,,,,,,,,,,,,,,,,,,,,,,,,,,,,,,,,,,,,,,,,,,,,,,,,,,,,,,,,,,,,,,,,,,,,,,,,,,,,,,,,,,,,,,,,,,,,,,,,,,,,,,,,,,,,,,,,,,,,,,,,,,,,,,,,,,,,,,,,,,,,,,,,,,,,,,,,,,,,,
no source found,,,,,,,Lumber,Decking,Composite Decking,,1513578,1x8-16' Doug Fir STK Smooth 1S2E,COMMODITY - UNBRANDED,,,Westwood Lumber Sales (WESLU),Westwood Lumber Sales,Doug Fir,,1513578,,Building Materials>Lumber & Composites>Decking & Railing,"Westwood Lumber Sales Doug Fir, Decking, 1513578",DECKING,Doug Fir 1513578 Decking,Doug Fir Decking,Decking,,,,,,,,,,,,,,,,,,,,,,,,,,,Decking,,,,,,,,,,,,,,,,,,,,,,,,,,,,,,,,,,,,,,,,,,,,,,,,,,,,,,,,,,,,,,,,,,,,,,,,,,,,,,,,,,,,,,,,,,,,,,,,,,,,,,,,,,,,,,,,,,,,,,,,,,,,,,,,,,,,,,,,,,,,,,,,,,,,,,,,,,,,,,,,,,,,,,,,,,,,,,,,,,,,,,,,,,,,,,,,,,,,,
no source found,,,,,,,Lumber,Decking,Composite Decking,,1513579,1x12-12 'Doug Fir STK Smooth 1S2E,COMMODITY - UNBRANDED,,,Westwood Lumber Sales (WESLU),Westwood Lumber Sales,Doug Fir,,1513579,,Building Materials>Lumber & Composites>Decking & Railing,"Westwood Lumber Sales Doug Fir, Decking, 1513579",DECKING,Doug Fir 1513579 Decking,Doug Fir Decking,Decking,,,,,,,,,,,,,,,,,,,,,,,,,,,Decking,,,,,,,,,,,,,,,,,,,,,,,,,,,,,,,,,,,,,,,,,,,,,,,,,,,,,,,,,,,,,,,,,,,,,,,,,,,,,,,,,,,,,,,,,,,,,,,,,,,,,,,,,,,,,,,,,,,,,,,,,,,,,,,,,,,,,,,,,,,,,,,,,,,,,,,,,,,,,,,,,,,,,,,,,,,,,,,,,,,,,,,,,,,,,,,,,,,,,
no source found,,,,,,,Lumber,Decking,Composite Decking,,1513580,1x12-16' Doug Fir STK Smooth 1S2E,COMMODITY - UNBRANDED,,,Westwood Lumber Sales (WESLU),Westwood Lumber Sales,Doug Fir,,1513580,,Building Materials>Lumber & Composites>Decking & Railing,"Westwood Lumber Sales Doug Fir, Decking, 1513580",DECKING,Doug Fir 1513580 Decking,Doug Fir Decking,Decking,,,,,,,,,,,,,,,,,,,,,,,,,,,Decking,,,,,,,,,,,,,,,,,,,,,,,,,,,,,,,,,,,,,,,,,,,,,,,,,,,,,,,,,,,,,,,,,,,,,,,,,,,,,,,,,,,,,,,,,,,,,,,,,,,,,,,,,,,,,,,,,,,,,,,,,,,,,,,,,,,,,,,,,,,,,,,,,,,,,,,,,,,,,,,,,,,,,,,,,,,,,,,,,,,,,,,,,,,,,,,,,,,,,
no source found,,,,,,,,,,,1501767,"3/4"" 4x8T&G Huber Blue PlusOSB - Sub Floor",,,,,Huber Engineered Woods LLC,Huber,,1501767,,,"Huber Engineered Woods LLC Huber, Product, 1501767",PRODUCT,Huber 1501767 Product,Huber Product,Product,,,,,,,,,,,,,,,,,,,,,,,,,,,Product,,,,,,,,,,,,,,,,,,,,,,,,,,,,,,,,,,,,,,,,,,,,,,,,,,,,,,,,,,,,,,,,,,,,,,,,,,,,,,,,,,,,,,,,,,,,,,,,,,,,,,,,,,,,,,,,,,,,,,,,,,,,,,,,,,,,,,,,,,,,,,,,,,,,,,,,,,,,,,,,,,,,,,,,,,,,,,,,,,,,,,,,,,,,FLAG: NEEDS_MANUAL_REVIEW (Low Confidence / Unmapped Taxonomy),,,,,,,,,
no source found,,,,,,,,,,,PP-8BL,8' Premier Rib XL Black,,,,Premier Metals (PREME),Premier Metals,Premier Metals,,PP-8BL,,,"Premier Metals, Product, PP-8BL",PRODUCT,Premier Metals PP-8BL Product,Premier Metals Product,Product,,,,,,,,,,,,,,,,,,,,,,,,,,,Product,,,,,,,,,,,,,,,,,,,,,,,,,,,,,,,,,,,,,,,,,,,,,,,,,,,,,,,,,,,,,,,,,,,,,,,,,,,,,,,,,,,,,,,,,,,,,,,,,,,,,,,,,,,,,,,,,,,,,,,,,,,,,,,,,,,,,,,,,,,,,,,,,,,,,,,,,,,,,,,,,,,,,,,,,,,,,,,,,,,,,,,,,,,,FLAG: NEEDS_MANUAL_REVIEW (Low Confidence / Unmapped Taxonomy),,,,,,,,,
no source found,,,,,,,,,,,PP-10BL,10' Premier Rib XL Black,,,,Premier Metals (PREME),Premier Metals,Premier Metals,,PP-10BL,,,"Premier Metals, Product, PP-10BL",PRODUCT,Premier Metals PP-10BL Product,Premier Metals Product,Product,,,,,,,,,,,,,,,,,,,,,,,,,,,Product,,,,,,,,,,,,,,,,,,,,,,,,,,,,,,,,,,,,,,,,,,,,,,,,,,,,,,,,,,,,,,,,,,,,,,,,,,,,,,,,,,,,,,,,,,,,,,,,,,,,,,,,,,,,,,,,,,,,,,,,,,,,,,,,,,,,,,,,,,,,,,,,,,,,,,,,,,,,,,,,,,,,,,,,,,,,,,,,,,,,,,,,,,,,FLAG: NEEDS_MANUAL_REVIEW (Low Confidence / Unmapped Taxonomy),,,,,,,,,
no source found,,,,,,,,,,,PP-12BL,12' Premier Rib XL Black,,,,Premier Metals (PREME),Premier Metals,Premier Metals,,PP-12BL,,,"Premier Metals, Product, PP-12BL",PRODUCT,Premier Metals PP-12BL Product,Premier Metals Product,Product,,,,,,,,,,,,,,,,,,,,,,,,,,,Product,,,,,,,,,,,,,,,,,,,,,,,,,,,,,,,,,,,,,,,,,,,,,,,,,,,,,,,,,,,,,,,,,,,,,,,,,,,,,,,,,,,,,,,,,,,,,,,,,,,,,,,,,,,,,,,,,,,,,,,,,,,,,,,,,,,,,,,,,,,,,,,,,,,,,,,,,,,,,,,,,,,,,,,,,,,,,,,,,,,,,,,,,,,,FLAG: NEEDS_MANUAL_REVIEW (Low Confidence / Unmapped Taxonomy),,,,,,,,,
no source found,,,,,,,,,,,PP-8CH,8' Premier Rib XL Charcoal,,,,Premier Metals (PREME),Premier Metals,Premier Metals,,PP-8CH,,,"Premier Metals, Product, PP-8CH",PRODUCT,Premier Metals PP-8CH Product,Premier Metals Product,Product,,,,,,,,,,,,,,,,,,,,,,,,,,,Product,,,,,,,,,,,,,,,,,,,,,,,,,,,,,,,,,,,,,,,,,,,,,,,,,,,,,,,,,,,,,,,,,,,,,,,,,,,,,,,,,,,,,,,,,,,,,,,,,,,,,,,,,,,,,,,,,,,,,,,,,,,,,,,,,,,,,,,,,,,,,,,,,,,,,,,,,,,,,,,,,,,,,,,,,,,,,,,,,,,,,,,,,,,,FLAG: NEEDS_MANUAL_REVIEW (Low Confidence / Unmapped Taxonomy),,,,,,,,,
no source found,,,,,,,,,,,PP-10CH,10' Premier Rib XL Charcoal,,,,Premier Metals (PREME),Premier Metals,Premier Metals,,PP-10CH,,,"Premier Metals, Product, PP-10CH",PRODUCT,Premier Metals PP-10CH Product,Premier Metals Product,Product,,,,,,,,,,,,,,,,,,,,,,,,,,,Product,,,,,,,,,,,,,,,,,,,,,,,,,,,,,,,,,,,,,,,,,,,,,,,,,,,,,,,,,,,,,,,,,,,,,,,,,,,,,,,,,,,,,,,,,,,,,,,,,,,,,,,,,,,,,,,,,,,,,,,,,,,,,,,,,,,,,,,,,,,,,,,,,,,,,,,,,,,,,,,,,,,,,,,,,,,,,,,,,,,,,,,,,,,,FLAG: NEEDS_MANUAL_REVIEW (Low Confidence / Unmapped Taxonomy),,,,,,,,,
no source found,,,,,,,,,,,PP-12CH,12' Premier Rib XL Charcoal,,,,Premier Metals (PREME),Premier Metals,Premier Metals,,PP-12CH,,,"Premier Metals, Product, PP-12CH",PRODUCT,Premier Metals PP-12CH Product,Premier Metals Product,Product,,,,,,,,,,,,,,,,,,,,,,,,,,,Product,,,,,,,,,,,,,,,,,,,,,,,,,,,,,,,,,,,,,,,,,,,,,,,,,,,,,,,,,,,,,,,,,,,,,,,,,,,,,,,,,,,,,,,,,,,,,,,,,,,,,,,,,,,,,,,,,,,,,,,,,,,,,,,,,,,,,,,,,,,,,,,,,,,,,,,,,,,,,,,,,,,,,,,,,,,,,,,,,,,,,,,,,,,,FLAG: NEEDS_MANUAL_REVIEW (Low Confidence / Unmapped Taxonomy),,,,,,,,,
no source found,,,,,,,,,,,PP-8WH,8' Premier Rib XL White,,,,Premier Metals (PREME),Premier Metals,Premier Metals,,PP-8WH,,,"Premier Metals, Product, PP-8WH",PRODUCT,Premier Metals PP-8WH Product,Premier Metals Product,Product,,,,,,,,,,,,,,,,,,,,,,,,,,,Product,,,,,,,,,,,,,,,,,,,,,,,,,,,,,,,,,,,,,,,,,,,,,,,,,,,,,,,,,,,,,,,,,,,,,,,,,,,,,,,,,,,,,,,,,,,,,,,,,,,,,,,,,,,,,,,,,,,,,,,,,,,,,,,,,,,,,,,,,,,,,,,,,,,,,,,,,,,,,,,,,,,,,,,,,,,,,,,,,,,,,,,,,,,,FLAG: NEEDS_MANUAL_REVIEW (Low Confidence / Unmapped Taxonomy),,,,,,,,,
no source found,,,,,,,,,,,PP-10WH,10' Premier Rib XL White,,,,Premier Metals (PREME),Premier Metals,Premier Metals,,PP-10WH,,,"Premier Metals, Product, PP-10WH",PRODUCT,Premier Metals PP-10WH Product,Premier Metals Product,Product,,,,,,,,,,,,,,,,,,,,,,,,,,,Product,,,,,,,,,,,,,,,,,,,,,,,,,,,,,,,,,,,,,,,,,,,,,,,,,,,,,,,,,,,,,,,,,,,,,,,,,,,,,,,,,,,,,,,,,,,,,,,,,,,,,,,,,,,,,,,,,,,,,,,,,,,,,,,,,,,,,,,,,,,,,,,,,,,,,,,,,,,,,,,,,,,,,,,,,,,,,,,,,,,,,,,,,,,,FLAG: NEEDS_MANUAL_REVIEW (Low Confidence / Unmapped Taxonomy),,,,,,,,,
no source found,,,,,,,,,,,1504345,OC Duration TruDef Wburg Gray (BDL),,,,Palmer Donavin Mfg Company (PALDO),Owens Corning,Duration,,1504345,,,"Owens Corning Duration, Product, 1504345",PRODUCT,Duration 1504345 Product,Duration Product,Product,,,,,,,,,,,,,,,,,,,,,,,,,,,Product,,,,,,,,,,,,,,,,,,,,,,,,,,,,,,,,,,,,,,,,,,,,,,,,,,,,,,,,,,,,,,,,,,,,,,,,,,,,,,,,,,,,,,,,,,,,,,,,,,,,,,,,,,,,,,,,,,,,,,,,,,,,,,,,,,,,,,,,,,,,,,,,,,,,,,,,,,,,,,,,,,,,,,,,,,,,,,,,,,,,,,,,,,,,FLAG: NEEDS_MANUAL_REVIEW (Low Confidence / Unmapped Taxonomy),,,,,,,,,
no source found,,,,,,,,,,,2733,3'x65' Henry Eaveguard - Ice Guard,,,,Palmer Donavin Mfg Company (PALDO),,,,2733,,,", Product, 2733",PRODUCT,2733 Product,Product,Product,,,,,,,,,,,,,,,,,,,,,,,,,,,Product,,,,,,,,,,,,,,,,,,,,,,,,,,,,,,,,,,,,,,,,,,,,,,,,,,,,,,,,,,,,,,,,,,,,,,,,,,,,,,,,,,,,,,,,,,,,,,,,,,,,,,,,,,,,,,,,,,,,,,,,,,,,,,,,,,,,,,,,,,,,,,,,,,,,,,,,,,,,,,,,,,,,,,,,,,,,,,,,,,,,,,,,,,,,FLAG: NEEDS_MANUAL_REVIEW (Low Confidence / Unmapped Taxonomy),,,,,,,,,
no source found,,,,,,,,,,,7547,Ice Guard OC Weathr Lk Mat 2sq,,,,,Owens Corning,OC,,7547,,,"Owens Corning OC, Product, 7547",PRODUCT,OC 7547 Product,OC Product,Product,,,,,,,,,,,,,,,,,,,,,,,,,,,Product,,,,,,,,,,,,,,,,,,,,,,,,,,,,,,,,,,,,,,,,,,,,,,,,,,,,,,,,,,,,,,,,,,,,,,,,,,,,,,,,,,,,,,,,,,,,,,,,,,,,,,,,,,,,,,,,,,,,,,,,,,,,,,,,,,,,,,,,,,,,,,,,,,,,,,,,,,,,,,,,,,,,,,,,,,,,,,,,,,,,,,,,,,,,FLAG: NEEDS_MANUAL_REVIEW (Low Confidence / Unmapped Taxonomy),,,,,,,,,
no source found,,,,,,,,,,,8912220,"7-1/4""x12' Hardie Sdg Smooth - Primed HardiePlank",JAMESHARDIE,,,Boise Cascade Building Materials (BOICA),,,,8912220,,,", Product, 8912220",PRODUCT,8912220 Product,Product,Product,,,,,,,,,,,,,,,,,,,,,,,,,,,Product,,,,,,,,,,,,,,,,,,,,,,,,,,,,,,,,,,,,,,,,,,,,,,,,,,,,,,,,,,,,,,,,,,,,,,,,,,,,,,,,,,,,,,,,,,,,,,,,,,,,,,,,,,,,,,,,,,,,,,,,,,,,,,,,,,,,,,,,,,,,,,,,,,,,,,,,,,,,,,,,,,,,,,,,,,,,,,,,,,,,,,,,,,,,FLAG: NEEDS_MANUAL_REVIEW (Low Confidence / Unmapped Taxonomy),,,,,,,,,
no source found,,,,,,,,,,,8904015,4'x10' HardiePanel Smooth - Primed,JAMESHARDIE,,,Boise Cascade Building Materials (BOICA),,,,8904015,,,", Product, 8904015",PRODUCT,8904015 Product,Product,Product,,,,,,,,,,,,,,,,,,,,,,,,,,,Product,,,,,,,,,,,,,,,,,,,,,,,,,,,,,,,,,,,,,,,,,,,,,,,,,,,,,,,,,,,,,,,,,,,,,,,,,,,,,,,,,,,,,,,,,,,,,,,,,,,,,,,,,,,,,,,,,,,,,,,,,,,,,,,,,,,,,,,,,,,,,,,,,,,,,,,,,,,,,,,,,,,,,,,,,,,,,,,,,,,,,,,,,,,,FLAG: NEEDS_MANUAL_REVIEW (Low Confidence / Unmapped Taxonomy),,,,,,,,,
no source found,,,,,,,,,,,25796,"6""x16' Smart Lap Sdg Cedar",LP SMARTSIDE,,,U S Lumber (3073),,,,25796,,,", Product, 25796",PRODUCT,25796 Product,Product,Product,,,,,,,,,,,,,,,,,,,,,,,,,,,Product,,,,,,,,,,,,,,,,,,,,,,,,,,,,,,,,,,,,,,,,,,,,,,,,,,,,,,,,,,,,,,,,,,,,,,,,,,,,,,,,,,,,,,,,,,,,,,,,,,,,,,,,,,,,,,,,,,,,,,,,,,,,,,,,,,,,,,,,,,,,,,,,,,,,,,,,,,,,,,,,,,,,,,,,,,,,,,,,,,,,,,,,,,,,FLAG: NEEDS_MANUAL_REVIEW (Low Confidence / Unmapped Taxonomy),,,,,,,,,
no source found,,,,,,,,,,,40503,"3/8"" 16""x16' Smart Pan Cedar - No-Groove Sq Edge B&B",LP SMARTSIDE,,,U S Lumber (3073),,,,40503,,,", Product, 40503",PRODUCT,40503 Product,Product,Product,,,,,,,,,,,,,,,,,,,,,,,,,,,Product,,,,,,,,,,,,,,,,,,,,,,,,,,,,,,,,,,,,,,,,,,,,,,,,,,,,,,,,,,,,,,,,,,,,,,,,,,,,,,,,,,,,,,,,,,,,,,,,,,,,,,,,,,,,,,,,,,,,,,,,,,,,,,,,,,,,,,,,,,,,,,,,,,,,,,,,,,,,,,,,,,,,,,,,,,,,,,,,,,,,,,,,,,,,FLAG: NEEDS_MANUAL_REVIEW (Low Confidence / Unmapped Taxonomy),,,,,,,,,
no source found,,,,,,,,,,,25825,"3/8"" 4x10 Smart Pan Cedar - No-Groove w/Shiplap Edges",LP SMARTSIDE,,,U S Lumber (3073),,,,25825,,,", Product, 25825",PRODUCT,25825 Product,Product,Product,,,,,,,,,,,,,,,,,,,,,,,,,,,Product,,,,,,,,,,,,,,,,,,,,,,,,,,,,,,,,,,,,,,,,,,,,,,,,,,,,,,,,,,,,,,,,,,,,,,,,,,,,,,,,,,,,,,,,,,,,,,,,,,,,,,,,,,,,,,,,,,,,,,,,,,,,,,,,,,,,,,,,,,,,,,,,,,,,,,,,,,,,,,,,,,,,,,,,,,,,,,,,,,,,,,,,,,,,FLAG: NEEDS_MANUAL_REVIEW (Low Confidence / Unmapped Taxonomy),,,,,,,,,
no source found,,,,,,,,,,,25822,"3/8"" 12""x16' Smart Vented Soff - Cedar Soffit",LP SMARTSIDE,,,U S Lumber (3073),,,,25822,,,", Product, 25822",PRODUCT,25822 Product,Product,Product,,,,,,,,,,,,,,,,,,,,,,,,,,,Product,,,,,,,,,,,,,,,,,,,,,,,,,,,,,,,,,,,,,,,,,,,,,,,,,,,,,,,,,,,,,,,,,,,,,,,,,,,,,,,,,,,,,,,,,,,,,,,,,,,,,,,,,,,,,,,,,,,,,,,,,,,,,,,,,,,,,,,,,,,,,,,,,,,,,,,,,,,,,,,,,,,,,,,,,,,,,,,,,,,,,,,,,,,,FLAG: NEEDS_MANUAL_REVIEW (Low Confidence / Unmapped Taxonomy),,,,,,,,,
no source found,,,,,,,,,,,543650101,Black Alum ADA Wall Mount Trex,TREX,,,Boise Cascade Building Materials (BOICA),"Trex Company, Inc.",Trex,,543650101,,,"Trex Company, Inc. Trex, Product, 543650101",PRODUCT,Trex 543650101 Product,Trex Product,Product,,,,,,,,,,,,,,,,,,,,,,,,,,,Product,,,,,,,,,,,,,,,,,,,,,,,,,,,,,,,,,,,,,,,,,,,,,,,,,,,,,,,,,,,,,,,,,,,,,,,,,,,,,,,,,,,,,,,,,,,,,,,,,,,,,,,,,,,,,,,,,,,,,,,,,,,,,,,,,,,,,,,,,,,,,,,,,,,,,,,,,,,,,,,,,,,,,,,,,,,,,,,,,,,,,,,,,,,,FLAG: NEEDS_MANUAL_REVIEW (Low Confidence / Unmapped Taxonomy),,,,,,,,,
no source found,,,,,,,,,,,543650010,Black Alum ADA Int End Cap - Trex,TREX,,,Boise Cascade Building Materials (BOICA),"Trex Company, Inc.",Trex,,543650010,,,"Trex Company, Inc. Trex, Product, 543650010",PRODUCT,Trex 543650010 Product,Trex Product,Product,,,,,,,,,,,,,,,,,,,,,,,,,,,Product,,,,,,,,,,,,,,,,,,,,,,,,,,,,,,,,,,,,,,,,,,,,,,,,,,,,,,,,,,,,,,,,,,,,,,,,,,,,,,,,,,,,,,,,,,,,,,,,,,,,,,,,,,,,,,,,,,,,,,,,,,,,,,,,,,,,,,,,,,,,,,,,,,,,,,,,,,,,,,,,,,,,,,,,,,,,,,,,,,,,,,,,,,,,FLAG: NEEDS_MANUAL_REVIEW (Low Confidence / Unmapped Taxonomy),,,,,,,,,
no source found,,,,,,,Lumber,Decking,Composite Decking,,543650048,8' Black Alum ADA Rail Trex,TREX,,,Boise Cascade Building Materials (BOICA),"Trex Company, Inc.",Trex,,543650048,,Building Materials>Lumber & Composites>Decking & Railing,"Trex Company, Inc. Trex, Decking Component, 543650048",DECKING,Trex 543650048 Decking Component,Trex Decking Component,Decking Component,,,,,,,,,,,,,,,,,,,,,,,,,,,Decking Component,,,,,,,,,,,,,,,,,,,,,,,,,,,,,,,,,,,,,,,,,,,,,,,,,,,,,,,,,,,,,,,,,,,,,,,,,,,,,,,,,,,,,,,,,,,,,,,,,,,,,,,,,,,,,,,,,,,,,,,,,,,,,,,,,,,,,,,,,,,,,,,,,,,,,,,,,,,,,,,,,,,,,,,,,,,,,,,,,,,,,,,,,,,,,,,,,,,,,
no source found,,,,,,,,,,,1506969,"1-1/2"" 4x8 Huber Zip R6.6 - Insulated R-Sheathing",,,,,Huber Engineered Woods LLC,Huber,,1506969,,,"Huber Engineered Woods LLC Huber, Product, 1506969",PRODUCT,Huber 1506969 Product,Huber Product,Product,,,,,,,,,,,,,,,,,,,,,,,,,,,Product,,,,,,,,,,,,,,,,,,,,,,,,,,,,,,,,,,,,,,,,,,,,,,,,,,,,,,,,,,,,,,,,,,,,,,,,,,,,,,,,,,,,,,,,,,,,,,,,,,,,,,,,,,,,,,,,,,,,,,,,,,,,,,,,,,,,,,,,,,,,,,,,,,,,,,,,,,,,,,,,,,,,,,,,,,,,,,,,,,,,,,,,,,,,FLAG: NEEDS_MANUAL_REVIEW (Low Confidence / Unmapped Taxonomy),,,,,,,,,
no source found,,,,,,,,,,,1514681,"1"" 4x8 Huber Zip R3.6 - Insulated R-Sheathing",,,,,Huber Engineered Woods LLC,Huber,,1514681,,,"Huber Engineered Woods LLC Huber, Product, 1514681",PRODUCT,Huber 1514681 Product,Huber Product,Product,,,,,,,,,,,,,,,,,,,,,,,,,,,Product,,,,,,,,,,,,,,,,,,,,,,,,,,,,,,,,,,,,,,,,,,,,,,,,,,,,,,,,,,,,,,,,,,,,,,,,,,,,,,,,,,,,,,,,,,,,,,,,,,,,,,,,,,,,,,,,,,,,,,,,,,,,,,,,,,,,,,,,,,,,,,,,,,,,,,,,,,,,,,,,,,,,,,,,,,,,,,,,,,,,,,,,,,,,FLAG: NEEDS_MANUAL_REVIEW (Low Confidence / Unmapped Taxonomy),,,,,,,,,
no source found,,,,,,,,,,,1514726,"2"" 4x8 Huber Zip R9.6 - Insulated R-Sheathing",,,,,Huber Engineered Woods LLC,Huber,,1514726,,,"Huber Engineered Woods LLC Huber, Product, 1514726",PRODUCT,Huber 1514726 Product,Huber Product,Product,,,,,,,,,,,,,,,,,,,,,,,,,,,Product,,,,,,,,,,,,,,,,,,,,,,,,,,,,,,,,,,,,,,,,,,,,,,,,,,,,,,,,,,,,,,,,,,,,,,,,,,,,,,,,,,,,,,,,,,,,,,,,,,,,,,,,,,,,,,,,,,,,,,,,,,,,,,,,,,,,,,,,,,,,,,,,,,,,,,,,,,,,,,,,,,,,,,,,,,,,,,,,,,,,,,,,,,,,FLAG: NEEDS_MANUAL_REVIEW (Low Confidence / Unmapped Taxonomy),,,,,,,,,
no source found,,,,,,,,,,,1728ABL,2x2 Black Fine Fissured 1728BL,,,,Palmer Donavin Mfg Company (PALDO),,,,1728ABL,,,", Product, 1728ABL",PRODUCT,1728ABL Product,Product,Product,,,,,,,,,,,,,,,,,,,,,,,,,,,Product,,,,,,,,,,,,,,,,,,,,,,,,,,,,,,,,,,,,,,,,,,,,,,,,,,,,,,,,,,,,,,,,,,,,,,,,,,,,,,,,,,,,,,,,,,,,,,,,,,,,,,,,,,,,,,,,,,,,,,,,,,,,,,,,,,,,,,,,,,,,,,,,,,,,,,,,,,,,,,,,,,,,,,,,,,,,,,,,,,,,,,,,,,,,FLAG: NEEDS_MANUAL_REVIEW (Low Confidence / Unmapped Taxonomy),,,,,,,,,
no source found,,,,,,,,,,,402-R,402R 12V12AH 8D Battery,,,,MillerTech Energy Solutions (MILTE),MillerTech Energy Solutions LLC,MillerTech,,402-R,,,"MillerTech Energy Solutions LLC MillerTech, Product, 402-R",PRODUCT,MillerTech 402-R Product,MillerTech Product,Product,,,,,,,,,,,,,,,,,,,,,,,,,,,Product,,,,,,,,,,,,,,,,,,,,,,,,,,,,,,,,,,,,,,,,,,,,,,,,,,,,,,,,,,,,,,,,,,,,,,,,,,,,,,,,,,,,,,,,,,,,,,,,,,,,,,,,,,,,,,,,,,,,,,,,,,,,,,,,,,,,,,,,,,,,,,,,,,,,,,,,,,,,,,,,,,,,,,,,,,,,,,,,,,,,,,,,,,,,FLAG: NEEDS_MANUAL_REVIEW (Low Confidence / Unmapped Taxonomy),,,,,,,,,
no source found,,,,,,,,,,,SL1672,SL1672 Jumpstart & Pwr Supply,,,Schumacher,,,,,SL1672,,,", Product, SL1672",PRODUCT,SL1672 Product,Product,Product,,,,,,,,,,,,,,,,,,,,,,,,,,,Product,,,,,,,,,,,,,,,,,,,,,,,,,,,,,,,,,,,,,,,,,,,,,,,,,,,,,,,,,,,,,,,,,,,,,,,,,,,,,,,,,,,,,,,,,,,,,,,,,,,,,,,,,,,,,,,,,,,,,,,,,,,,,,,,,,,,,,,,,,,,,,,,,,,,,,,,,,,,,,,,,,,,,,,,,,,,,,,,,,,,,,,,,,,,FLAG: NEEDS_MANUAL_REVIEW (Low Confidence / Unmapped Taxonomy),,,,,,,,,
no source found,,,,,,,,,,,BM-DW20-YLW-6,BM-DW20-YLW-6 Dewalt - Battery Mounts 6pk,,,StealthMounts,Metalmark Industrial Inc (METIN),Stanley Black & Decker,DEWALT,,BM-DW20-YLW-6,,,"Stanley Black & Decker DEWALT, Product, BM-DW20-YLW-6",PRODUCT,DEWALT BM-DW20-YLW-6 Product,DEWALT Product,Product,,,,,,,,,,,,,,,,,,,,,,,,,,,Product,,,,,,,,,,,,,,,,,,,,,,,,,,,,,,,,,,,,,,,,,,,,,,,,,,,,,,,,,,,,,,,,,,,,,,,,,,,,,,,,,,,,,,,,,,,,,,,,,,,,,,,,,,,,,,,,,,,,,,,,,,,,,,,,,,,,,,,,,,,,,,,,,,,,,,,,,,,,,,,,,,,,,,,,,,,,,,,,,,,,,,,,,,,,FLAG: NEEDS_MANUAL_REVIEW (Low Confidence / Unmapped Taxonomy),,,,,,,,,
no source found,,,,,,,,,,,BHA1-UPC,16-24 Adjust Hanger,,,Southwire,Southwire/g Turner (6603),Southwire Company,Southwire,,BHA1-UPC,,,"Southwire Company Southwire, Product, BHA1-UPC",PRODUCT,Southwire BHA1-UPC Product,Southwire Product,Product,,,,,,,,,,,,,,,,,,,,,,,,,,,Product,,,,,,,,,,,,,,,,,,,,,,,,,,,,,,,,,,,,,,,,,,,,,,,,,,,,,,,,,,,,,,,,,,,,,,,,,,,,,,,,,,,,,,,,,,,,,,,,,,,,,,,,,,,,,,,,,,,,,,,,,,,,,,,,,,,,,,,,,,,,,,,,,,,,,,,,,,,,,,,,,,,,,,,,,,,,,,,,,,,,,,,,,,,,FLAG: NEEDS_MANUAL_REVIEW (Low Confidence / Unmapped Taxonomy),,,,,,,,,
no source found,,,,,,,,,,,G1941-UPC,"G1941UPC 4"" Sq Cover Sw/Outlet",,,Southwire,Southwire/g Turner (6603),Southwire Company,Southwire,,G1941-UPC,,,"Southwire Company Southwire, Product, G1941-UPC",PRODUCT,Southwire G1941-UPC Product,Southwire Product,Product,,,,,,,,,,,,,,,,,,,,,,,,,,,Product,,,,,,,,,,,,,,,,,,,,,,,,,,,,,,,,,,,,,,,,,,,,,,,,,,,,,,,,,,,,,,,,,,,,,,,,,,,,,,,,,,,,,,,,,,,,,,,,,,,,,,,,,,,,,,,,,,,,,,,,,,,,,,,,,,,,,,,,,,,,,,,,,,,,,,,,,,,,,,,,,,,,,,,,,,,,,,,,,,,,,,,,,,,,FLAG: NEEDS_MANUAL_REVIEW (Low Confidence / Unmapped Taxonomy),,,,,,,,,
no source found,,,,,,,,,,,G1950-UPC,4x4 2G GFI Box Cover,,,Southwire,Southwire/g Turner (6603),Southwire Company,Southwire,,G1950-UPC,,,"Southwire Company Southwire, Product, G1950-UPC",PRODUCT,Southwire G1950-UPC Product,Southwire Product,Product,,,,,,,,,,,,,,,,,,,,,,,,,,,Product,,,,,,,,,,,,,,,,,,,,,,,,,,,,,,,,,,,,,,,,,,,,,,,,,,,,,,,,,,,,,,,,,,,,,,,,,,,,,,,,,,,,,,,,,,,,,,,,,,,,,,,,,,,,,,,,,,,,,,,,,,,,,,,,,,,,,,,,,,,,,,,,,,,,,,,,,,,,,,,,,,,,,,,,,,,,,,,,,,,,,,,,,,,,FLAG: NEEDS_MANUAL_REVIEW (Low Confidence / Unmapped Taxonomy),,,,,,,,,
no source found,,,,,,,,,,,A410RCAR,4x4 1G PVC Box Cover,,,Carlon,Thomas & Betts (7405),ABB Installation Products Inc. (Thomas & Betts),Thomas & Betts,,A410RCAR,,,"ABB Installation Products Inc. (Thomas & Betts) Thomas & Betts, Product, A410RCAR",PRODUCT,Thomas & Betts A410RCAR Product,Thomas & Betts Product,Product,,,,,,,,,,,,,,,,,,,,,,,,,,,Product,,,,,,,,,,,,,,,,,,,,,,,,,,,,,,,,,,,,,,,,,,,,,,,,,,,,,,,,,,,,,,,,,,,,,,,,,,,,,,,,,,,,,,,,,,,,,,,,,,,,,,,,,,,,,,,,,,,,,,,,,,,,,,,,,,,,,,,,,,,,,,,,,,,,,,,,,,,,,,,,,,,,,,,,,,,,,,,,,,,,,,,,,,,,FLAG: NEEDS_MANUAL_REVIEW (Low Confidence / Unmapped Taxonomy),,,,,,,,,
no source found,,,,,,,,,,,G1951-UPC,4x4 2G GFCI Duplex Box Cover,,,Southwire,Southwire/g Turner (6603),Southwire Company,Southwire,,G1951-UPC,,,"Southwire Company Southwire, Product, G1951-UPC",PRODUCT,Southwire G1951-UPC Product,Southwire Product,Product,,,,,,,,,,,,,,,,,,,,,,,,,,,Product,,,,,,,,,,,,,,,,,,,,,,,,,,,,,,,,,,,,,,,,,,,,,,,,,,,,,,,,,,,,,,,,,,,,,,,,,,,,,,,,,,,,,,,,,,,,,,,,,,,,,,,,,,,,,,,,,,,,,,,,,,,,,,,,,,,,,,,,,,,,,,,,,,,,,,,,,,,,,,,,,,,,,,,,,,,,,,,,,,,,,,,,,,,,FLAG: NEEDS_MANUAL_REVIEW (Low Confidence / Unmapped Taxonomy),,,,,,,,,
no source found,,,,,,,,,,,52C3-5/8-UPC,4x4 1G Box Cover,,,Southwire,Southwire/g Turner (6603),Southwire Company,Southwire,,52C3-5/8-UPC,,,"Southwire Company Southwire, Product, 52C3-5/8-UPC",PRODUCT,Southwire 52C3-5/8-UPC Product,Southwire Product,Product,,,,,,,,,,,,,,,,,,,,,,,,,,,Product,,,,,,,,,,,,,,,,,,,,,,,,,,,,,,,,,,,,,,,,,,,,,,,,,,,,,,,,,,,,,,,,,,,,,,,,,,,,,,,,,,,,,,,,,,,,,,,,,,,,,,,,,,,,,,,,,,,,,,,,,,,,,,,,,,,,,,,,,,,,,,,,,,,,,,,,,,,,,,,,,,,,,,,,,,,,,,,,,,,,,,,,,,,,FLAG: NEEDS_MANUAL_REVIEW (Low Confidence / Unmapped Taxonomy),,,,,,,,,
no source found,,,,,,,,,,,52C14-5/8-UPC,4x4 1G Box Cover,,,Southwire,Southwire/g Turner (6603),Southwire Company,Southwire,,52C14-5/8-UPC,,,"Southwire Company Southwire, Product, 52C14-5/8-UPC",PRODUCT,Southwire 52C14-5/8-UPC Product,Southwire Product,Product,,,,,,,,,,,,,,,,,,,,,,,,,,,Product,,,,,,,,,,,,,,,,,,,,,,,,,,,,,,,,,,,,,,,,,,,,,,,,,,,,,,,,,,,,,,,,,,,,,,,,,,,,,,,,,,,,,,,,,,,,,,,,,,,,,,,,,,,,,,,,,,,,,,,,,,,,,,,,,,,,,,,,,,,,,,,,,,,,,,,,,,,,,,,,,,,,,,,,,,,,,,,,,,,,,,,,,,,,FLAG: NEEDS_MANUAL_REVIEW (Low Confidence / Unmapped Taxonomy),,,,,,,,,
no source found,,,,,,,,,,,52C3-UPC,4x4 1G Box Cover,,,Southwire,Southwire/g Turner (6603),Southwire Company,Southwire,,52C3-UPC,,,"Southwire Company Southwire, Product, 52C3-UPC",PRODUCT,Southwire 52C3-UPC Product,Southwire Product,Product,,,,,,,,,,,,,,,,,,,,,,,,,,,Product,,,,,,,,,,,,,,,,,,,,,,,,,,,,,,,,,,,,,,,,,,,,,,,,,,,,,,,,,,,,,,,,,,,,,,,,,,,,,,,,,,,,,,,,,,,,,,,,,,,,,,,,,,,,,,,,,,,,,,,,,,,,,,,,,,,,,,,,,,,,,,,,,,,,,,,,,,,,,,,,,,,,,,,,,,,,,,,,,,,,,,,,,,,,FLAG: NEEDS_MANUAL_REVIEW (Low Confidence / Unmapped Taxonomy),,,,,,,,,
no source found,,,,,,,,,,,54151-F-UPC,4x4x1-1/2 Oct Box w/Bracket,,,Southwire,Southwire/g Turner (6603),Southwire Company,Southwire,,54151-F-UPC,,,"Southwire Company Southwire, Product, 54151-F-UPC",PRODUCT,Southwire 54151-F-UPC Product,Southwire Product,Product,,,,,,,,,,,,,,,,,,,,,,,,,,,Product,,,,,,,,,,,,,,,,,,,,,,,,,,,,,,,,,,,,,,,,,,,,,,,,,,,,,,,,,,,,,,,,,,,,,,,,,,,,,,,,,,,,,,,,,,,,,,,,,,,,,,,,,,,,,,,,,,,,,,,,,,,,,,,,,,,,,,,,,,,,,,,,,,,,,,,,,,,,,,,,,,,,,,,,,,,,,,,,,,,,,,,,,,,,FLAG: NEEDS_MANUAL_REVIEW (Low Confidence / Unmapped Taxonomy),,,,,,,,,
no source found,,,,,,,,,,,54151-HUR-UPC,4x4x1-1/2 Oct Box w/Hanger,,,Southwire,Southwire/g Turner (6603),Southwire Company,Southwire,,54151-HUR-UPC,,,"Southwire Company Southwire, Product, 54151-HUR-UPC",PRODUCT,Southwire 54151-HUR-UPC Product,Southwire Product,Product,,,,,,,,,,,,,,,,,,,,,,,,,,,Product,,,,,,,,,,,,,,,,,,,,,,,,,,,,,,,,,,,,,,,,,,,,,,,,,,,,,,,,,,,,,,,,,,,,,,,,,,,,,,,,,,,,,,,,,,,,,,,,,,,,,,,,,,,,,,,,,,,,,,,,,,,,,,,,,,,,,,,,,,,,,,,,,,,,,,,,,,,,,,,,,,,,,,,,,,,,,,,,,,,,,,,,,,,,FLAG: NEEDS_MANUAL_REVIEW (Low Confidence / Unmapped Taxonomy),,,,,,,,,
no source found,,,,,,,,,,,54151-JR-UPC,4x4x1-1/2 Oct Box w/Brakcet,,,Southwire,Southwire/g Turner (6603),Southwire Company,Southwire,,54151-JR-UPC,,,"Southwire Company Southwire, Product, 54151-JR-UPC",PRODUCT,Southwire 54151-JR-UPC Product,Southwire Product,Product,,,,,,,,,,,,,,,,,,,,,,,,,,,Product,,,,,,,,,,,,,,,,,,,,,,,,,,,,,,,,,,,,,,,,,,,,,,,,,,,,,,,,,,,,,,,,,,,,,,,,,,,,,,,,,,,,,,,,,,,,,,,,,,,,,,,,,,,,,,,,,,,,,,,,,,,,,,,,,,,,,,,,,,,,,,,,,,,,,,,,,,,,,,,,,,,,,,,,,,,,,,,,,,,,,,,,,,,,FLAG: NEEDS_MANUAL_REVIEW (Low Confidence / Unmapped Taxonomy),,,,,,,,,
no source found,,,,,,,,,,,54171-R-UPC,4x4x2 Oct Box,,,Southwire,Southwire/g Turner (6603),Southwire Company,Southwire,,54171-R-UPC,,,"Southwire Company Southwire, Product, 54171-R-UPC",PRODUCT,Southwire 54171-R-UPC Product,Southwire Product,Product,,,,,,,,,,,,,,,,,,,,,,,,,,,Product,,,,,,,,,,,,,,,,,,,,,,,,,,,,,,,,,,,,,,,,,,,,,,,,,,,,,,,,,,,,,,,,,,,,,,,,,,,,,,,,,,,,,,,,,,,,,,,,,,,,,,,,,,,,,,,,,,,,,,,,,,,,,,,,,,,,,,,,,,,,,,,,,,,,,,,,,,,,,,,,,,,,,,,,,,,,,,,,,,,,,,,,,,,,FLAG: NEEDS_MANUAL_REVIEW (Low Confidence / Unmapped Taxonomy),,,,,,,,,
no source found,,,,,,,,,,,52151-S-UPC,4x4x1-1/2 Square Box,,,Southwire,Southwire/g Turner (6603),Southwire Company,Southwire,,52151-S-UPC,,,"Southwire Company Southwire, Product, 52151-S-UPC",PRODUCT,Southwire 52151-S-UPC Product,Southwire Product,Product,,,,,,,,,,,,,,,,,,,,,,,,,,,Product,,,,,,,,,,,,,,,,,,,,,,,,,,,,,,,,,,,,,,,,,,,,,,,,,,,,,,,,,,,,,,,,,,,,,,,,,,,,,,,,,,,,,,,,,,,,,,,,,,,,,,,,,,,,,,,,,,,,,,,,,,,,,,,,,,,,,,,,,,,,,,,,,,,,,,,,,,,,,,,,,,,,,,,,,,,,,,,,,,,,,,,,,,,,FLAG: NEEDS_MANUAL_REVIEW (Low Confidence / Unmapped Taxonomy),,,,,,,,,
no source found,,,,,,,,,,,72171-3/4-1W-UPC,4-1/2x4-1/2x2 2G Box,,,Southwire,Southwire/g Turner (6603),Southwire Company,Southwire,,72171-3/4-1W-UPC,,,"Southwire Company Southwire, Product, 72171-3/4-1W-UPC",PRODUCT,Southwire 72171-3/4-1W-UPC Product,Southwire Product,Product,,,,,,,,,,,,,,,,,,,,,,,,,,,Product,,,,,,,,,,,,,,,,,,,,,,,,,,,,,,,,,,,,,,,,,,,,,,,,,,,,,,,,,,,,,,,,,,,,,,,,,,,,,,,,,,,,,,,,,,,,,,,,,,,,,,,,,,,,,,,,,,,,,,,,,,,,,,,,,,,,,,,,,,,,,,,,,,,,,,,,,,,,,,,,,,,,,,,,,,,,,,,,,,,,,,,,,,,,FLAG: NEEDS_MANUAL_REVIEW (Low Confidence / Unmapped Taxonomy),,,,,,,,,
no source found,,,,,,,,,,,5522-5EV,5522-5EV 2 Port Decor Plate,,,,Cooper Wiring Devices (3560),Eaton (Cooper Wiring Devices),Arrow Hart,,5522-5EV,,,"Eaton (Cooper Wiring Devices) Arrow Hart, Product, 5522-5EV",PRODUCT,Arrow Hart 5522-5EV Product,Arrow Hart Product,Product,,,,,,,,,,,,,,,,,,,,,,,,,,,Product,,,,,,,,,,,,,,,,,,,,,,,,,,,,,,,,,,,,,,,,,,,,,,,,,,,,,,,,,,,,,,,,,,,,,,,,,,,,,,,,,,,,,,,,,,,,,,,,,,,,,,,,,,,,,,,,,,,,,,,,,,,,,,,,,,,,,,,,,,,,,,,,,,,,,,,,,,,,,,,,,,,,,,,,,,,,,,,,,,,,,,,,,,,,FLAG: NEEDS_MANUAL_REVIEW (Low Confidence / Unmapped Taxonomy),,,,,,,,,
no source found,,,,,,,,,,,AYCL-153PH-LA,AYCL-153PH-LA Lutron Dimmer LA,,,,Fenton Bros Electric Inc (FENBR),"Lutron Electronics Co., Inc.",Lutron,,AYCL-153PH-LA,,,"Lutron Electronics Co., Inc. Lutron, Product, AYCL-153PH-LA",PRODUCT,Lutron AYCL-153PH-LA Product,Lutron Product,Product,,,,,,,,,,,,,,,,,,,,,,,,,,,Product,,,,,,,,,,,,,,,,,,,,,,,,,,,,,,,,,,,,,,,,,,,,,,,,,,,,,,,,,,,,,,,,,,,,,,,,,,,,,,,,,,,,,,,,,,,,,,,,,,,,,,,,,,,,,,,,,,,,,,,,,,,,,,,,,,,,,,,,,,,,,,,,,,,,,,,,,,,,,,,,,,,,,,,,,,,,,,,,,,,,,,,,,,,,FLAG: NEEDS_MANUAL_REVIEW (Low Confidence / Unmapped Taxonomy),,,,,,,,,
no source found,,,,,,,,,,,AYCL-153PH-WH,AYCL-153PH-WH Lutron Dimmer Wh,,,,Fenton Bros Electric Inc (FENBR),"Lutron Electronics Co., Inc.",Lutron,,AYCL-153PH-WH,,,"Lutron Electronics Co., Inc. Lutron, Product, AYCL-153PH-WH",PRODUCT,Lutron AYCL-153PH-WH Product,Lutron Product,Product,,,,,,,,,,,,,,,,,,,,,,,,,,,Product,,,,,,,,,,,,,,,,,,,,,,,,,,,,,,,,,,,,,,,,,,,,,,,,,,,,,,,,,,,,,,,,,,,,,,,,,,,,,,,,,,,,,,,,,,,,,,,,,,,,,,,,,,,,,,,,,,,,,,,,,,,,,,,,,,,,,,,,,,,,,,,,,,,,,,,,,,,,,,,,,,,,,,,,,,,,,,,,,,,,,,,,,,,,FLAG: NEEDS_MANUAL_REVIEW (Low Confidence / Unmapped Taxonomy),,,,,,,,,
no source found,,,,,,,,,,,D23LP-R02-1RW,D23LPR021RW Plug In Dimmer Wh,,,Leviton,Leviton Mfg Co (4927),"Leviton Manufacturing Co., Inc.",Leviton,,D23LP-R02-1RW,,,"Leviton Manufacturing Co., Inc. Leviton, Product, D23LP-R02-1RW",PRODUCT,Leviton D23LP-R02-1RW Product,Leviton Product,Product,,,,,,,,,,,,,,,,,,,,,,,,,,,Product,,,,,,,,,,,,,,,,,,,,,,,,,,,,,,,,,,,,,,,,,,,,,,,,,,,,,,,,,,,,,,,,,,,,,,,,,,,,,,,,,,,,,,,,,,,,,,,,,,,,,,,,,,,,,,,,,,,,,,,,,,,,,,,,,,,,,,,,,,,,,,,,,,,,,,,,,,,,,,,,,,,,,,,,,,,,,,,,,,,,,,,,,,,,FLAG: NEEDS_MANUAL_REVIEW (Low Confidence / Unmapped Taxonomy),,,,,,,,,
no source found,,,,,,,,,,,TNOCD002,TNOCD002 125V Outdooor Timer,,,Prime,Prime Wire & Cable (3562),"Prime Wire & Cable, Inc.",Prime Wire & Cable,,TNOCD002,,,"Prime Wire & Cable, Inc. Prime Wire & Cable, Product, TNOCD002",PRODUCT,Prime Wire & Cable TNOCD002 Product,Prime Wire & Cable Product,Product,,,,,,,,,,,,,,,,,,,,,,,,,,,Product,,,,,,,,,,,,,,,,,,,,,,,,,,,,,,,,,,,,,,,,,,,,,,,,,,,,,,,,,,,,,,,,,,,,,,,,,,,,,,,,,,,,,,,,,,,,,,,,,,,,,,,,,,,,,,,,,,,,,,,,,,,,,,,,,,,,,,,,,,,,,,,,,,,,,,,,,,,,,,,,,,,,,,,,,,,,,,,,,,,,,,,,,,,,FLAG: NEEDS_MANUAL_REVIEW (Low Confidence / Unmapped Taxonomy),,,,,,,,,
no source found,,,,,,,,,,,TNDHD002,TNDHD002 125V 7Day Timer,,,Prime,Prime Wire & Cable (3562),"Prime Wire & Cable, Inc.",Prime Wire & Cable,,TNDHD002,,,"Prime Wire & Cable, Inc. Prime Wire & Cable, Product, TNDHD002",PRODUCT,Prime Wire & Cable TNDHD002 Product,Prime Wire & Cable Product,Product,,,,,,,,,,,,,,,,,,,,,,,,,,,Product,,,,,,,,,,,,,,,,,,,,,,,,,,,,,,,,,,,,,,,,,,,,,,,,,,,,,,,,,,,,,,,,,,,,,,,,,,,,,,,,,,,,,,,,,,,,,,,,,,,,,,,,,,,,,,,,,,,,,,,,,,,,,,,,,,,,,,,,,,,,,,,,,,,,,,,,,,,,,,,,,,,,,,,,,,,,,,,,,,,,,,,,,,,,FLAG: NEEDS_MANUAL_REVIEW (Low Confidence / Unmapped Taxonomy),,,,,,,,,
no source found,,,,,,,,,,,TNIDP12,TNIDP12 125V Dig Indoor Timer,,,Prime,Prime Wire & Cable (3562),"Prime Wire & Cable, Inc.",Prime Wire & Cable,,TNIDP12,,,"Prime Wire & Cable, Inc. Prime Wire & Cable, Product, TNIDP12",PRODUCT,Prime Wire & Cable TNIDP12 Product,Prime Wire & Cable Product,Product,,,,,,,,,,,,,,,,,,,,,,,,,,,Product,,,,,,,,,,,,,,,,,,,,,,,,,,,,,,,,,,,,,,,,,,,,,,,,,,,,,,,,,,,,,,,,,,,,,,,,,,,,,,,,,,,,,,,,,,,,,,,,,,,,,,,,,,,,,,,,,,,,,,,,,,,,,,,,,,,,,,,,,,,,,,,,,,,,,,,,,,,,,,,,,,,,,,,,,,,,,,,,,,,,,,,,,,,,FLAG: NEEDS_MANUAL_REVIEW (Low Confidence / Unmapped Taxonomy),,,,,,,,,
no source found,,,,,,,,,,,TNIW24,TNIW24 125V 24hr Mech Timer,,,Prime,Prime Wire & Cable (3562),"Prime Wire & Cable, Inc.",Prime Wire & Cable,,TNIW24,,,"Prime Wire & Cable, Inc. Prime Wire & Cable, Product, TNIW24",PRODUCT,Prime Wire & Cable TNIW24 Product,Prime Wire & Cable Product,Product,,,,,,,,,,,,,,,,,,,,,,,,,,,Product,,,,,,,,,,,,,,,,,,,,,,,,,,,,,,,,,,,,,,,,,,,,,,,,,,,,,,,,,,,,,,,,,,,,,,,,,,,,,,,,,,,,,,,,,,,,,,,,,,,,,,,,,,,,,,,,,,,,,,,,,,,,,,,,,,,,,,,,,,,,,,,,,,,,,,,,,,,,,,,,,,,,,,,,,,,,,,,,,,,,,,,,,,,,FLAG: NEEDS_MANUAL_REVIEW (Low Confidence / Unmapped Taxonomy),,,,,,,,,
no source found,,,,,,,,,,,65-1222,65-1222 1' Led Lt Multi CCT,,,,Satco Prod Inc (5573),"Satco Products, Inc.",Satco,,65-1222,,,"Satco Products, Inc. Satco, LED Lamp, 65-1222",LED LAMP,Satco 65-1222 LED Lamp,Satco LED Lamp,LED Lamp,,,,,,,,,,,,,,,,,,,,,,,,,,,LED Lamp,,,,,,,,,,,,,,,,,,,,,,,,,,,,,,,,,,,,,,,,,,,,,,,,,,,,,,,,,,,,,,,,,,,,,,,,,,,,,,,,,,,,,,,,,,,,,,,,,,,,,,,,,,,,,,,,,,,,,,,,,,,,,,,,,,,,,,,,,,,,,,,,,,,,,,,,,,,,,,,,,,,,,,,,,,,,,,,,,,,,,,,,,,,,FLAG: NEEDS_MANUAL_REVIEW (Low Confidence / Unmapped Taxonomy),,,,,,,,,
no source found,,,,,,,Electrical,Lighting Fixtures,Recessed Lighting,,65-1224,65-1224 4' Led Strip Light,,,Satco,Satco Prod Inc (5573),"Satco Products, Inc.",Satco,,65-1224,,Lighting & Electrical>Lamps & Fixtures>Downlights & Troffers,"Satco Products, Inc. Satco, LED Lamp, 65-1224",LED LAMP,Satco 65-1224 LED Lamp,Satco LED Lamp,LED Lamp,,,,,,,,,,,,,,,,,,,,,,,,,,,LED Lamp,,,,,,,,,,,,,,,,,,,,,,,,,,,,,,,,,,,,,,,,,,,,,,,,,,,,,,,,,,,,,,,,,,,,,,,,,,,,,,,,,,,,,,,,,,,,,,,,,,,,,,,,,,,,,,,,,,,,,,,,,,,,,,,,,,,,,,,,,,,,,,,,,,,,,,,,,,,,,,,,,,,,,,,,,,,,,,,,,,,,,,,,,,,,,,,,,,,,,
no source found,,,,,,,,,,,45297BK,45297BK Kichler Wall Lt,,,,Kichler Lighting (KICLI),Kichler Lighting LLC,Kichler,,45297BK,,,"Kichler Lighting LLC Kichler, Product, 45297BK",PRODUCT,Kichler 45297BK Product,Kichler Product,Product,,,,,,,,,,,,,,,,,,,,,,,,,,,Product,,,,,,,,,,,,,,,,,,,,,,,,,,,,,,,,,,,,,,,,,,,,,,,,,,,,,,,,,,,,,,,,,,,,,,,,,,,,,,,,,,,,,,,,,,,,,,,,,,,,,,,,,,,,,,,,,,,,,,,,,,,,,,,,,,,,,,,,,,,,,,,,,,,,,,,,,,,,,,,,,,,,,,,,,,,,,,,,,,,,,,,,,,,,FLAG: NEEDS_MANUAL_REVIEW (Low Confidence / Unmapped Taxonomy),,,,,,,,,
no source found,,,,,,,Electrical,Lighting Fixtures,Recessed Lighting,,45573BK,45573BK Kichler Wall Light,,,,Kichler Lighting (KICLI),Kichler Lighting LLC,Kichler,,45573BK,,Lighting & Electrical>Lamps & Fixtures>Downlights & Troffers,"Kichler Lighting LLC Kichler, Recessed Lighting, 45573BK",RECESSED,Kichler 45573BK Recessed Lighting,Kichler Recessed Lighting,Recessed Lighting,,,,,,,,,,,,,,,,,,,,,,,,,,,Recessed Lighting,,,,,,,,,,,,,,,,,,,,,,,,,,,,,,,,,,,,,,,,,,,,,,,,,,,,,,,,,,,,,,,,,,,,,,,,,,,,,,,,,,,,,,,,,,,,,,,,,,,,,,,,,,,,,,,,,,,,,,,,,,,,,,,,,,,,,,,,,,,,,,,,,,,,,,,,,,,,,,,,,,,,,,,,,,,,,,,,,,,,,,,,,,,,,,,,,,,,,
no source found,,,,,,,,,,,37418A,37418A Kichler Bath Light,,,,Kichler Lighting (KICLI),Kichler Lighting LLC,Kichler,,37418A,,,"Kichler Lighting LLC Kichler, Product, 37418 A",PRODUCT,Kichler 37418 A Product,Kichler Product,Product,,,,,,,,,,,,,,,,,,,,,,,,,,,Product,,,,,,,,,,,,,,,,,,,,,,,,,,,,,,,,,,,,,,,,,,,,,,,,,,,,,,,,,,,,,,,,,,,,,,,,,,,,,,,,,,,,,,,,,,,,,,,,,,,,,,,,,,,,,,,,,,,,,,,,,,,,,,,,,,,,,,,,,,,,,,,,,,,,,,,,,,,,,,,,,,,,,,,,,,,,,,,,,,,,,,,,,,,,FLAG: NEEDS_MANUAL_REVIEW (Low Confidence / Unmapped Taxonomy),,,,,,,,,
no source found,,,,,,,,,,,37423A,37423A Kichler Bath Light,,,,Kichler Lighting (KICLI),Kichler Lighting LLC,Kichler,,37423A,,,"Kichler Lighting LLC Kichler, Product, 37423 A",PRODUCT,Kichler 37423 A Product,Kichler Product,Product,,,,,,,,,,,,,,,,,,,,,,,,,,,Product,,,,,,,,,,,,,,,,,,,,,,,,,,,,,,,,,,,,,,,,,,,,,,,,,,,,,,,,,,,,,,,,,,,,,,,,,,,,,,,,,,,,,,,,,,,,,,,,,,,,,,,,,,,,,,,,,,,,,,,,,,,,,,,,,,,,,,,,,,,,,,,,,,,,,,,,,,,,,,,,,,,,,,,,,,,,,,,,,,,,,,,,,,,,FLAG: NEEDS_MANUAL_REVIEW (Low Confidence / Unmapped Taxonomy),,,,,,,,,
no source found,,,,,,,,,,,45496BKCLR,45496BKCLR Kichler Bath Light,,,,Kichler Lighting (KICLI),Kichler Lighting LLC,Kichler,,45496BKCLR,,,"Kichler Lighting LLC Kichler, Product, 45496BKCLR",PRODUCT,Kichler 45496BKCLR Product,Kichler Product,Product,,,,,,,,,,,,,,,,,,,,,,,,,,,Product,,,,,,,,,,,,,,,,,,,,,,,,,,,,,,,,,,,,,,,,,,,,,,,,,,,,,,,,,,,,,,,,,,,,,,,,,,,,,,,,,,,,,,,,,,,,,,,,,,,,,,,,,,,,,,,,,,,,,,,,,,,,,,,,,,,,,,,,,,,,,,,,,,,,,,,,,,,,,,,,,,,,,,,,,,,,,,,,,,,,,,,,,,,,FLAG: NEEDS_MANUAL_REVIEW (Low Confidence / Unmapped Taxonomy),,,,,,,,,
no source found,,,,,,,Electrical,Lighting Fixtures,Recessed Lighting,,45973BK,45973BK Kichler Wall Light,,,,Kichler Lighting (KICLI),Kichler Lighting LLC,Kichler,,45973BK,,Lighting & Electrical>Lamps & Fixtures>Downlights & Troffers,"Kichler Lighting LLC Kichler, Recessed Lighting, 45973BK",RECESSED,Kichler 45973BK Recessed Lighting,Kichler Recessed Lighting,Recessed Lighting,,,,,,,,,,,,,,,,,,,,,,,,,,,Recessed Lighting,,,,,,,,,,,,,,,,,,,,,,,,,,,,,,,,,,,,,,,,,,,,,,,,,,,,,,,,,,,,,,,,,,,,,,,,,,,,,,,,,,,,,,,,,,,,,,,,,,,,,,,,,,,,,,,,,,,,,,,,,,,,,,,,,,,,,,,,,,,,,,,,,,,,,,,,,,,,,,,,,,,,,,,,,,,,,,,,,,,,,,,,,,,,,,,,,,,,,
no source found,,,,,,,,,,,55155BK,55155BK Kichler Wall Lt,,,,Kichler Lighting (KICLI),Kichler Lighting LLC,Kichler,,55155BK,,,"Kichler Lighting LLC Kichler, Product, 55155BK",PRODUCT,Kichler 55155BK Product,Kichler Product,Product,,,,,,,,,,,,,,,,,,,,,,,,,,,Product,,,,,,,,,,,,,,,,,,,,,,,,,,,,,,,,,,,,,,,,,,,,,,,,,,,,,,,,,,,,,,,,,,,,,,,,,,,,,,,,,,,,,,,,,,,,,,,,,,,,,,,,,,,,,,,,,,,,,,,,,,,,,,,,,,,,,,,,,,,,,,,,,,,,,,,,,,,,,,,,,,,,,,,,,,,,,,,,,,,,,,,,,,,,FLAG: NEEDS_MANUAL_REVIEW (Low Confidence / Unmapped Taxonomy),,,,,,,,,
no source found,,,,,,,Electrical,Lighting Fixtures,Recessed Lighting,,55157CPZ,55157CPZ Kichler Wall Light,,,,Kichler Lighting (KICLI),Kichler Lighting LLC,Kichler,,55157CPZ,,Lighting & Electrical>Lamps & Fixtures>Downlights & Troffers,"Kichler Lighting LLC Kichler, Recessed Lighting, 55157CPZ",RECESSED,Kichler 55157CPZ Recessed Lighting,Kichler Recessed Lighting,Recessed Lighting,,,,,,,,,,,,,,,,,,,,,,,,,,,Recessed Lighting,,,,,,,,,,,,,,,,,,,,,,,,,,,,,,,,,,,,,,,,,,,,,,,,,,,,,,,,,,,,,,,,,,,,,,,,,,,,,,,,,,,,,,,,,,,,,,,,,,,,,,,,,,,,,,,,,,,,,,,,,,,,,,,,,,,,,,,,,,,,,,,,,,,,,,,,,,,,,,,,,,,,,,,,,,,,,,,,,,,,,,,,,,,,,,,,,,,,,
no source found,,,,,,,,,,,55184BK,55184BK Kichler Wall Lt,,,,Kichler Lighting (KICLI),Kichler Lighting LLC,Kichler,,55184BK,,,"Kichler Lighting LLC Kichler, Product, 55184BK",PRODUCT,Kichler 55184BK Product,Kichler Product,Product,,,,,,,,,,,,,,,,,,,,,,,,,,,Product,,,,,,,,,,,,,,,,,,,,,,,,,,,,,,,,,,,,,,,,,,,,,,,,,,,,,,,,,,,,,,,,,,,,,,,,,,,,,,,,,,,,,,,,,,,,,,,,,,,,,,,,,,,,,,,,,,,,,,,,,,,,,,,,,,,,,,,,,,,,,,,,,,,,,,,,,,,,,,,,,,,,,,,,,,,,,,,,,,,,,,,,,,,,FLAG: NEEDS_MANUAL_REVIEW (Low Confidence / Unmapped Taxonomy),,,,,,,,,
no source found,,,,,,,,,,,55185BK,55185BK Kichler Wall Lt,,,,Kichler Lighting (KICLI),Kichler Lighting LLC,Kichler,,55185BK,,,"Kichler Lighting LLC Kichler, Product, 55185BK",PRODUCT,Kichler 55185BK Product,Kichler Product,Product,,,,,,,,,,,,,,,,,,,,,,,,,,,Product,,,,,,,,,,,,,,,,,,,,,,,,,,,,,,,,,,,,,,,,,,,,,,,,,,,,,,,,,,,,,,,,,,,,,,,,,,,,,,,,,,,,,,,,,,,,,,,,,,,,,,,,,,,,,,,,,,,,,,,,,,,,,,,,,,,,,,,,,,,,,,,,,,,,,,,,,,,,,,,,,,,,,,,,,,,,,,,,,,,,,,,,,,,,FLAG: NEEDS_MANUAL_REVIEW (Low Confidence / Unmapped Taxonomy),,,,,,,,,
no source found,,,,,,,,,,,55186CH,55186CH Kichler Wall Lt,,,,Kichler Lighting (KICLI),Kichler Lighting LLC,Kichler,,55186CH,,,"Kichler Lighting LLC Kichler, Product, 55186CH",PRODUCT,Kichler 55186CH Product,Kichler Product,Product,,,,,,,,,,,,,,,,,,,,,,,,,,,Product,,,,,,,,,,,,,,,,,,,,,,,,,,,,,,,,,,,,,,,,,,,,,,,,,,,,,,,,,,,,,,,,,,,,,,,,,,,,,,,,,,,,,,,,,,,,,,,,,,,,,,,,,,,,,,,,,,,,,,,,,,,,,,,,,,,,,,,,,,,,,,,,,,,,,,,,,,,,,,,,,,,,,,,,,,,,,,,,,,,,,,,,,,,,FLAG: NEEDS_MANUAL_REVIEW (Low Confidence / Unmapped Taxonomy),,,,,,,,,
no source found,,,,,,,Electrical,Lighting Fixtures,Recessed Lighting,,55210NI,55210NI Kichler Wall Light,,,,Kichler Lighting (KICLI),Kichler Lighting LLC,Kichler,,55210NI,,Lighting & Electrical>Lamps & Fixtures>Downlights & Troffers,"Kichler Lighting LLC Kichler, Recessed Lighting, 55210NI",RECESSED,Kichler 55210NI Recessed Lighting,Kichler Recessed Lighting,Recessed Lighting,,,,,,,,,,,,,,,,,,,,,,,,,,,Recessed Lighting,,,,,,,,,,,,,,,,,,,,,,,,,,,,,,,,,,,,,,,,,,,,,,,,,,,,,,,,,,,,,,,,,,,,,,,,,,,,,,,,,,,,,,,,,,,,,,,,,,,,,,,,,,,,,,,,,,,,,,,,,,,,,,,,,,,,,,,,,,,,,,,,,,,,,,,,,,,,,,,,,,,,,,,,,,,,,,,,,,,,,,,,,,,,,,,,,,,,,
no source found,,,,,,,Electrical,Lighting Fixtures,Recessed Lighting,,55211BK,55211BK Kichler Wall Light,,,,Kichler Lighting (KICLI),Kichler Lighting LLC,Kichler,,55211BK,,Lighting & Electrical>Lamps & Fixtures>Downlights & Troffers,"Kichler Lighting LLC Kichler, Recessed Lighting, 55211BK",RECESSED,Kichler 55211BK Recessed Lighting,Kichler Recessed Lighting,Recessed Lighting,,,,,,,,,,,,,,,,,,,,,,,,,,,Recessed Lighting,,,,,,,,,,,,,,,,,,,,,,,,,,,,,,,,,,,,,,,,,,,,,,,,,,,,,,,,,,,,,,,,,,,,,,,,,,,,,,,,,,,,,,,,,,,,,,,,,,,,,,,,,,,,,,,,,,,,,,,,,,,,,,,,,,,,,,,,,,,,,,,,,,,,,,,,,,,,,,,,,,,,,,,,,,,,,,,,,,,,,,,,,,,,,,,,,,,,,
no source found,,,,,,,Electrical,Lighting Fixtures,Recessed Lighting,,55211NI,55211NI Kichler Wall Light,,,,Kichler Lighting (KICLI),Kichler Lighting LLC,Kichler,,55211NI,,Lighting & Electrical>Lamps & Fixtures>Downlights & Troffers,"Kichler Lighting LLC Kichler, Recessed Lighting, 55211NI",RECESSED,Kichler 55211NI Recessed Lighting,Kichler Recessed Lighting,Recessed Lighting,,,,,,,,,,,,,,,,,,,,,,,,,,,Recessed Lighting,,,,,,,,,,,,,,,,,,,,,,,,,,,,,,,,,,,,,,,,,,,,,,,,,,,,,,,,,,,,,,,,,,,,,,,,,,,,,,,,,,,,,,,,,,,,,,,,,,,,,,,,,,,,,,,,,,,,,,,,,,,,,,,,,,,,,,,,,,,,,,,,,,,,,,,,,,,,,,,,,,,,,,,,,,,,,,,,,,,,,,,,,,,,,,,,,,,,,
no source found,,,,,,,Electrical,Lighting Fixtures,Recessed Lighting,,55212NI,55212NI Kichler Wall Light,,,,Kichler Lighting (KICLI),Kichler Lighting LLC,Kichler,,55212NI,,Lighting & Electrical>Lamps & Fixtures>Downlights & Troffers,"Kichler Lighting LLC Kichler, Recessed Lighting, 55212NI",RECESSED,Kichler 55212NI Recessed Lighting,Kichler Recessed Lighting,Recessed Lighting,,,,,,,,,,,,,,,,,,,,,,,,,,,Recessed Lighting,,,,,,,,,,,,,,,,,,,,,,,,,,,,,,,,,,,,,,,,,,,,,,,,,,,,,,,,,,,,,,,,,,,,,,,,,,,,,,,,,,,,,,,,,,,,,,,,,,,,,,,,,,,,,,,,,,,,,,,,,,,,,,,,,,,,,,,,,,,,,,,,,,,,,,,,,,,,,,,,,,,,,,,,,,,,,,,,,,,,,,,,,,,,,,,,,,,,,
no source found,,,,,,,,,,,55226BKLFU,55226BKFLU Kichler Wall Lt,,,,Kichler Lighting (KICLI),Kichler Lighting LLC,Kichler,,55226BKLFU,,,"Kichler Lighting LLC Kichler, Product, 55226BKLFU",PRODUCT,Kichler 55226BKLFU Product,Kichler Product,Product,,,,,,,,,,,,,,,,,,,,,,,,,,,Product,,,,,,,,,,,,,,,,,,,,,,,,,,,,,,,,,,,,,,,,,,,,,,,,,,,,,,,,,,,,,,,,,,,,,,,,,,,,,,,,,,,,,,,,,,,,,,,,,,,,,,,,,,,,,,,,,,,,,,,,,,,,,,,,,,,,,,,,,,,,,,,,,,,,,,,,,,,,,,,,,,,,,,,,,,,,,,,,,,,,,,,,,,,,FLAG: NEEDS_MANUAL_REVIEW (Low Confidence / Unmapped Taxonomy),,,,,,,,,
no source found,,,,,,,,,,,55239CPZLED,55239CPZLED Kichler Wall Lt,,,,Kichler Lighting (KICLI),Kichler Lighting LLC,Kichler,,55239CPZLED,,,"Kichler Lighting LLC Kichler, LED Lamp, 55239CPZLED",LED LAMP,Kichler 55239CPZLED LED Lamp,Kichler LED Lamp,LED Lamp,,,,,,,,,,,,,,,,,,,,,,,,,,,LED Lamp,,,,,,,,,,,,,,,,,,,,,,,,,,,,,,,,,,,,,,,,,,,,,,,,,,,,,,,,,,,,,,,,,,,,,,,,,,,,,,,,,,,,,,,,,,,,,,,,,,,,,,,,,,,,,,,,,,,,,,,,,,,,,,,,,,,,,,,,,,,,,,,,,,,,,,,,,,,,,,,,,,,,,,,,,,,,,,,,,,,,,,,,,,,,FLAG: NEEDS_MANUAL_REVIEW (Low Confidence / Unmapped Taxonomy),,,,,,,,,
no source found,,,,,,,Electrical,Lighting Fixtures,Recessed Lighting,,44072DBK,44072DBK Kichler Chandelier Lt,,,,Kichler Lighting (KICLI),Kichler Lighting LLC,Kichler,,44072DBK,,Lighting & Electrical>Lamps & Fixtures>Downlights & Troffers,"Kichler Lighting LLC Kichler, Recessed Lighting, 44072DBK",RECESSED,Kichler 44072DBK Recessed Lighting,Kichler Recessed Lighting,Recessed Lighting,,,,,,,,,,,,,,,,,,,,,,,,,,,Recessed Lighting,,,,,,,,,,,,,,,,,,,,,,,,,,,,,,,,,,,,,,,,,,,,,,,,,,,,,,,,,,,,,,,,,,,,,,,,,,,,,,,,,,,,,,,,,,,,,,,,,,,,,,,,,,,,,,,,,,,,,,,,,,,,,,,,,,,,,,,,,,,,,,,,,,,,,,,,,,,,,,,,,,,,,,,,,,,,,,,,,,,,,,,,,,,,,,,,,,,,,
no source found,,,,,,,Electrical,Lighting Fixtures,Recessed Lighting,,44073NI,44073NI Kichler Chandelier Lt,,,,Kichler Lighting (KICLI),Kichler Lighting LLC,Kichler,,44073NI,,Lighting & Electrical>Lamps & Fixtures>Downlights & Troffers,"Kichler Lighting LLC Kichler, Recessed Lighting, 44073NI",RECESSED,Kichler 44073NI Recessed Lighting,Kichler Recessed Lighting,Recessed Lighting,,,,,,,,,,,,,,,,,,,,,,,,,,,Recessed Lighting,,,,,,,,,,,,,,,,,,,,,,,,,,,,,,,,,,,,,,,,,,,,,,,,,,,,,,,,,,,,,,,,,,,,,,,,,,,,,,,,,,,,,,,,,,,,,,,,,,,,,,,,,,,,,,,,,,,,,,,,,,,,,,,,,,,,,,,,,,,,,,,,,,,,,,,,,,,,,,,,,,,,,,,,,,,,,,,,,,,,,,,,,,,,,,,,,,,,,
no source found,,,,,,,Electrical,Lighting Fixtures,Recessed Lighting,,52033BK,52033BK Kichler Chandelier Lt,,,,Kichler Lighting (KICLI),Kichler Lighting LLC,Kichler,,52033BK,,Lighting & Electrical>Lamps & Fixtures>Downlights & Troffers,"Kichler Lighting LLC Kichler, Recessed Lighting, 52033BK",RECESSED,Kichler 52033BK Recessed Lighting,Kichler Recessed Lighting,Recessed Lighting,,,,,,,,,,,,,,,,,,,,,,,,,,,Recessed Lighting,,,,,,,,,,,,,,,,,,,,,,,,,,,,,,,,,,,,,,,,,,,,,,,,,,,,,,,,,,,,,,,,,,,,,,,,,,,,,,,,,,,,,,,,,,,,,,,,,,,,,,,,,,,,,,,,,,,,,,,,,,,,,,,,,,,,,,,,,,,,,,,,,,,,,,,,,,,,,,,,,,,,,,,,,,,,,,,,,,,,,,,,,,,,,,,,,,,,,
no source found,,,,,,,Electrical,Lighting Fixtures,Recessed Lighting,,84322WH,84322WH Kichler Chandelier Lt,,,,Kichler Lighting (KICLI),Kichler Lighting LLC,Kichler,,84322WH,,Lighting & Electrical>Lamps & Fixtures>Downlights & Troffers,"Kichler Lighting LLC Kichler, Recessed Lighting, 84322WH",RECESSED,Kichler 84322WH Recessed Lighting,Kichler Recessed Lighting,Recessed Lighting,,,,,,,,,,,,,,,,,,,,,,,,,,,Recessed Lighting,,,,,,,,,,,,,,,,,,,,,,,,,,,,,,,,,,,,,,,,,,,,,,,,,,,,,,,,,,,,,,,,,,,,,,,,,,,,,,,,,,,,,,,,,,,,,,,,,,,,,,,,,,,,,,,,,,,,,,,,,,,,,,,,,,,,,,,,,,,,,,,,,,,,,,,,,,,,,,,,,,,,,,,,,,,,,,,,,,,,,,,,,,,,,,,,,,,,,
no source found,,,,,,,Electrical,Lighting Fixtures,Recessed Lighting,,52404BK,52404BK Kichler Chandelier Lt,,,,Kichler Lighting (KICLI),Kichler Lighting LLC,Kichler,,52404BK,,Lighting & Electrical>Lamps & Fixtures>Downlights & Troffers,"Kichler Lighting LLC Kichler, Recessed Lighting, 52404BK",RECESSED,Kichler 52404BK Recessed Lighting,Kichler Recessed Lighting,Recessed Lighting,,,,,,,,,,,,,,,,,,,,,,,,,,,Recessed Lighting,,,,,,,,,,,,,,,,,,,,,,,,,,,,,,,,,,,,,,,,,,,,,,,,,,,,,,,,,,,,,,,,,,,,,,,,,,,,,,,,,,,,,,,,,,,,,,,,,,,,,,,,,,,,,,,,,,,,,,,,,,,,,,,,,,,,,,,,,,,,,,,,,,,,,,,,,,,,,,,,,,,,,,,,,,,,,,,,,,,,,,,,,,,,,,,,,,,,,
no source found,,,,,,,Electrical,Lighting Fixtures,Recessed Lighting,,34686A,34686A Kichler Chandelier Lt,,,,Kichler Lighting (KICLI),Kichler Lighting LLC,Kichler,,34686A,,Lighting & Electrical>Lamps & Fixtures>Downlights & Troffers,"Kichler Lighting LLC Kichler, Recessed Lighting, 34686 A",RECESSED,Kichler 34686 A Recessed Lighting,Kichler Recessed Lighting,Recessed Lighting,,,,,,,,,,,,,,,,,,,,,,,,,,,Recessed Lighting,,,,,,,,,,,,,,,,,,,,,,,,,,,,,,,,,,,,,,,,,,,,,,,,,,,,,,,,,,,,,,,,,,,,,,,,,,,,,,,,,,,,,,,,,,,,,,,,,,,,,,,,,,,,,,,,,,,,,,,,,,,,,,,,,,,,,,,,,,,,,,,,,,,,,,,,,,,,,,,,,,,,,,,,,,,,,,,,,,,,,,,,,,,,,,,,,,,,,
no source found,,,,,,,Electrical,Lighting Fixtures,Recessed Lighting,,34687A,34687A Kichler Chandelier Lt,,,,Kichler Lighting (KICLI),Kichler Lighting LLC,Kichler,,34687A,,Lighting & Electrical>Lamps & Fixtures>Downlights & Troffers,"Kichler Lighting LLC Kichler, Recessed Lighting, 34687 A",RECESSED,Kichler 34687 A Recessed Lighting,Kichler Recessed Lighting,Recessed Lighting,,,,,,,,,,,,,,,,,,,,,,,,,,,Recessed Lighting,,,,,,,,,,,,,,,,,,,,,,,,,,,,,,,,,,,,,,,,,,,,,,,,,,,,,,,,,,,,,,,,,,,,,,,,,,,,,,,,,,,,,,,,,,,,,,,,,,,,,,,,,,,,,,,,,,,,,,,,,,,,,,,,,,,,,,,,,,,,,,,,,,,,,,,,,,,,,,,,,,,,,,,,,,,,,,,,,,,,,,,,,,,,,,,,,,,,,
no source found,,,,,,,Electrical,Lighting Fixtures,Recessed Lighting,,34688A,34688A Kichler Chandelier Lt,,,,,Kichler Lighting LLC,Kichler,,34688A,,Lighting & Electrical>Lamps & Fixtures>Downlights & Troffers,"Kichler Lighting LLC Kichler, Recessed Lighting, 34688 A",RECESSED,Kichler 34688 A Recessed Lighting,Kichler Recessed Lighting,Recessed Lighting,,,,,,,,,,,,,,,,,,,,,,,,,,,Recessed Lighting,,,,,,,,,,,,,,,,,,,,,,,,,,,,,,,,,,,,,,,,,,,,,,,,,,,,,,,,,,,,,,,,,,,,,,,,,,,,,,,,,,,,,,,,,,,,,,,,,,,,,,,,,,,,,,,,,,,,,,,,,,,,,,,,,,,,,,,,,,,,,,,,,,,,,,,,,,,,,,,,,,,,,,,,,,,,,,,,,,,,,,,,,,,,,,,,,,,,,
no source found,,,,,,,,,,,43671BKCLR,43671BKCLR Kichler Chand Lt,,,,Kichler Lighting (KICLI),Kichler Lighting LLC,Kichler,,43671BKCLR,,,"Kichler Lighting LLC Kichler, Product, 43671BKCLR",PRODUCT,Kichler 43671BKCLR Product,Kichler Product,Product,,,,,,,,,,,,,,,,,,,,,,,,,,,Product,,,,,,,,,,,,,,,,,,,,,,,,,,,,,,,,,,,,,,,,,,,,,,,,,,,,,,,,,,,,,,,,,,,,,,,,,,,,,,,,,,,,,,,,,,,,,,,,,,,,,,,,,,,,,,,,,,,,,,,,,,,,,,,,,,,,,,,,,,,,,,,,,,,,,,,,,,,,,,,,,,,,,,,,,,,,,,,,,,,,,,,,,,,,FLAG: NEEDS_MANUAL_REVIEW (Low Confidence / Unmapped Taxonomy),,,,,,,,,
no source found,,,,,,,Electrical,Lighting Fixtures,Recessed Lighting,,52616BK,52616BK Kichler Chandelier Lt,,,,Kichler Lighting (KICLI),Kichler Lighting LLC,Kichler,,52616BK,,Lighting & Electrical>Lamps & Fixtures>Downlights & Troffers,"Kichler Lighting LLC Kichler, Recessed Lighting, 52616BK",RECESSED,Kichler 52616BK Recessed Lighting,Kichler Recessed Lighting,Recessed Lighting,,,,,,,,,,,,,,,,,,,,,,,,,,,Recessed Lighting,,,,,,,,,,,,,,,,,,,,,,,,,,,,,,,,,,,,,,,,,,,,,,,,,,,,,,,,,,,,,,,,,,,,,,,,,,,,,,,,,,,,,,,,,,,,,,,,,,,,,,,,,,,,,,,,,,,,,,,,,,,,,,,,,,,,,,,,,,,,,,,,,,,,,,,,,,,,,,,,,,,,,,,,,,,,,,,,,,,,,,,,,,,,,,,,,,,,,
no source found,,,,,,,Electrical,Lighting Fixtures,Recessed Lighting,,52616NI,52616NI Kichler Chandelier Lt,,,,Kichler Lighting (KICLI),Kichler Lighting LLC,Kichler,,52616NI,,Lighting & Electrical>Lamps & Fixtures>Downlights & Troffers,"Kichler Lighting LLC Kichler, Recessed Lighting, 52616NI",RECESSED,Kichler 52616NI Recessed Lighting,Kichler Recessed Lighting,Recessed Lighting,,,,,,,,,,,,,,,,,,,,,,,,,,,Recessed Lighting,,,,,,,,,,,,,,,,,,,,,,,,,,,,,,,,,,,,,,,,,,,,,,,,,,,,,,,,,,,,,,,,,,,,,,,,,,,,,,,,,,,,,,,,,,,,,,,,,,,,,,,,,,,,,,,,,,,,,,,,,,,,,,,,,,,,,,,,,,,,,,,,,,,,,,,,,,,,,,,,,,,,,,,,,,,,,,,,,,,,,,,,,,,,,,,,,,,,,
no source found,,,,,,,Electrical,Lighting Fixtures,Recessed Lighting,,52678BK,52678BK Kichler Chandelier Lt,,,,Kichler Lighting (KICLI),Kichler Lighting LLC,Kichler,,52678BK,,Lighting & Electrical>Lamps & Fixtures>Downlights & Troffers,"Kichler Lighting LLC Kichler, Recessed Lighting, 52678BK",RECESSED,Kichler 52678BK Recessed Lighting,Kichler Recessed Lighting,Recessed Lighting,,,,,,,,,,,,,,,,,,,,,,,,,,,Recessed Lighting,,,,,,,,,,,,,,,,,,,,,,,,,,,,,,,,,,,,,,,,,,,,,,,,,,,,,,,,,,,,,,,,,,,,,,,,,,,,,,,,,,,,,,,,,,,,,,,,,,,,,,,,,,,,,,,,,,,,,,,,,,,,,,,,,,,,,,,,,,,,,,,,,,,,,,,,,,,,,,,,,,,,,,,,,,,,,,,,,,,,,,,,,,,,,,,,,,,,,
no source found,,,,,,,Electrical,Lighting Fixtures,Recessed Lighting,,52680CPZ,52680CPZ Kichler Chandelier Lt,,,,Kichler Lighting (KICLI),Kichler Lighting LLC,Kichler,,52680CPZ,,Lighting & Electrical>Lamps & Fixtures>Downlights & Troffers,"Kichler Lighting LLC Kichler, Recessed Lighting, 52680CPZ",RECESSED,Kichler 52680CPZ Recessed Lighting,Kichler Recessed Lighting,Recessed Lighting,,,,,,,,,,,,,,,,,,,,,,,,,,,Recessed Lighting,,,,,,,,,,,,,,,,,,,,,,,,,,,,,,,,,,,,,,,,,,,,,,,,,,,,,,,,,,,,,,,,,,,,,,,,,,,,,,,,,,,,,,,,,,,,,,,,,,,,,,,,,,,,,,,,,,,,,,,,,,,,,,,,,,,,,,,,,,,,,,,,,,,,,,,,,,,,,,,,,,,,,,,,,,,,,,,,,,,,,,,,,,,,,,,,,,,,,
no source found,,,,,,,Electrical,Lighting Fixtures,Recessed Lighting,,52772BK,52772BK Kichler Chandelier Lt,,,,Kichler Lighting (KICLI),Kichler Lighting LLC,Kichler,,52772BK,,Lighting & Electrical>Lamps & Fixtures>Downlights & Troffers,"Kichler Lighting LLC Kichler, Recessed Lighting, 52772BK",RECESSED,Kichler 52772BK Recessed Lighting,Kichler Recessed Lighting,Recessed Lighting,,,,,,,,,,,,,,,,,,,,,,,,,,,Recessed Lighting,,,,,,,,,,,,,,,,,,,,,,,,,,,,,,,,,,,,,,,,,,,,,,,,,,,,,,,,,,,,,,,,,,,,,,,,,,,,,,,,,,,,,,,,,,,,,,,,,,,,,,,,,,,,,,,,,,,,,,,,,,,,,,,,,,,,,,,,,,,,,,,,,,,,,,,,,,,,,,,,,,,,,,,,,,,,,,,,,,,,,,,,,,,,,,,,,,,,,
no source found,,,,,,,Electrical,Lighting Fixtures,Recessed Lighting,,82399,82399 Kichler Chandelier Lt,,,,Kichler Lighting (KICLI),Kichler Lighting LLC,Kichler,,82399,,Lighting & Electrical>Lamps & Fixtures>Downlights & Troffers,"Kichler Lighting LLC Kichler, Recessed Lighting, 82399",RECESSED,Kichler 82399 Recessed Lighting,Kichler Recessed Lighting,Recessed Lighting,,,,,,,,,,,,,,,,,,,,,,,,,,,Recessed Lighting,,,,,,,,,,,,,,,,,,,,,,,,,,,,,,,,,,,,,,,,,,,,,,,,,,,,,,,,,,,,,,,,,,,,,,,,,,,,,,,,,,,,,,,,,,,,,,,,,,,,,,,,,,,,,,,,,,,,,,,,,,,,,,,,,,,,,,,,,,,,,,,,,,,,,,,,,,,,,,,,,,,,,,,,,,,,,,,,,,,,,,,,,,,,,,,,,,,,,
no source found,,,,,,,Electrical,Lighting Fixtures,Recessed Lighting,,65-771R3,65-771R3 Nuvo Highbay Light,,,,Satco Prod Inc (5573),"Satco Products, Inc.",Satco,,65-771R3,,Lighting & Electrical>Lamps & Fixtures>Downlights & Troffers,"Satco Products, Inc. Satco, Recessed Lighting, 65-771R3",RECESSED,Satco 65-771R3 Recessed Lighting,Satco Recessed Lighting,Recessed Lighting,,,,,,,,,,,,,,,,,,,,,,,,,,,Recessed Lighting,,,,,,,,,,,,,,,,,,,,,,,,,,,,,,,,,,,,,,,,,,,,,,,,,,,,,,,,,,,,,,,,,,,,,,,,,,,,,,,,,,,,,,,,,,,,,,,,,,,,,,,,,,,,,,,,,,,,,,,,,,,,,,,,,,,,,,,,,,,,,,,,,,,,,,,,,,,,,,,,,,,,,,,,,,,,,,,,,,,,,,,,,,,,,,,,,,,,,
no source found,,,,,,,,,,,42955BK,42955BK Kichler Ceiling Lt,,,,Kichler Lighting (KICLI),Kichler Lighting LLC,Kichler,,42955BK,,,"Kichler Lighting LLC Kichler, Product, 42955BK",PRODUCT,Kichler 42955BK Product,Kichler Product,Product,,,,,,,,,,,,,,,,,,,,,,,,,,,Product,,,,,,,,,,,,,,,,,,,,,,,,,,,,,,,,,,,,,,,,,,,,,,,,,,,,,,,,,,,,,,,,,,,,,,,,,,,,,,,,,,,,,,,,,,,,,,,,,,,,,,,,,,,,,,,,,,,,,,,,,,,,,,,,,,,,,,,,,,,,,,,,,,,,,,,,,,,,,,,,,,,,,,,,,,,,,,,,,,,,,,,,,,,,FLAG: NEEDS_MANUAL_REVIEW (Low Confidence / Unmapped Taxonomy),,,,,,,,,
no source found,,,,,,,,,,,42275BK,42275BK Kichler Ceiling Lt,,,,Kichler Lighting (KICLI),Kichler Lighting LLC,Kichler,,42275BK,,,"Kichler Lighting LLC Kichler, Product, 42275BK",PRODUCT,Kichler 42275BK Product,Kichler Product,Product,,,,,,,,,,,,,,,,,,,,,,,,,,,Product,,,,,,,,,,,,,,,,,,,,,,,,,,,,,,,,,,,,,,,,,,,,,,,,,,,,,,,,,,,,,,,,,,,,,,,,,,,,,,,,,,,,,,,,,,,,,,,,,,,,,,,,,,,,,,,,,,,,,,,,,,,,,,,,,,,,,,,,,,,,,,,,,,,,,,,,,,,,,,,,,,,,,,,,,,,,,,,,,,,,,,,,,,,,FLAG: NEEDS_MANUAL_REVIEW (Low Confidence / Unmapped Taxonomy),,,,,,,,,
no source found,,,,,,,,,,,62-1850,"62-1850 11"" Led Ceiling Light",,,,Satco Prod Inc (5573),"Satco Products, Inc.",Satco,,62-1850,,,"Satco Products, Inc. Satco, LED Lamp, 62-1850",LED LAMP,Satco 62-1850 LED Lamp,Satco LED Lamp,LED Lamp,,,,,,,,,,,,,,,,,,,,,,,,,,,LED Lamp,,,,,,,,,,,,,,,,,,,,,,,,,,,,,,,,,,,,,,,,,,,,,,,,,,,,,,,,,,,,,,,,,,,,,,,,,,,,,,,,,,,,,,,,,,,,,,,,,,,,,,,,,,,,,,,,,,,,,,,,,,,,,,,,,,,,,,,,,,,,,,,,,,,,,,,,,,,,,,,,,,,,,,,,,,,,,,,,,,,,,,,,,,,,FLAG: NEEDS_MANUAL_REVIEW (Low Confidence / Unmapped Taxonomy),,,,,,,,,
no source found,,,,,,,,,,,62-1852,"62-1852 14"" Satco Led Ceiling Lt",,,,Satco Prod Inc (5573),"Satco Products, Inc.",Satco,,62-1852,,,"Satco Products, Inc. Satco, LED Lamp, 62-1852",LED LAMP,Satco 62-1852 LED Lamp,Satco LED Lamp,LED Lamp,,,,,,,,,,,,,,,,,,,,,,,,,,,LED Lamp,,,,,,,,,,,,,,,,,,,,,,,,,,,,,,,,,,,,,,,,,,,,,,,,,,,,,,,,,,,,,,,,,,,,,,,,,,,,,,,,,,,,,,,,,,,,,,,,,,,,,,,,,,,,,,,,,,,,,,,,,,,,,,,,,,,,,,,,,,,,,,,,,,,,,,,,,,,,,,,,,,,,,,,,,,,,,,,,,,,,,,,,,,,,FLAG: NEEDS_MANUAL_REVIEW (Low Confidence / Unmapped Taxonomy),,,,,,,,,
no source found,,,,,,,,,,,62-1875,"62-1875 10"" Led Ceiling Lt Bn",,,,Satco Prod Inc (5573),"Satco Products, Inc.",Satco,,62-1875,,,"Satco Products, Inc. Satco, LED Lamp, 62-1875",LED LAMP,Satco 62-1875 LED Lamp,Satco LED Lamp,LED Lamp,,,,,,,,,,,,,,,,,,,,,,,,,,,LED Lamp,,,,,,,,,,,,,,,,,,,,,,,,,,,,,,,,,,,,,,,,,,,,,,,,,,,,,,,,,,,,,,,,,,,,,,,,,,,,,,,,,,,,,,,,,,,,,,,,,,,,,,,,,,,,,,,,,,,,,,,,,,,,,,,,,,,,,,,,,,,,,,,,,,,,,,,,,,,,,,,,,,,,,,,,,,,,,,,,,,,,,,,,,,,,FLAG: NEEDS_MANUAL_REVIEW (Low Confidence / Unmapped Taxonomy),,,,,,,,,
no source found,,,,,,,,,,,62-1876,"62-1876 13"" Satco Ceiling Light BN",,,,Satco Prod Inc (5573),"Satco Products, Inc.",Satco,,62-1876,,,"Satco Products, Inc. Satco, Product, 62-1876",PRODUCT,Satco 62-1876 Product,Satco Product,Product,,,,,,,,,,,,,,,,,,,,,,,,,,,Product,,,,,,,,,,,,,,,,,,,,,,,,,,,,,,,,,,,,,,,,,,,,,,,,,,,,,,,,,,,,,,,,,,,,,,,,,,,,,,,,,,,,,,,,,,,,,,,,,,,,,,,,,,,,,,,,,,,,,,,,,,,,,,,,,,,,,,,,,,,,,,,,,,,,,,,,,,,,,,,,,,,,,,,,,,,,,,,,,,,,,,,,,,,,FLAG: NEEDS_MANUAL_REVIEW (Low Confidence / Unmapped Taxonomy),,,,,,,,,
no source found,,,,,,,,,,,42296BK,42296BK Kichler Ceiling Lt,,,,Kichler Lighting (KICLI),Kichler Lighting LLC,Kichler,,42296BK,,,"Kichler Lighting LLC Kichler, Product, 42296BK",PRODUCT,Kichler 42296BK Product,Kichler Product,Product,,,,,,,,,,,,,,,,,,,,,,,,,,,Product,,,,,,,,,,,,,,,,,,,,,,,,,,,,,,,,,,,,,,,,,,,,,,,,,,,,,,,,,,,,,,,,,,,,,,,,,,,,,,,,,,,,,,,,,,,,,,,,,,,,,,,,,,,,,,,,,,,,,,,,,,,,,,,,,,,,,,,,,,,,,,,,,,,,,,,,,,,,,,,,,,,,,,,,,,,,,,,,,,,,,,,,,,,,FLAG: NEEDS_MANUAL_REVIEW (Low Confidence / Unmapped Taxonomy),,,,,,,,,
no source found,,,,,,,,,,,43913BK,43913BK Kichler Pendant Lt,,,,Kichler Lighting (KICLI),Kichler Lighting LLC,Kichler,,43913BK,,,"Kichler Lighting LLC Kichler, Product, 43913BK",PRODUCT,Kichler 43913BK Product,Kichler Product,Product,,,,,,,,,,,,,,,,,,,,,,,,,,,Product,,,,,,,,,,,,,,,,,,,,,,,,,,,,,,,,,,,,,,,,,,,,,,,,,,,,,,,,,,,,,,,,,,,,,,,,,,,,,,,,,,,,,,,,,,,,,,,,,,,,,,,,,,,,,,,,,,,,,,,,,,,,,,,,,,,,,,,,,,,,,,,,,,,,,,,,,,,,,,,,,,,,,,,,,,,,,,,,,,,,,,,,,,,,FLAG: NEEDS_MANUAL_REVIEW (Low Confidence / Unmapped Taxonomy),,,,,,,,,
no source found,,,,,,,,,,,HLSMS9129FS1E,"HLSMS9129FS1E 9"" Motion Lt",,,,Cooper Lighting (7638),Cooper Lighting Solutions,Halo,,HLSMS9129FS1E,,,"Cooper Lighting Solutions Halo, Product, HLSMS9129FS1E",PRODUCT,Halo HLSMS9129FS1E Product,Halo Product,Product,,,,,,,,,,,,,,,,,,,,,,,,,,,Product,,,,,,,,,,,,,,,,,,,,,,,,,,,,,,,,,,,,,,,,,,,,,,,,,,,,,,,,,,,,,,,,,,,,,,,,,,,,,,,,,,,,,,,,,,,,,,,,,,,,,,,,,,,,,,,,,,,,,,,,,,,,,,,,,,,,,,,,,,,,,,,,,,,,,,,,,,,,,,,,,,,,,,,,,,,,,,,,,,,,,,,,,,,,FLAG: NEEDS_MANUAL_REVIEW (Low Confidence / Unmapped Taxonomy),,,,,,,,,
no source found,,,,,,,,,,,64-110,64-110 Satco Tape Light 16',,,,Satco Prod Inc (5573),"Satco Products, Inc.",Satco,,64-110,,,"Satco Products, Inc. Satco, Flashing Tape, 64-110",TAPE,Satco 64-110 Flashing Tape,Satco Flashing Tape,Flashing Tape,,,,,,,,,,,,,,,,,,,,,,,,,,,Flashing Tape,,,,,,,,,,,,,,,,,,,,,,,,,,,,,,,,,,,,,,,,,,,,,,,,,,,,,,,,,,,,,,,,,,,,,,,,,,,,,,,,,,,,,,,,,,,,,,,,,,,,,,,,,,,,,,,,,,,,,,,,,,,,,,,,,,,,,,,,,,,,,,,,,,,,,,,,,,,,,,,,,,,,,,,,,,,,,,,,,,,,,,,,,,,,FLAG: NEEDS_MANUAL_REVIEW (Low Confidence / Unmapped Taxonomy),,,,,,,,,
no source found,,,,,,,Electrical,Lighting Fixtures,Recessed Lighting,,603571,603571 3' Strip Light Ext,,,Wiz,Phillips Lighting (5831),Signify (Philips Lighting),Philips,,603571,,Lighting & Electrical>Lamps & Fixtures>Downlights & Troffers,"Signify (Philips Lighting) Philips, Recessed Lighting, 603571",RECESSED,Philips 603571 Recessed Lighting,Philips Recessed Lighting,Recessed Lighting,,,,,,,,,,,,,,,,,,,,,,,,,,,Recessed Lighting,,,,,,,,,,,,,,,,,,,,,,,,,,,,,,,,,,,,,,,,,,,,,,,,,,,,,,,,,,,,,,,,,,,,,,,,,,,,,,,,,,,,,,,,,,,,,,,,,,,,,,,,,,,,,,,,,,,,,,,,,,,,,,,,,,,,,,,,,,,,,,,,,,,,,,,,,,,,,,,,,,,,,,,,,,,,,,,,,,,,,,,,,,,,,,,,,,,,,
no source found,,,,,,,,,,,65-572R1,65572 Satco 2x4 Led Flat Panel,,,,Satco Prod Inc (5573),"Satco Products, Inc.",Satco,,65-572R1,,,"Satco Products, Inc. Satco, LED Lamp, 65-572R1",LED LAMP,Satco 65-572R1 LED Lamp,Satco LED Lamp,LED Lamp,,,,,,,,,,,,,,,,,,,,,,,,,,,LED Lamp,,,,,,,,,,,,,,,,,,,,,,,,,,,,,,,,,,,,,,,,,,,,,,,,,,,,,,,,,,,,,,,,,,,,,,,,,,,,,,,,,,,,,,,,,,,,,,,,,,,,,,,,,,,,,,,,,,,,,,,,,,,,,,,,,,,,,,,,,,,,,,,,,,,,,,,,,,,,,,,,,,,,,,,,,,,,,,,,,,,,,,,,,,,,FLAG: NEEDS_MANUAL_REVIEW (Low Confidence / Unmapped Taxonomy),,,,,,,,,
no source found,,,,,,,,,,,52476AVI,52476AVI Kichler Pendant Lt,,,,Kichler Lighting (KICLI),Kichler Lighting LLC,Kichler,,52476AVI,,,"Kichler Lighting LLC Kichler, Product, 52476AVI",PRODUCT,Kichler 52476AVI Product,Kichler Product,Product,,,,,,,,,,,,,,,,,,,,,,,,,,,Product,,,,,,,,,,,,,,,,,,,,,,,,,,,,,,,,,,,,,,,,,,,,,,,,,,,,,,,,,,,,,,,,,,,,,,,,,,,,,,,,,,,,,,,,,,,,,,,,,,,,,,,,,,,,,,,,,,,,,,,,,,,,,,,,,,,,,,,,,,,,,,,,,,,,,,,,,,,,,,,,,,,,,,,,,,,,,,,,,,,,,,,,,,,,FLAG: NEEDS_MANUAL_REVIEW (Low Confidence / Unmapped Taxonomy),,,,,,,,,
no source found,,,,,,,,,,,42199BK,42199BK Kichler Pendant Lt,,,,Kichler Lighting (KICLI),Kichler Lighting LLC,Kichler,,42199BK,,,"Kichler Lighting LLC Kichler, Product, 42199BK",PRODUCT,Kichler 42199BK Product,Kichler Product,Product,,,,,,,,,,,,,,,,,,,,,,,,,,,Product,,,,,,,,,,,,,,,,,,,,,,,,,,,,,,,,,,,,,,,,,,,,,,,,,,,,,,,,,,,,,,,,,,,,,,,,,,,,,,,,,,,,,,,,,,,,,,,,,,,,,,,,,,,,,,,,,,,,,,,,,,,,,,,,,,,,,,,,,,,,,,,,,,,,,,,,,,,,,,,,,,,,,,,,,,,,,,,,,,,,,,,,,,,,FLAG: NEEDS_MANUAL_REVIEW (Low Confidence / Unmapped Taxonomy),,,,,,,,,
no source found,,,,,,,,,,,42199BKCS,42199BKCS Kichler Pendant Lt,,,,Kichler Lighting (KICLI),Kichler Lighting LLC,Kichler,,42199BKCS,,,"Kichler Lighting LLC Kichler, Product, 42199BKCS",PRODUCT,Kichler 42199BKCS Product,Kichler Product,Product,,,,,,,,,,,,,,,,,,,,,,,,,,,Product,,,,,,,,,,,,,,,,,,,,,,,,,,,,,,,,,,,,,,,,,,,,,,,,,,,,,,,,,,,,,,,,,,,,,,,,,,,,,,,,,,,,,,,,,,,,,,,,,,,,,,,,,,,,,,,,,,,,,,,,,,,,,,,,,,,,,,,,,,,,,,,,,,,,,,,,,,,,,,,,,,,,,,,,,,,,,,,,,,,,,,,,,,,,FLAG: NEEDS_MANUAL_REVIEW (Low Confidence / Unmapped Taxonomy),,,,,,,,,
no source found,,,,,,,,,,,42200BK,42200BK Kichler Pendant Lt,,,,Kichler Lighting (KICLI),Kichler Lighting LLC,Kichler,,42200BK,,,"Kichler Lighting LLC Kichler, Product, 42200BK",PRODUCT,Kichler 42200BK Product,Kichler Product,Product,,,,,,,,,,,,,,,,,,,,,,,,,,,Product,,,,,,,,,,,,,,,,,,,,,,,,,,,,,,,,,,,,,,,,,,,,,,,,,,,,,,,,,,,,,,,,,,,,,,,,,,,,,,,,,,,,,,,,,,,,,,,,,,,,,,,,,,,,,,,,,,,,,,,,,,,,,,,,,,,,,,,,,,,,,,,,,,,,,,,,,,,,,,,,,,,,,,,,,,,,,,,,,,,,,,,,,,,,FLAG: NEEDS_MANUAL_REVIEW (Low Confidence / Unmapped Taxonomy),,,,,,,,,
no source found,,,,,,,,,,,42200BKCS,42200BKCS Kichler Pendant Lt,,,,Kichler Lighting (KICLI),Kichler Lighting LLC,Kichler,,42200BKCS,,,"Kichler Lighting LLC Kichler, Product, 42200BKCS",PRODUCT,Kichler 42200BKCS Product,Kichler Product,Product,,,,,,,,,,,,,,,,,,,,,,,,,,,Product,,,,,,,,,,,,,,,,,,,,,,,,,,,,,,,,,,,,,,,,,,,,,,,,,,,,,,,,,,,,,,,,,,,,,,,,,,,,,,,,,,,,,,,,,,,,,,,,,,,,,,,,,,,,,,,,,,,,,,,,,,,,,,,,,,,,,,,,,,,,,,,,,,,,,,,,,,,,,,,,,,,,,,,,,,,,,,,,,,,,,,,,,,,,FLAG: NEEDS_MANUAL_REVIEW (Low Confidence / Unmapped Taxonomy),,,,,,,,,
no source found,,,,,,,,,,,43851BK,43851BK Kichler Pendant Lt,,,,Kichler Lighting (KICLI),Kichler Lighting LLC,Kichler,,43851BK,,,"Kichler Lighting LLC Kichler, Product, 43851BK",PRODUCT,Kichler 43851BK Product,Kichler Product,Product,,,,,,,,,,,,,,,,,,,,,,,,,,,Product,,,,,,,,,,,,,,,,,,,,,,,,,,,,,,,,,,,,,,,,,,,,,,,,,,,,,,,,,,,,,,,,,,,,,,,,,,,,,,,,,,,,,,,,,,,,,,,,,,,,,,,,,,,,,,,,,,,,,,,,,,,,,,,,,,,,,,,,,,,,,,,,,,,,,,,,,,,,,,,,,,,,,,,,,,,,,,,,,,,,,,,,,,,,FLAG: NEEDS_MANUAL_REVIEW (Low Confidence / Unmapped Taxonomy),,,,,,,,,
no source found,,,,,,,,,,,43852BK,43852BK Kichler Pendant Lt,,,,Kichler Lighting (KICLI),Kichler Lighting LLC,Kichler,,43852BK,,,"Kichler Lighting LLC Kichler, Product, 43852BK",PRODUCT,Kichler 43852BK Product,Kichler Product,Product,,,,,,,,,,,,,,,,,,,,,,,,,,,Product,,,,,,,,,,,,,,,,,,,,,,,,,,,,,,,,,,,,,,,,,,,,,,,,,,,,,,,,,,,,,,,,,,,,,,,,,,,,,,,,,,,,,,,,,,,,,,,,,,,,,,,,,,,,,,,,,,,,,,,,,,,,,,,,,,,,,,,,,,,,,,,,,,,,,,,,,,,,,,,,,,,,,,,,,,,,,,,,,,,,,,,,,,,,FLAG: NEEDS_MANUAL_REVIEW (Low Confidence / Unmapped Taxonomy),,,,,,,,,
no source found,,,,,,,,,,,43853BK,43853BK Kichler Pendant Lt,,,,Kichler Lighting (KICLI),Kichler Lighting LLC,Kichler,,43853BK,,,"Kichler Lighting LLC Kichler, Product, 43853BK",PRODUCT,Kichler 43853BK Product,Kichler Product,Product,,,,,,,,,,,,,,,,,,,,,,,,,,,Product,,,,,,,,,,,,,,,,,,,,,,,,,,,,,,,,,,,,,,,,,,,,,,,,,,,,,,,,,,,,,,,,,,,,,,,,,,,,,,,,,,,,,,,,,,,,,,,,,,,,,,,,,,,,,,,,,,,,,,,,,,,,,,,,,,,,,,,,,,,,,,,,,,,,,,,,,,,,,,,,,,,,,,,,,,,,,,,,,,,,,,,,,,,,FLAG: NEEDS_MANUAL_REVIEW (Low Confidence / Unmapped Taxonomy),,,,,,,,,
no source found,,,,,,,,,,,43905BK,43905BK Kichler Pendant Lt,,,,Kichler Lighting (KICLI),Kichler Lighting LLC,Kichler,,43905BK,,,"Kichler Lighting LLC Kichler, Product, 43905BK",PRODUCT,Kichler 43905BK Product,Kichler Product,Product,,,,,,,,,,,,,,,,,,,,,,,,,,,Product,,,,,,,,,,,,,,,,,,,,,,,,,,,,,,,,,,,,,,,,,,,,,,,,,,,,,,,,,,,,,,,,,,,,,,,,,,,,,,,,,,,,,,,,,,,,,,,,,,,,,,,,,,,,,,,,,,,,,,,,,,,,,,,,,,,,,,,,,,,,,,,,,,,,,,,,,,,,,,,,,,,,,,,,,,,,,,,,,,,,,,,,,,,,FLAG: NEEDS_MANUAL_REVIEW (Low Confidence / Unmapped Taxonomy),,,,,,,,,
no source found,,,,,,,,,,,43911BK,43911BK Kichler Pendant Lt,,,,Kichler Lighting (KICLI),Kichler Lighting LLC,Kichler,,43911BK,,,"Kichler Lighting LLC Kichler, Product, 43911BK",PRODUCT,Kichler 43911BK Product,Kichler Product,Product,,,,,,,,,,,,,,,,,,,,,,,,,,,Product,,,,,,,,,,,,,,,,,,,,,,,,,,,,,,,,,,,,,,,,,,,,,,,,,,,,,,,,,,,,,,,,,,,,,,,,,,,,,,,,,,,,,,,,,,,,,,,,,,,,,,,,,,,,,,,,,,,,,,,,,,,,,,,,,,,,,,,,,,,,,,,,,,,,,,,,,,,,,,,,,,,,,,,,,,,,,,,,,,,,,,,,,,,,FLAG: NEEDS_MANUAL_REVIEW (Low Confidence / Unmapped Taxonomy),,,,,,,,,
no source found,,,,,,,,,,,52529BK,52529BK Kichler Pendant Light,,,,Kichler Lighting (KICLI),Kichler Lighting LLC,Kichler,,52529BK,,,"Kichler Lighting LLC Kichler, Product, 52529BK",PRODUCT,Kichler 52529BK Product,Kichler Product,Product,,,,,,,,,,,,,,,,,,,,,,,,,,,Product,,,,,,,,,,,,,,,,,,,,,,,,,,,,,,,,,,,,,,,,,,,,,,,,,,,,,,,,,,,,,,,,,,,,,,,,,,,,,,,,,,,,,,,,,,,,,,,,,,,,,,,,,,,,,,,,,,,,,,,,,,,,,,,,,,,,,,,,,,,,,,,,,,,,,,,,,,,,,,,,,,,,,,,,,,,,,,,,,,,,,,,,,,,,FLAG: NEEDS_MANUAL_REVIEW (Low Confidence / Unmapped Taxonomy),,,,,,,,,
no source found,,,,,,,,,,,52662BKCLR,52662BKCLR Kichler Pendant Lt,,,,Kichler Lighting (KICLI),Kichler Lighting LLC,Kichler,,52662BKCLR,,,"Kichler Lighting LLC Kichler, Product, 52662BKCLR",PRODUCT,Kichler 52662BKCLR Product,Kichler Product,Product,,,,,,,,,,,,,,,,,,,,,,,,,,,Product,,,,,,,,,,,,,,,,,,,,,,,,,,,,,,,,,,,,,,,,,,,,,,,,,,,,,,,,,,,,,,,,,,,,,,,,,,,,,,,,,,,,,,,,,,,,,,,,,,,,,,,,,,,,,,,,,,,,,,,,,,,,,,,,,,,,,,,,,,,,,,,,,,,,,,,,,,,,,,,,,,,,,,,,,,,,,,,,,,,,,,,,,,,,FLAG: NEEDS_MANUAL_REVIEW (Low Confidence / Unmapped Taxonomy),,,,,,,,,
no source found,,,,,,,,,,,52734CPZ,52734CPZ Kichler Pendant Light,,,,Kichler Lighting (KICLI),Kichler Lighting LLC,Kichler,,52734CPZ,,,"Kichler Lighting LLC Kichler, Product, 52734CPZ",PRODUCT,Kichler 52734CPZ Product,Kichler Product,Product,,,,,,,,,,,,,,,,,,,,,,,,,,,Product,,,,,,,,,,,,,,,,,,,,,,,,,,,,,,,,,,,,,,,,,,,,,,,,,,,,,,,,,,,,,,,,,,,,,,,,,,,,,,,,,,,,,,,,,,,,,,,,,,,,,,,,,,,,,,,,,,,,,,,,,,,,,,,,,,,,,,,,,,,,,,,,,,,,,,,,,,,,,,,,,,,,,,,,,,,,,,,,,,,,,,,,,,,,FLAG: NEEDS_MANUAL_REVIEW (Low Confidence / Unmapped Taxonomy),,,,,,,,,
no source found,,,,,,,,,,,82400,82400 Kichler Pendant Lt,,,,Kichler Lighting (KICLI),Kichler Lighting LLC,Kichler,,82400,,,"Kichler Lighting LLC Kichler, Product, 82400",PRODUCT,Kichler 82400 Product,Kichler Product,Product,,,,,,,,,,,,,,,,,,,,,,,,,,,Product,,,,,,,,,,,,,,,,,,,,,,,,,,,,,,,,,,,,,,,,,,,,,,,,,,,,,,,,,,,,,,,,,,,,,,,,,,,,,,,,,,,,,,,,,,,,,,,,,,,,,,,,,,,,,,,,,,,,,,,,,,,,,,,,,,,,,,,,,,,,,,,,,,,,,,,,,,,,,,,,,,,,,,,,,,,,,,,,,,,,,,,,,,,,FLAG: NEEDS_MANUAL_REVIEW (Low Confidence / Unmapped Taxonomy),,,,,,,,,
no source found,,,,,,,,,,,S11606,"S11606 8"" Round Down Lt 30K",,,,Satco Prod Inc (5573),"Satco Products, Inc.",Satco,,S11606,,,"Satco Products, Inc. Satco, Product, S11606",PRODUCT,Satco S11606 Product,Satco Product,Product,,,,,,,,,,,,,,,,,,,,,,,,,,,Product,,,,,,,,,,,,,,,,,,,,,,,,,,,,,,,,,,,,,,,,,,,,,,,,,,,,,,,,,,,,,,,,,,,,,,,,,,,,,,,,,,,,,,,,,,,,,,,,,,,,,,,,,,,,,,,,,,,,,,,,,,,,,,,,,,,,,,,,,,,,,,,,,,,,,,,,,,,,,,,,,,,,,,,,,,,,,,,,,,,,,,,,,,,,FLAG: NEEDS_MANUAL_REVIEW (Low Confidence / Unmapped Taxonomy),,,,,,,,,
no source found,,,,,,,Electrical,Lighting Fixtures,Recessed Lighting,,S11828,"S11828 8"" Led Down Light",,,,Satco Prod Inc (5573),"Satco Products, Inc.",Satco,,S11828,,Lighting & Electrical>Lamps & Fixtures>Downlights & Troffers,"Satco Products, Inc. Satco, Downlight, S11828",DWNLGT,Satco S11828 Downlight,Satco Downlight,Downlight,,,,,,,,,,,,,,,,,,,,,,,,,,,Downlight,,,,,,,,,,,,,,,,,,,,,,,,,,,,,,,,,,,,,,,,,,,,,,,,,,,,,,,,,,,,,,,,,,,,,,,,,,,,,,,,,,,,,,,,,,,,,,,,,,,,,,,,,,,,,,,,,,,,,,,,,,,,,,,,,,,,,,,,,,,,,,,,,,,,,,,,,,,,,,,,,,,,,,,,,,,,,,,,,,,,,,,,,,,,,,,,,,,,,
no source found,,,,,,,,,,,801274,"801274 10w LED 6"" Retro 50k",,,Philips,Phillips Lighting (5831),Signify (Philips Lighting),Philips,,801274,,,"Signify (Philips Lighting) Philips, LED Lamp, 801274",LED LAMP,Philips 801274 LED Lamp,Philips LED Lamp,LED Lamp,,,,,,,,,,,,,,,,,,,,,,,,,,,LED Lamp,,,,,,,,,,,,,,,,,,,,,,,,,,,,,,,,,,,,,,,,,,,,,,,,,,,,,,,,,,,,,,,,,,,,,,,,,,,,,,,,,,,,,,,,,,,,,,,,,,,,,,,,,,,,,,,,,,,,,,,,,,,,,,,,,,,,,,,,,,,,,,,,,,,,,,,,,,,,,,,,,,,,,,,,,,,,,,,,,,,,,,,,,,,,FLAG: NEEDS_MANUAL_REVIEW (Low Confidence / Unmapped Taxonomy),,,,,,,,,
no source found,,,,,,,Electrical,Lighting Fixtures,Recessed Lighting,,S11860,"S11860 6"" Downlight White 5 CCT",,,,Satco Prod Inc (5573),"Satco Products, Inc.",Satco,,S11860,,Lighting & Electrical>Lamps & Fixtures>Downlights & Troffers,"Satco Products, Inc. Satco, Downlight, S11860",DWNLGT,Satco S11860 Downlight,Satco Downlight,Downlight,,,,,,,,,,,,,,,,,,,,,,,,,,,Downlight,,,,,,,,,,,,,,,,,,,,,,,,,,,,,,,,,,,,,,,,,,,,,,,,,,,,,,,,,,,,,,,,,,,,,,,,,,,,,,,,,,,,,,,,,,,,,,,,,,,,,,,,,,,,,,,,,,,,,,,,,,,,,,,,,,,,,,,,,,,,,,,,,,,,,,,,,,,,,,,,,,,,,,,,,,,,,,,,,,,,,,,,,,,,,,,,,,,,,
no source found,,,,,,,Electrical,Lighting Fixtures,Recessed Lighting,,S11562,"S11562 Starfish 6"" D/W Downlight",,,,Satco Prod Inc (5573),"Satco Products, Inc.",Satco,,S11562,,Lighting & Electrical>Lamps & Fixtures>Downlights & Troffers,"Satco Products, Inc. Satco, Downlight, S11562",DWNLGT,Satco S11562 Downlight,Satco Downlight,Downlight,,,,,,,,,,,,,,,,,,,,,,,,,,,Downlight,,,,,,,,,,,,,,,,,,,,,,,,,,,,,,,,,,,,,,,,,,,,,,,,,,,,,,,,,,,,,,,,,,,,,,,,,,,,,,,,,,,,,,,,,,,,,,,,,,,,,,,,,,,,,,,,,,,,,,,,,,,,,,,,,,,,,,,,,,,,,,,,,,,,,,,,,,,,,,,,,,,,,,,,,,,,,,,,,,,,,,,,,,,,,,,,,,,,,
no source found,,,,,,,Electrical,Lighting Fixtures,Recessed Lighting,,S11646,"S11646 6"" Downlight Wh",,,,Satco Prod Inc (5573),"Satco Products, Inc.",Satco,,S11646,,Lighting & Electrical>Lamps & Fixtures>Downlights & Troffers,"Satco Products, Inc. Satco, Downlight, S11646",DWNLGT,Satco S11646 Downlight,Satco Downlight,Downlight,,,,,,,,,,,,,,,,,,,,,,,,,,,Downlight,,,,,,,,,,,,,,,,,,,,,,,,,,,,,,,,,,,,,,,,,,,,,,,,,,,,,,,,,,,,,,,,,,,,,,,,,,,,,,,,,,,,,,,,,,,,,,,,,,,,,,,,,,,,,,,,,,,,,,,,,,,,,,,,,,,,,,,,,,,,,,,,,,,,,,,,,,,,,,,,,,,,,,,,,,,,,,,,,,,,,,,,,,,,,,,,,,,,,
no source found,,,,,,,Electrical,Lighting Fixtures,Recessed Lighting,,S11801R1,"S11801R1 6"" Led Downlight Wh",,,,Satco Prod Inc (5573),"Satco Products, Inc.",Satco,,S11801R1,,Lighting & Electrical>Lamps & Fixtures>Downlights & Troffers,"Satco Products, Inc. Satco, Downlight, S11801R1",DWNLGT,Satco S11801R1 Downlight,Satco Downlight,Downlight,,,,,,,,,,,,,,,,,,,,,,,,,,,Downlight,,,,,,,,,,,,,,,,,,,,,,,,,,,,,,,,,,,,,,,,,,,,,,,,,,,,,,,,,,,,,,,,,,,,,,,,,,,,,,,,,,,,,,,,,,,,,,,,,,,,,,,,,,,,,,,,,,,,,,,,,,,,,,,,,,,,,,,,,,,,,,,,,,,,,,,,,,,,,,,,,,,,,,,,,,,,,,,,,,,,,,,,,,,,,,,,,,,,,
no source found,,,,,,,Electrical,Lighting Fixtures,Recessed Lighting,,S11848,"S11848 10"" Down Light Wh",,,,Satco Prod Inc (5573),"Satco Products, Inc.",Satco,,S11848,,Lighting & Electrical>Lamps & Fixtures>Downlights & Troffers,"Satco Products, Inc. Satco, Downlight, S11848",DWNLGT,Satco S11848 Downlight,Satco Downlight,Downlight,,,,,,,,,,,,,,,,,,,,,,,,,,,Downlight,,,,,,,,,,,,,,,,,,,,,,,,,,,,,,,,,,,,,,,,,,,,,,,,,,,,,,,,,,,,,,,,,,,,,,,,,,,,,,,,,,,,,,,,,,,,,,,,,,,,,,,,,,,,,,,,,,,,,,,,,,,,,,,,,,,,,,,,,,,,,,,,,,,,,,,,,,,,,,,,,,,,,,,,,,,,,,,,,,,,,,,,,,,,,,,,,,,,,
no source found,,,,,,,Electrical,Lighting Fixtures,Recessed Lighting,,S11849,"S11849 12"" Down Light Wh",,,,Satco Prod Inc (5573),"Satco Products, Inc.",Satco,,S11849,,Lighting & Electrical>Lamps & Fixtures>Downlights & Troffers,"Satco Products, Inc. Satco, Downlight, S11849",DWNLGT,Satco S11849 Downlight,Satco Downlight,Downlight,,,,,,,,,,,,,,,,,,,,,,,,,,,Downlight,,,,,,,,,,,,,,,,,,,,,,,,,,,,,,,,,,,,,,,,,,,,,,,,,,,,,,,,,,,,,,,,,,,,,,,,,,,,,,,,,,,,,,,,,,,,,,,,,,,,,,,,,,,,,,,,,,,,,,,,,,,,,,,,,,,,,,,,,,,,,,,,,,,,,,,,,,,,,,,,,,,,,,,,,,,,,,,,,,,,,,,,,,,,,,,,,,,,,
no source found,,,,,,,Electrical,Lighting Fixtures,Recessed Lighting,,HLBSL609FS5,"HLBSL609FS5 6"" Down Light",,,,Cooper Lighting (7638),Cooper Lighting Solutions,Halo,,HLBSL609FS5,,Lighting & Electrical>Lamps & Fixtures>Downlights & Troffers,"Cooper Lighting Solutions Halo, Downlight, HLBSL609FS5",DWNLGT,Halo HLBSL609FS5 Downlight,Halo Downlight,Downlight,,,,,,,,,,,,,,,,,,,,,,,,,,,Downlight,,,,,,,,,,,,,,,,,,,,,,,,,,,,,,,,,,,,,,,,,,,,,,,,,,,,,,,,,,,,,,,,,,,,,,,,,,,,,,,,,,,,,,,,,,,,,,,,,,,,,,,,,,,,,,,,,,,,,,,,,,,,,,,,,,,,,,,,,,,,,,,,,,,,,,,,,,,,,,,,,,,,,,,,,,,,,,,,,,,,,,,,,,,,,,,,,,,,,
no source found,,,,,,,Electrical,Lighting Fixtures,Recessed Lighting,,WF4REGSWW590CRIMW,"WF4REGSWW590CRIMW 4"" Down Light",,,,Lithonia Lighting (2776),Acuity Brands Lighting (Lithonia),Lithonia Lighting,,WF4REGSWW590CRIMW,,Lighting & Electrical>Lamps & Fixtures>Downlights & Troffers,"Acuity Brands Lighting (Lithonia) Lithonia Lighting, Downlight, WF4REGSWW590CRIMW",DWNLGT,Lithonia Lighting WF4REGSWW590CRIMW Downlight,Lithonia Lighting Downlight,Downlight,,,,,,,,,,,,,,,,,,,,,,,,,,,Downlight,,,,,,,,,,,,,,,,,,,,,,,,,,,,,,,,,,,,,,,,,,,,,,,,,,,,,,,,,,,,,,,,,,,,,,,,,,,,,,,,,,,,,,,,,,,,,,,,,,,,,,,,,,,,,,,,,,,,,,,,,,,,,,,,,,,,,,,,,,,,,,,,,,,,,,,,,,,,,,,,,,,,,,,,,,,,,,,,,,,,,,,,,,,,,,,,,,,,,
no source found,,,,,,,,,,,43849WH5CCT,43849WH5CCT Kichler Ceiling Lt,,,,Kichler Lighting (KICLI),Kichler Lighting LLC,Kichler,,43849WH5CCT,,,"Kichler Lighting LLC Kichler, Product, 43849WH5CCT",PRODUCT,Kichler 43849WH5CCT Product,Kichler Product,Product,,,,,,,,,,,,,,,,,,,,,,,,,,,Product,,,,,,,,,,,,,,,,,,,,,,,,,,,,,,,,,,,,,,,,,,,,,,,,,,,,,,,,,,,,,,,,,,,,,,,,,,,,,,,,,,,,,,,,,,,,,,,,,,,,,,,,,,,,,,,,,,,,,,,,,,,,,,,,,,,,,,,,,,,,,,,,,,,,,,,,,,,,,,,,,,,,,,,,,,,,,,,,,,,,,,,,,,,,FLAG: NEEDS_MANUAL_REVIEW (Low Confidence / Unmapped Taxonomy),,,,,,,,,
no source found,,,,,,,,,,,62-1777,"62-1777 15"" Ceiling Lt Wh",,,,Satco Prod Inc (5573),"Satco Products, Inc.",Satco,,62-1777,,,"Satco Products, Inc. Satco, Product, 62-1777",PRODUCT,Satco 62-1777 Product,Satco Product,Product,,,,,,,,,,,,,,,,,,,,,,,,,,,Product,,,,,,,,,,,,,,,,,,,,,,,,,,,,,,,,,,,,,,,,,,,,,,,,,,,,,,,,,,,,,,,,,,,,,,,,,,,,,,,,,,,,,,,,,,,,,,,,,,,,,,,,,,,,,,,,,,,,,,,,,,,,,,,,,,,,,,,,,,,,,,,,,,,,,,,,,,,,,,,,,,,,,,,,,,,,,,,,,,,,,,,,,,,,FLAG: NEEDS_MANUAL_REVIEW (Low Confidence / Unmapped Taxonomy),,,,,,,,,
no source found,,,,,,,,,,,62-1778,"62-1778 19"" Ceiling Lt Wh",,,,Satco Prod Inc (5573),"Satco Products, Inc.",Satco,,62-1778,,,"Satco Products, Inc. Satco, Product, 62-1778",PRODUCT,Satco 62-1778 Product,Satco Product,Product,,,,,,,,,,,,,,,,,,,,,,,,,,,Product,,,,,,,,,,,,,,,,,,,,,,,,,,,,,,,,,,,,,,,,,,,,,,,,,,,,,,,,,,,,,,,,,,,,,,,,,,,,,,,,,,,,,,,,,,,,,,,,,,,,,,,,,,,,,,,,,,,,,,,,,,,,,,,,,,,,,,,,,,,,,,,,,,,,,,,,,,,,,,,,,,,,,,,,,,,,,,,,,,,,,,,,,,,,FLAG: NEEDS_MANUAL_REVIEW (Low Confidence / Unmapped Taxonomy),,,,,,,,,
no source found,,,,,,,,,,,62-1784,62-1784 24x24 Led Ceiling Lt,,,,Satco Prod Inc (5573),"Satco Products, Inc.",Satco,,62-1784,,,"Satco Products, Inc. Satco, LED Lamp, 62-1784",LED LAMP,Satco 62-1784 LED Lamp,Satco LED Lamp,LED Lamp,,,,,,,,,,,,,,,,,,,,,,,,,,,LED Lamp,,,,,,,,,,,,,,,,,,,,,,,,,,,,,,,,,,,,,,,,,,,,,,,,,,,,,,,,,,,,,,,,,,,,,,,,,,,,,,,,,,,,,,,,,,,,,,,,,,,,,,,,,,,,,,,,,,,,,,,,,,,,,,,,,,,,,,,,,,,,,,,,,,,,,,,,,,,,,,,,,,,,,,,,,,,,,,,,,,,,,,,,,,,,FLAG: NEEDS_MANUAL_REVIEW (Low Confidence / Unmapped Taxonomy),,,,,,,,,
no source found,,,,,,,,,,,62-1787,"62-1787 15"" Ceiling Lt Bk",,,,Satco Prod Inc (5573),"Satco Products, Inc.",Satco,,62-1787,,,"Satco Products, Inc. Satco, Product, 62-1787",PRODUCT,Satco 62-1787 Product,Satco Product,Product,,,,,,,,,,,,,,,,,,,,,,,,,,,Product,,,,,,,,,,,,,,,,,,,,,,,,,,,,,,,,,,,,,,,,,,,,,,,,,,,,,,,,,,,,,,,,,,,,,,,,,,,,,,,,,,,,,,,,,,,,,,,,,,,,,,,,,,,,,,,,,,,,,,,,,,,,,,,,,,,,,,,,,,,,,,,,,,,,,,,,,,,,,,,,,,,,,,,,,,,,,,,,,,,,,,,,,,,,FLAG: NEEDS_MANUAL_REVIEW (Low Confidence / Unmapped Taxonomy),,,,,,,,,
no source found,,,,,,,,,,,62-1788,"62-1788 19"" Ceiling Lt Bk",,,,Satco Prod Inc (5573),"Satco Products, Inc.",Satco,,62-1788,,,"Satco Products, Inc. Satco, Product, 62-1788",PRODUCT,Satco 62-1788 Product,Satco Product,Product,,,,,,,,,,,,,,,,,,,,,,,,,,,Product,,,,,,,,,,,,,,,,,,,,,,,,,,,,,,,,,,,,,,,,,,,,,,,,,,,,,,,,,,,,,,,,,,,,,,,,,,,,,,,,,,,,,,,,,,,,,,,,,,,,,,,,,,,,,,,,,,,,,,,,,,,,,,,,,,,,,,,,,,,,,,,,,,,,,,,,,,,,,,,,,,,,,,,,,,,,,,,,,,,,,,,,,,,,FLAG: NEEDS_MANUAL_REVIEW (Low Confidence / Unmapped Taxonomy),,,,,,,,,
no source found,,,,,,,Electrical,Lighting Fixtures,Recessed Lighting,,SHOP/4X2/840/V1,4' Feit Shop Light 4500L 40k,,,Feit Electric,Feit Electric (3468),Feit Electric Company,Feit Electric,,SHOP/4X2/840/V1,,Lighting & Electrical>Lamps & Fixtures>Downlights & Troffers,"Feit Electric Company Feit Electric, Recessed Lighting, SHOP/4X2/840/V1",RECESSED,Feit Electric SHOP/4X2/840/V1 Recessed Lighting,Feit Electric Recessed Lighting,Recessed Lighting,,,,,,,,,,,,,,,,,,,,,,,,,,,Recessed Lighting,,,,,,,,,,,,,,,,,,,,,,,,,,,,,,,,,,,,,,,,,,,,,,,,,,,,,,,,,,,,,,,,,,,,,,,,,,,,,,,,,,,,,,,,,,,,,,,,,,,,,,,,,,,,,,,,,,,,,,,,,,,,,,,,,,,,,,,,,,,,,,,,,,,,,,,,,,,,,,,,,,,,,,,,,,,,,,,,,,,,,,,,,,,,,,,,,,,,,
no source found,,,,,,,,,,,45495BKCLR,45495BKCLR Kichler Wall Lt,,,,Kichler Lighting (KICLI),Kichler Lighting LLC,Kichler,,45495BKCLR,,,"Kichler Lighting LLC Kichler, Product, 45495BKCLR",PRODUCT,Kichler 45495BKCLR Product,Kichler Product,Product,,,,,,,,,,,,,,,,,,,,,,,,,,,Product,,,,,,,,,,,,,,,,,,,,,,,,,,,,,,,,,,,,,,,,,,,,,,,,,,,,,,,,,,,,,,,,,,,,,,,,,,,,,,,,,,,,,,,,,,,,,,,,,,,,,,,,,,,,,,,,,,,,,,,,,,,,,,,,,,,,,,,,,,,,,,,,,,,,,,,,,,,,,,,,,,,,,,,,,,,,,,,,,,,,,,,,,,,,FLAG: NEEDS_MANUAL_REVIEW (Low Confidence / Unmapped Taxonomy),,,,,,,,,
no source found,,,,,,,Electrical,Lighting Fixtures,Recessed Lighting,,55209NI,55209NI Kichler Wall Sconce,,,,Kichler Lighting (KICLI),Kichler Lighting LLC,Kichler,,55209NI,,Lighting & Electrical>Lamps & Fixtures>Downlights & Troffers,"Kichler Lighting LLC Kichler, Recessed Lighting, 55209NI",RECESSED,Kichler 55209NI Recessed Lighting,Kichler Recessed Lighting,Recessed Lighting,,,,,,,,,,,,,,,,,,,,,,,,,,,Recessed Lighting,,,,,,,,,,,,,,,,,,,,,,,,,,,,,,,,,,,,,,,,,,,,,,,,,,,,,,,,,,,,,,,,,,,,,,,,,,,,,,,,,,,,,,,,,,,,,,,,,,,,,,,,,,,,,,,,,,,,,,,,,,,,,,,,,,,,,,,,,,,,,,,,,,,,,,,,,,,,,,,,,,,,,,,,,,,,,,,,,,,,,,,,,,,,,,,,,,,,,
no source found,,,,,,,,,,,65-1210,65-1210 2' LED Wrap Lt,,,,Satco Prod Inc (5573),"Satco Products, Inc.",Satco,,65-1210,,,"Satco Products, Inc. Satco, LED Lamp, 65-1210",LED LAMP,Satco 65-1210 LED Lamp,Satco LED Lamp,LED Lamp,,,,,,,,,,,,,,,,,,,,,,,,,,,LED Lamp,,,,,,,,,,,,,,,,,,,,,,,,,,,,,,,,,,,,,,,,,,,,,,,,,,,,,,,,,,,,,,,,,,,,,,,,,,,,,,,,,,,,,,,,,,,,,,,,,,,,,,,,,,,,,,,,,,,,,,,,,,,,,,,,,,,,,,,,,,,,,,,,,,,,,,,,,,,,,,,,,,,,,,,,,,,,,,,,,,,,,,,,,,,,FLAG: NEEDS_MANUAL_REVIEW (Low Confidence / Unmapped Taxonomy),,,,,,,,,
no source found,,,,,,,,,,,65-1211,65-1211 4' Led Wrap Light,,,,Satco Prod Inc (5573),"Satco Products, Inc.",Satco,,65-1211,,,"Satco Products, Inc. Satco, LED Lamp, 65-1211",LED LAMP,Satco 65-1211 LED Lamp,Satco LED Lamp,LED Lamp,,,,,,,,,,,,,,,,,,,,,,,,,,,LED Lamp,,,,,,,,,,,,,,,,,,,,,,,,,,,,,,,,,,,,,,,,,,,,,,,,,,,,,,,,,,,,,,,,,,,,,,,,,,,,,,,,,,,,,,,,,,,,,,,,,,,,,,,,,,,,,,,,,,,,,,,,,,,,,,,,,,,,,,,,,,,,,,,,,,,,,,,,,,,,,,,,,,,,,,,,,,,,,,,,,,,,,,,,,,,,FLAG: NEEDS_MANUAL_REVIEW (Low Confidence / Unmapped Taxonomy),,,,,,,,,
no source found,,,,,,,,,,,141465,"141465 15W Flor 18"" T12 27k",,,Philips,Phillips Lighting (5831),Signify (Philips Lighting),Philips,,141465,,,"Signify (Philips Lighting) Philips, Product, 141465",PRODUCT,Philips 141465 Product,Philips Product,Product,,,,,,,,,,,,,,,,,,,,,,,,,,,Product,,,,,,,,,,,,,,,,,,,,,,,,,,,,,,,,,,,,,,,,,,,,,,,,,,,,,,,,,,,,,,,,,,,,,,,,,,,,,,,,,,,,,,,,,,,,,,,,,,,,,,,,,,,,,,,,,,,,,,,,,,,,,,,,,,,,,,,,,,,,,,,,,,,,,,,,,,,,,,,,,,,,,,,,,,,,,,,,,,,,,,,,,,,,FLAG: NEEDS_MANUAL_REVIEW (Low Confidence / Unmapped Taxonomy),,,,,,,,,
no source found,,,,,,,,,,,391227,"391227 32W Led 12"" T9 30K",,,Philips,Phillips Lighting (5831),Signify (Philips Lighting),Philips,,391227,,,"Signify (Philips Lighting) Philips, LED Lamp, 391227",LED LAMP,Philips 391227 LED Lamp,Philips LED Lamp,LED Lamp,,,,,,,,,,,,,,,,,,,,,,,,,,,LED Lamp,,,,,,,,,,,,,,,,,,,,,,,,,,,,,,,,,,,,,,,,,,,,,,,,,,,,,,,,,,,,,,,,,,,,,,,,,,,,,,,,,,,,,,,,,,,,,,,,,,,,,,,,,,,,,,,,,,,,,,,,,,,,,,,,,,,,,,,,,,,,,,,,,,,,,,,,,,,,,,,,,,,,,,,,,,,,,,,,,,,,,,,,,,,,FLAG: NEEDS_MANUAL_REVIEW (Low Confidence / Unmapped Taxonomy),,,,,,,,,
no source found,,,,,,,,,,,392225,"392225 22W Flor 8"" T9 30k",,,Philips,Phillips Lighting (5831),Signify (Philips Lighting),Philips,,392225,,,"Signify (Philips Lighting) Philips, Product, 392225",PRODUCT,Philips 392225 Product,Philips Product,Product,,,,,,,,,,,,,,,,,,,,,,,,,,,Product,,,,,,,,,,,,,,,,,,,,,,,,,,,,,,,,,,,,,,,,,,,,,,,,,,,,,,,,,,,,,,,,,,,,,,,,,,,,,,,,,,,,,,,,,,,,,,,,,,,,,,,,,,,,,,,,,,,,,,,,,,,,,,,,,,,,,,,,,,,,,,,,,,,,,,,,,,,,,,,,,,,,,,,,,,,,,,,,,,,,,,,,,,,,FLAG: NEEDS_MANUAL_REVIEW (Low Confidence / Unmapped Taxonomy),,,,,,,,,
no source found,,,,,,,,,,,S3539,S3539 20W Halogen Pin T4,,,Satco,Satco Prod Inc (5573),"Satco Products, Inc.",Satco,,S3539,,,"Satco Products, Inc. Satco, Product, S3539",PRODUCT,Satco S3539 Product,Satco Product,Product,,,,,,,,,,,,,,,,,,,,,,,,,,,Product,,,,,,,,,,,,,,,,,,,,,,,,,,,,,,,,,,,,,,,,,,,,,,,,,,,,,,,,,,,,,,,,,,,,,,,,,,,,,,,,,,,,,,,,,,,,,,,,,,,,,,,,,,,,,,,,,,,,,,,,,,,,,,,,,,,,,,,,,,,,,,,,,,,,,,,,,,,,,,,,,,,,,,,,,,,,,,,,,,,,,,,,,,,,FLAG: NEEDS_MANUAL_REVIEW (Low Confidence / Unmapped Taxonomy),,,,,,,,,
no source found,,,,,,,,,,,S3496,S3496 300W Halogen T3 Bulb,,,Satco,Satco Prod Inc (5573),"Satco Products, Inc.",Satco,,S3496,,,"Satco Products, Inc. Satco, Lamp, S3496",LED LAMP,Satco S3496 Lamp,Satco Lamp,Lamp,,,,,,,,,,,,,,,,,,,,,,,,,,,Lamp,,,,,,,,,,,,,,,,,,,,,,,,,,,,,,,,,,,,,,,,,,,,,,,,,,,,,,,,,,,,,,,,,,,,,,,,,,,,,,,,,,,,,,,,,,,,,,,,,,,,,,,,,,,,,,,,,,,,,,,,,,,,,,,,,,,,,,,,,,,,,,,,,,,,,,,,,,,,,,,,,,,,,,,,,,,,,,,,,,,,,,,,,,,,FLAG: NEEDS_MANUAL_REVIEW (Low Confidence / Unmapped Taxonomy),,,,,,,,,
no source found,,,,,,,,,,,467316,467316 150W Sodium Med 21k,,,Philips,Phillips Lighting (5831),Signify (Philips Lighting),Philips,,467316,,,"Signify (Philips Lighting) Philips, Product, 467316",PRODUCT,Philips 467316 Product,Philips Product,Product,,,,,,,,,,,,,,,,,,,,,,,,,,,Product,,,,,,,,,,,,,,,,,,,,,,,,,,,,,,,,,,,,,,,,,,,,,,,,,,,,,,,,,,,,,,,,,,,,,,,,,,,,,,,,,,,,,,,,,,,,,,,,,,,,,,,,,,,,,,,,,,,,,,,,,,,,,,,,,,,,,,,,,,,,,,,,,,,,,,,,,,,,,,,,,,,,,,,,,,,,,,,,,,,,,,,,,,,,FLAG: NEEDS_MANUAL_REVIEW (Low Confidence / Unmapped Taxonomy),,,,,,,,,
no source found,,,,,,,,,,,S3709,S3709 25W Incan 27K,,,Satco,Satco Prod Inc (5573),"Satco Products, Inc.",Satco,,S3709,,,"Satco Products, Inc. Satco, Product, S3709",PRODUCT,Satco S3709 Product,Satco Product,Product,,,,,,,,,,,,,,,,,,,,,,,,,,,Product,,,,,,,,,,,,,,,,,,,,,,,,,,,,,,,,,,,,,,,,,,,,,,,,,,,,,,,,,,,,,,,,,,,,,,,,,,,,,,,,,,,,,,,,,,,,,,,,,,,,,,,,,,,,,,,,,,,,,,,,,,,,,,,,,,,,,,,,,,,,,,,,,,,,,,,,,,,,,,,,,,,,,,,,,,,,,,,,,,,,,,,,,,,,FLAG: NEEDS_MANUAL_REVIEW (Low Confidence / Unmapped Taxonomy),,,,,,,,,
no source found,,,,,,,,,,,S4720,S4720 25W Incan 27K,,,Satco,Satco Prod Inc (5573),"Satco Products, Inc.",Satco,,S4720,,,"Satco Products, Inc. Satco, Product, S4720",PRODUCT,Satco S4720 Product,Satco Product,Product,,,,,,,,,,,,,,,,,,,,,,,,,,,Product,,,,,,,,,,,,,,,,,,,,,,,,,,,,,,,,,,,,,,,,,,,,,,,,,,,,,,,,,,,,,,,,,,,,,,,,,,,,,,,,,,,,,,,,,,,,,,,,,,,,,,,,,,,,,,,,,,,,,,,,,,,,,,,,,,,,,,,,,,,,,,,,,,,,,,,,,,,,,,,,,,,,,,,,,,,,,,,,,,,,,,,,,,,,FLAG: NEEDS_MANUAL_REVIEW (Low Confidence / Unmapped Taxonomy),,,,,,,,,
no source found,,,,,,,,,,,S3720,S3720 40w Inc A15 Med 26k,,,Satco,Satco Prod Inc (5573),"Satco Products, Inc.",Satco,,S3720,,,"Satco Products, Inc. Satco, Product, S3720",PRODUCT,Satco S3720 Product,Satco Product,Product,,,,,,,,,,,,,,,,,,,,,,,,,,,Product,,,,,,,,,,,,,,,,,,,,,,,,,,,,,,,,,,,,,,,,,,,,,,,,,,,,,,,,,,,,,,,,,,,,,,,,,,,,,,,,,,,,,,,,,,,,,,,,,,,,,,,,,,,,,,,,,,,,,,,,,,,,,,,,,,,,,,,,,,,,,,,,,,,,,,,,,,,,,,,,,,,,,,,,,,,,,,,,,,,,,,,,,,,,FLAG: NEEDS_MANUAL_REVIEW (Low Confidence / Unmapped Taxonomy),,,,,,,,,
no source found,,,,,,,,,,,S3702,S3702 40W Incan Med 27K,,,Satco,Satco Prod Inc (5573),"Satco Products, Inc.",Satco,,S3702,,,"Satco Products, Inc. Satco, Product, S3702",PRODUCT,Satco S3702 Product,Satco Product,Product,,,,,,,,,,,,,,,,,,,,,,,,,,,Product,,,,,,,,,,,,,,,,,,,,,,,,,,,,,,,,,,,,,,,,,,,,,,,,,,,,,,,,,,,,,,,,,,,,,,,,,,,,,,,,,,,,,,,,,,,,,,,,,,,,,,,,,,,,,,,,,,,,,,,,,,,,,,,,,,,,,,,,,,,,,,,,,,,,,,,,,,,,,,,,,,,,,,,,,,,,,,,,,,,,,,,,,,,,FLAG: NEEDS_MANUAL_REVIEW (Low Confidence / Unmapped Taxonomy),,,,,,,,,
no source found,,,,,,,,,,,S3703,S3703 40W Incan Med 27K,,,Satco,Satco Prod Inc (5573),"Satco Products, Inc.",Satco,,S3703,,,"Satco Products, Inc. Satco, Product, S3703",PRODUCT,Satco S3703 Product,Satco Product,Product,,,,,,,,,,,,,,,,,,,,,,,,,,,Product,,,,,,,,,,,,,,,,,,,,,,,,,,,,,,,,,,,,,,,,,,,,,,,,,,,,,,,,,,,,,,,,,,,,,,,,,,,,,,,,,,,,,,,,,,,,,,,,,,,,,,,,,,,,,,,,,,,,,,,,,,,,,,,,,,,,,,,,,,,,,,,,,,,,,,,,,,,,,,,,,,,,,,,,,,,,,,,,,,,,,,,,,,,,FLAG: NEEDS_MANUAL_REVIEW (Low Confidence / Unmapped Taxonomy),,,,,,,,,
no source found,,,,,,,,,,,S3797,S3797 4W Incan Cand 27K 2pk,,,Satco,Satco Prod Inc (5573),"Satco Products, Inc.",Satco,,S3797,,,"Satco Products, Inc. Satco, Product, S3797",PRODUCT,Satco S3797 Product,Satco Product,Product,,,,,,,,,,,,,,,,,,,,,,,,,,,Product,,,,,,,,,,,,,,,,,,,,,,,,,,,,,,,,,,,,,,,,,,,,,,,,,,,,,,,,,,,,,,,,,,,,,,,,,,,,,,,,,,,,,,,,,,,,,,,,,,,,,,,,,,,,,,,,,,,,,,,,,,,,,,,,,,,,,,,,,,,,,,,,,,,,,,,,,,,,,,,,,,,,,,,,,,,,,,,,,,,,,,,,,,,,FLAG: NEEDS_MANUAL_REVIEW (Low Confidence / Unmapped Taxonomy),,,,,,,,,
no source found,,,,,,,,,,,S4724,S4724 4W Incan Cand 27K 4pk,,,Satco,Satco Prod Inc (5573),"Satco Products, Inc.",Satco,,S4724,,,"Satco Products, Inc. Satco, Product, S4724",PRODUCT,Satco S4724 Product,Satco Product,Product,,,,,,,,,,,,,,,,,,,,,,,,,,,Product,,,,,,,,,,,,,,,,,,,,,,,,,,,,,,,,,,,,,,,,,,,,,,,,,,,,,,,,,,,,,,,,,,,,,,,,,,,,,,,,,,,,,,,,,,,,,,,,,,,,,,,,,,,,,,,,,,,,,,,,,,,,,,,,,,,,,,,,,,,,,,,,,,,,,,,,,,,,,,,,,,,,,,,,,,,,,,,,,,,,,,,,,,,,FLAG: NEEDS_MANUAL_REVIEW (Low Confidence / Unmapped Taxonomy),,,,,,,,,
no source found,,,,,,,,,,,S4717,S4717 6W Incan Cand 27k 2pk,,,Satco,Satco Prod Inc (5573),"Satco Products, Inc.",Satco,,S4717,,,"Satco Products, Inc. Satco, Product, S4717",PRODUCT,Satco S4717 Product,Satco Product,Product,,,,,,,,,,,,,,,,,,,,,,,,,,,Product,,,,,,,,,,,,,,,,,,,,,,,,,,,,,,,,,,,,,,,,,,,,,,,,,,,,,,,,,,,,,,,,,,,,,,,,,,,,,,,,,,,,,,,,,,,,,,,,,,,,,,,,,,,,,,,,,,,,,,,,,,,,,,,,,,,,,,,,,,,,,,,,,,,,,,,,,,,,,,,,,,,,,,,,,,,,,,,,,,,,,,,,,,,,FLAG: NEEDS_MANUAL_REVIEW (Low Confidence / Unmapped Taxonomy),,,,,,,,,
no source found,,,,,,,,,,,S3794,S3794 7W Incan Med 27K,,,Satco,Satco Prod Inc (5573),"Satco Products, Inc.",Satco,,S3794,,,"Satco Products, Inc. Satco, Product, S3794",PRODUCT,Satco S3794 Product,Satco Product,Product,,,,,,,,,,,,,,,,,,,,,,,,,,,Product,,,,,,,,,,,,,,,,,,,,,,,,,,,,,,,,,,,,,,,,,,,,,,,,,,,,,,,,,,,,,,,,,,,,,,,,,,,,,,,,,,,,,,,,,,,,,,,,,,,,,,,,,,,,,,,,,,,,,,,,,,,,,,,,,,,,,,,,,,,,,,,,,,,,,,,,,,,,,,,,,,,,,,,,,,,,,,,,,,,,,,,,,,,,FLAG: NEEDS_MANUAL_REVIEW (Low Confidence / Unmapped Taxonomy),,,,,,,,,
no source found,,,,,,,,,,,S3795,S3795 7W Incan Med 27K,,,Satco,Satco Prod Inc (5573),"Satco Products, Inc.",Satco,,S3795,,,"Satco Products, Inc. Satco, Product, S3795",PRODUCT,Satco S3795 Product,Satco Product,Product,,,,,,,,,,,,,,,,,,,,,,,,,,,Product,,,,,,,,,,,,,,,,,,,,,,,,,,,,,,,,,,,,,,,,,,,,,,,,,,,,,,,,,,,,,,,,,,,,,,,,,,,,,,,,,,,,,,,,,,,,,,,,,,,,,,,,,,,,,,,,,,,,,,,,,,,,,,,,,,,,,,,,,,,,,,,,,,,,,,,,,,,,,,,,,,,,,,,,,,,,,,,,,,,,,,,,,,,,FLAG: NEEDS_MANUAL_REVIEW (Low Confidence / Unmapped Taxonomy),,,,,,,,,
no source found,,,,,,,,,,,S4726,S4726 7W Incan Cand 27K 4pk,,,Satco,Satco Prod Inc (5573),"Satco Products, Inc.",Satco,,S4726,,,"Satco Products, Inc. Satco, Product, S4726",PRODUCT,Satco S4726 Product,Satco Product,Product,,,,,,,,,,,,,,,,,,,,,,,,,,,Product,,,,,,,,,,,,,,,,,,,,,,,,,,,,,,,,,,,,,,,,,,,,,,,,,,,,,,,,,,,,,,,,,,,,,,,,,,,,,,,,,,,,,,,,,,,,,,,,,,,,,,,,,,,,,,,,,,,,,,,,,,,,,,,,,,,,,,,,,,,,,,,,,,,,,,,,,,,,,,,,,,,,,,,,,,,,,,,,,,,,,,,,,,,,FLAG: NEEDS_MANUAL_REVIEW (Low Confidence / Unmapped Taxonomy),,,,,,,,,
no source found,,,,,,,,,,,S11429,S11429 60W Led Bulb 27K,,,Satco,Satco Prod Inc (5573),"Satco Products, Inc.",Satco,,S11429,,,"Satco Products, Inc. Satco, LED Lamp, S11429",LED LAMP,Satco S11429 LED Lamp,Satco LED Lamp,LED Lamp,,,,,,,,,,,,,,,,,,,,,,,,,,,LED Lamp,,,,,,,,,,,,,,,,,,,,,,,,,,,,,,,,,,,,,,,,,,,,,,,,,,,,,,,,,,,,,,,,,,,,,,,,,,,,,,,,,,,,,,,,,,,,,,,,,,,,,,,,,,,,,,,,,,,,,,,,,,,,,,,,,,,,,,,,,,,,,,,,,,,,,,,,,,,,,,,,,,,,,,,,,,,,,,,,,,,,,,,,,,,,FLAG: NEEDS_MANUAL_REVIEW (Low Confidence / Unmapped Taxonomy),,,,,,,,,
no source found,,,,,,,,,,,S21354,S21354 8W Led T9 Med 27k,,,,Satco Prod Inc (5573),"Satco Products, Inc.",Satco,,S21354,,,"Satco Products, Inc. Satco, LED Lamp, S21354",LED LAMP,Satco S21354 LED Lamp,Satco LED Lamp,LED Lamp,,,,,,,,,,,,,,,,,,,,,,,,,,,LED Lamp,,,,,,,,,,,,,,,,,,,,,,,,,,,,,,,,,,,,,,,,,,,,,,,,,,,,,,,,,,,,,,,,,,,,,,,,,,,,,,,,,,,,,,,,,,,,,,,,,,,,,,,,,,,,,,,,,,,,,,,,,,,,,,,,,,,,,,,,,,,,,,,,,,,,,,,,,,,,,,,,,,,,,,,,,,,,,,,,,,,,,,,,,,,,FLAG: NEEDS_MANUAL_REVIEW (Low Confidence / Unmapped Taxonomy),,,,,,,,,
no source found,,,,,,,,,,,S21363,S21363 8W Led Edison ST19 27K,,,,Satco Prod Inc (5573),"Satco Products, Inc.",Satco,,S21363,,,"Satco Products, Inc. Satco, LED Lamp, S21363",LED LAMP,Satco S21363 LED Lamp,Satco LED Lamp,LED Lamp,,,,,,,,,,,,,,,,,,,,,,,,,,,LED Lamp,,,,,,,,,,,,,,,,,,,,,,,,,,,,,,,,,,,,,,,,,,,,,,,,,,,,,,,,,,,,,,,,,,,,,,,,,,,,,,,,,,,,,,,,,,,,,,,,,,,,,,,,,,,,,,,,,,,,,,,,,,,,,,,,,,,,,,,,,,,,,,,,,,,,,,,,,,,,,,,,,,,,,,,,,,,,,,,,,,,,,,,,,,,,FLAG: NEEDS_MANUAL_REVIEW (Low Confidence / Unmapped Taxonomy),,,,,,,,,
no source found,,,,,,,,,,,S11445,S11445 12W Led Med 30k Motion,,,,Satco Prod Inc (5573),"Satco Products, Inc.",Satco,,S11445,,,"Satco Products, Inc. Satco, LED Lamp, S11445",LED LAMP,Satco S11445 LED Lamp,Satco LED Lamp,LED Lamp,,,,,,,,,,,,,,,,,,,,,,,,,,,LED Lamp,,,,,,,,,,,,,,,,,,,,,,,,,,,,,,,,,,,,,,,,,,,,,,,,,,,,,,,,,,,,,,,,,,,,,,,,,,,,,,,,,,,,,,,,,,,,,,,,,,,,,,,,,,,,,,,,,,,,,,,,,,,,,,,,,,,,,,,,,,,,,,,,,,,,,,,,,,,,,,,,,,,,,,,,,,,,,,,,,,,,,,,,,,,,FLAG: NEEDS_MANUAL_REVIEW (Low Confidence / Unmapped Taxonomy),,,,,,,,,
no source found,,,,,,,,,,,567313,567313 50W Led MR16 30K 3pk,,,Philips,Phillips Lighting (5831),Signify (Philips Lighting),Philips,,567313,,,"Signify (Philips Lighting) Philips, LED Lamp, 567313",LED LAMP,Philips 567313 LED Lamp,Philips LED Lamp,LED Lamp,,,,,,,,,,,,,,,,,,,,,,,,,,,LED Lamp,,,,,,,,,,,,,,,,,,,,,,,,,,,,,,,,,,,,,,,,,,,,,,,,,,,,,,,,,,,,,,,,,,,,,,,,,,,,,,,,,,,,,,,,,,,,,,,,,,,,,,,,,,,,,,,,,,,,,,,,,,,,,,,,,,,,,,,,,,,,,,,,,,,,,,,,,,,,,,,,,,,,,,,,,,,,,,,,,,,,,,,,,,,,FLAG: NEEDS_MANUAL_REVIEW (Low Confidence / Unmapped Taxonomy),,,,,,,,,
no source found,,,,,,,,,,,586875,586875 60W Led Multi CCT 4pk,,,Philips,Phillips Lighting (5831),Signify (Philips Lighting),Philips,,586875,,,"Signify (Philips Lighting) Philips, LED Lamp, 586875",LED LAMP,Philips 586875 LED Lamp,Philips LED Lamp,LED Lamp,,,,,,,,,,,,,,,,,,,,,,,,,,,LED Lamp,,,,,,,,,,,,,,,,,,,,,,,,,,,,,,,,,,,,,,,,,,,,,,,,,,,,,,,,,,,,,,,,,,,,,,,,,,,,,,,,,,,,,,,,,,,,,,,,,,,,,,,,,,,,,,,,,,,,,,,,,,,,,,,,,,,,,,,,,,,,,,,,,,,,,,,,,,,,,,,,,,,,,,,,,,,,,,,,,,,,,,,,,,,,FLAG: NEEDS_MANUAL_REVIEW (Low Confidence / Unmapped Taxonomy),,,,,,,,,
no source found,,,,,,,,,,,576355,576355 60/100/150 Led Med 50k,,,Philips,Phillips Lighting (5831),Signify (Philips Lighting),Philips,,576355,,,"Signify (Philips Lighting) Philips, LED Lamp, 576355",LED LAMP,Philips 576355 LED Lamp,Philips LED Lamp,LED Lamp,,,,,,,,,,,,,,,,,,,,,,,,,,,LED Lamp,,,,,,,,,,,,,,,,,,,,,,,,,,,,,,,,,,,,,,,,,,,,,,,,,,,,,,,,,,,,,,,,,,,,,,,,,,,,,,,,,,,,,,,,,,,,,,,,,,,,,,,,,,,,,,,,,,,,,,,,,,,,,,,,,,,,,,,,,,,,,,,,,,,,,,,,,,,,,,,,,,,,,,,,,,,,,,,,,,,,,,,,,,,,FLAG: NEEDS_MANUAL_REVIEW (Low Confidence / Unmapped Taxonomy),,,,,,,,,
no source found,,,,,,,,,,,576363,576363 100/150/200 Led Med 27k,,,Philips,Phillips Lighting (5831),Signify (Philips Lighting),Philips,,576363,,,"Signify (Philips Lighting) Philips, LED Lamp, 576363",LED LAMP,Philips 576363 LED Lamp,Philips LED Lamp,LED Lamp,,,,,,,,,,,,,,,,,,,,,,,,,,,LED Lamp,,,,,,,,,,,,,,,,,,,,,,,,,,,,,,,,,,,,,,,,,,,,,,,,,,,,,,,,,,,,,,,,,,,,,,,,,,,,,,,,,,,,,,,,,,,,,,,,,,,,,,,,,,,,,,,,,,,,,,,,,,,,,,,,,,,,,,,,,,,,,,,,,,,,,,,,,,,,,,,,,,,,,,,,,,,,,,,,,,,,,,,,,,,,FLAG: NEEDS_MANUAL_REVIEW (Low Confidence / Unmapped Taxonomy),,,,,,,,,
no source found,,,,,,,Electrical,Lighting Fixtures,Recessed Lighting,,565374,565374 75W Led A19 Med 27k 4pk,,,Philips,Phillips Lighting (5831),Signify (Philips Lighting),Philips,,565374,,Lighting & Electrical>Lamps & Fixtures>Downlights & Troffers,"Signify (Philips Lighting) Philips, LED Lamp, 565374",LED LAMP,Philips 565374 LED Lamp,Philips LED Lamp,LED Lamp,,,,,,,,,,,,,,,,,,,,,,,,,,,LED Lamp,,,,,,,,,,,,,,,,,,,,,,,,,,,,,,,,,,,,,,,,,,,,,,,,,,,,,,,,,,,,,,,,,,,,,,,,,,,,,,,,,,,,,,,,,,,,,,,,,,,,,,,,,,,,,,,,,,,,,,,,,,,,,,,,,,,,,,,,,,,,,,,,,,,,,,,,,,,,,,,,,,,,,,,,,,,,,,,,,,,,,,,,,,,,,,,,,,,,,
no source found,,,,,,,Electrical,Lighting Fixtures,Recessed Lighting,,565390,565390 75W Led A19 Med 50k 4pk,,,Philips,Phillips Lighting (5831),Signify (Philips Lighting),Philips,,565390,,Lighting & Electrical>Lamps & Fixtures>Downlights & Troffers,"Signify (Philips Lighting) Philips, LED Lamp, 565390",LED LAMP,Philips 565390 LED Lamp,Philips LED Lamp,LED Lamp,,,,,,,,,,,,,,,,,,,,,,,,,,,LED Lamp,,,,,,,,,,,,,,,,,,,,,,,,,,,,,,,,,,,,,,,,,,,,,,,,,,,,,,,,,,,,,,,,,,,,,,,,,,,,,,,,,,,,,,,,,,,,,,,,,,,,,,,,,,,,,,,,,,,,,,,,,,,,,,,,,,,,,,,,,,,,,,,,,,,,,,,,,,,,,,,,,,,,,,,,,,,,,,,,,,,,,,,,,,,,,,,,,,,,,
no source found,,,,,,,,,,,576371,576371 100/150/200 Led Med 50k,,,Philips,Phillips Lighting (5831),Signify (Philips Lighting),Philips,,576371,,,"Signify (Philips Lighting) Philips, LED Lamp, 576371",LED LAMP,Philips 576371 LED Lamp,Philips LED Lamp,LED Lamp,,,,,,,,,,,,,,,,,,,,,,,,,,,LED Lamp,,,,,,,,,,,,,,,,,,,,,,,,,,,,,,,,,,,,,,,,,,,,,,,,,,,,,,,,,,,,,,,,,,,,,,,,,,,,,,,,,,,,,,,,,,,,,,,,,,,,,,,,,,,,,,,,,,,,,,,,,,,,,,,,,,,,,,,,,,,,,,,,,,,,,,,,,,,,,,,,,,,,,,,,,,,,,,,,,,,,,,,,,,,,FLAG: NEEDS_MANUAL_REVIEW (Low Confidence / Unmapped Taxonomy),,,,,,,,,
no source found,,,,,,,,,,,576496,576496 45W Led R20 Med 27k,,,Philips,Phillips Lighting (5831),Signify (Philips Lighting),Philips,,576496,,,"Signify (Philips Lighting) Philips, LED Lamp, 576496",LED LAMP,Philips 576496 LED Lamp,Philips LED Lamp,LED Lamp,,,,,,,,,,,,,,,,,,,,,,,,,,,LED Lamp,,,,,,,,,,,,,,,,,,,,,,,,,,,,,,,,,,,,,,,,,,,,,,,,,,,,,,,,,,,,,,,,,,,,,,,,,,,,,,,,,,,,,,,,,,,,,,,,,,,,,,,,,,,,,,,,,,,,,,,,,,,,,,,,,,,,,,,,,,,,,,,,,,,,,,,,,,,,,,,,,,,,,,,,,,,,,,,,,,,,,,,,,,,,FLAG: NEEDS_MANUAL_REVIEW (Low Confidence / Unmapped Taxonomy),,,,,,,,,
no source found,,,,,,,,,,,564856,564856 40W Led ST19 27k 2pk,,,Philips,Phillips Lighting (5831),Signify (Philips Lighting),Philips,,564856,,,"Signify (Philips Lighting) Philips, LED Lamp, 564856",LED LAMP,Philips 564856 LED Lamp,Philips LED Lamp,LED Lamp,,,,,,,,,,,,,,,,,,,,,,,,,,,LED Lamp,,,,,,,,,,,,,,,,,,,,,,,,,,,,,,,,,,,,,,,,,,,,,,,,,,,,,,,,,,,,,,,,,,,,,,,,,,,,,,,,,,,,,,,,,,,,,,,,,,,,,,,,,,,,,,,,,,,,,,,,,,,,,,,,,,,,,,,,,,,,,,,,,,,,,,,,,,,,,,,,,,,,,,,,,,,,,,,,,,,,,,,,,,,,FLAG: NEEDS_MANUAL_REVIEW (Low Confidence / Unmapped Taxonomy),,,,,,,,,
no source found,,,,,,,Electrical,Lighting Fixtures,Recessed Lighting,,565796,565796 60W Led A19 Med 20k,,,Philips,Phillips Lighting (5831),Signify (Philips Lighting),Philips,,565796,,Lighting & Electrical>Lamps & Fixtures>Downlights & Troffers,"Signify (Philips Lighting) Philips, LED Lamp, 565796",LED LAMP,Philips 565796 LED Lamp,Philips LED Lamp,LED Lamp,,,,,,,,,,,,,,,,,,,,,,,,,,,LED Lamp,,,,,,,,,,,,,,,,,,,,,,,,,,,,,,,,,,,,,,,,,,,,,,,,,,,,,,,,,,,,,,,,,,,,,,,,,,,,,,,,,,,,,,,,,,,,,,,,,,,,,,,,,,,,,,,,,,,,,,,,,,,,,,,,,,,,,,,,,,,,,,,,,,,,,,,,,,,,,,,,,,,,,,,,,,,,,,,,,,,,,,,,,,,,,,,,,,,,,
no source found,,,,,,,,,,,576389,576389 100/200/300 Led Med 27k,,,Philips,Phillips Lighting (5831),Signify (Philips Lighting),Philips,,576389,,,"Signify (Philips Lighting) Philips, LED Lamp, 576389",LED LAMP,Philips 576389 LED Lamp,Philips LED Lamp,LED Lamp,,,,,,,,,,,,,,,,,,,,,,,,,,,LED Lamp,,,,,,,,,,,,,,,,,,,,,,,,,,,,,,,,,,,,,,,,,,,,,,,,,,,,,,,,,,,,,,,,,,,,,,,,,,,,,,,,,,,,,,,,,,,,,,,,,,,,,,,,,,,,,,,,,,,,,,,,,,,,,,,,,,,,,,,,,,,,,,,,,,,,,,,,,,,,,,,,,,,,,,,,,,,,,,,,,,,,,,,,,,,,FLAG: NEEDS_MANUAL_REVIEW (Low Confidence / Unmapped Taxonomy),,,,,,,,,
no source found,,,,,,,,,,,564492,564492 75W Adj Base 27k 3pk,,,Philips,Phillips Lighting (5831),Signify (Philips Lighting),Philips,,564492,,,"Signify (Philips Lighting) Philips, Product, 564492",PRODUCT,Philips 564492 Product,Philips Product,Product,,,,,,,,,,,,,,,,,,,,,,,,,,,Product,,,,,,,,,,,,,,,,,,,,,,,,,,,,,,,,,,,,,,,,,,,,,,,,,,,,,,,,,,,,,,,,,,,,,,,,,,,,,,,,,,,,,,,,,,,,,,,,,,,,,,,,,,,,,,,,,,,,,,,,,,,,,,,,,,,,,,,,,,,,,,,,,,,,,,,,,,,,,,,,,,,,,,,,,,,,,,,,,,,,,,,,,,,,FLAG: NEEDS_MANUAL_REVIEW (Low Confidence / Unmapped Taxonomy),,,,,,,,,
no source found,,,,,,,,,,,603449,603449 Wiz 60W Led Med Clr Ch,,,Wiz,Phillips Lighting (5831),Signify (Philips Lighting),Philips,,603449,,,"Signify (Philips Lighting) Philips, LED Lamp, 603449",LED LAMP,Philips 603449 LED Lamp,Philips LED Lamp,LED Lamp,,,,,,,,,,,,,,,,,,,,,,,,,,,LED Lamp,,,,,,,,,,,,,,,,,,,,,,,,,,,,,,,,,,,,,,,,,,,,,,,,,,,,,,,,,,,,,,,,,,,,,,,,,,,,,,,,,,,,,,,,,,,,,,,,,,,,,,,,,,,,,,,,,,,,,,,,,,,,,,,,,,,,,,,,,,,,,,,,,,,,,,,,,,,,,,,,,,,,,,,,,,,,,,,,,,,,,,,,,,,,FLAG: NEEDS_MANUAL_REVIEW (Low Confidence / Unmapped Taxonomy),,,,,,,,,
no source found,,,,,,,Electrical,Lighting Fixtures,Recessed Lighting,,586909,586909 Led 60W Med A19 27K,,,Philips,Phillips Lighting (5831),Signify (Philips Lighting),Philips,,586909,,Lighting & Electrical>Lamps & Fixtures>Downlights & Troffers,"Signify (Philips Lighting) Philips, LED Lamp, 586909",LED LAMP,Philips 586909 LED Lamp,Philips LED Lamp,LED Lamp,,,,,,,,,,,,,,,,,,,,,,,,,,,LED Lamp,,,,,,,,,,,,,,,,,,,,,,,,,,,,,,,,,,,,,,,,,,,,,,,,,,,,,,,,,,,,,,,,,,,,,,,,,,,,,,,,,,,,,,,,,,,,,,,,,,,,,,,,,,,,,,,,,,,,,,,,,,,,,,,,,,,,,,,,,,,,,,,,,,,,,,,,,,,,,,,,,,,,,,,,,,,,,,,,,,,,,,,,,,,,,,,,,,,,,
no source found,,,,,,,,,,,566364,566364 75W Led ST19 27k 4pk,,,Philips,Phillips Lighting (5831),Signify (Philips Lighting),Philips,,566364,,,"Signify (Philips Lighting) Philips, LED Lamp, 566364",LED LAMP,Philips 566364 LED Lamp,Philips LED Lamp,LED Lamp,,,,,,,,,,,,,,,,,,,,,,,,,,,LED Lamp,,,,,,,,,,,,,,,,,,,,,,,,,,,,,,,,,,,,,,,,,,,,,,,,,,,,,,,,,,,,,,,,,,,,,,,,,,,,,,,,,,,,,,,,,,,,,,,,,,,,,,,,,,,,,,,,,,,,,,,,,,,,,,,,,,,,,,,,,,,,,,,,,,,,,,,,,,,,,,,,,,,,,,,,,,,,,,,,,,,,,,,,,,,,FLAG: NEEDS_MANUAL_REVIEW (Low Confidence / Unmapped Taxonomy),,,,,,,,,
no source found,,,,,,,,,,,576397,576394 100/200/300 Led A23 50k,,,Philips,Phillips Lighting (5831),Signify (Philips Lighting),Philips,,576397,,,"Signify (Philips Lighting) Philips, LED Lamp, 576397",LED LAMP,Philips 576397 LED Lamp,Philips LED Lamp,LED Lamp,,,,,,,,,,,,,,,,,,,,,,,,,,,LED Lamp,,,,,,,,,,,,,,,,,,,,,,,,,,,,,,,,,,,,,,,,,,,,,,,,,,,,,,,,,,,,,,,,,,,,,,,,,,,,,,,,,,,,,,,,,,,,,,,,,,,,,,,,,,,,,,,,,,,,,,,,,,,,,,,,,,,,,,,,,,,,,,,,,,,,,,,,,,,,,,,,,,,,,,,,,,,,,,,,,,,,,,,,,,,,FLAG: NEEDS_MANUAL_REVIEW (Low Confidence / Unmapped Taxonomy),,,,,,,,,
no source found,,,,,,,,,,,571497,571497 150W Led Med 27k,,,Philips,Phillips Lighting (5831),Signify (Philips Lighting),Philips,,571497,,,"Signify (Philips Lighting) Philips, LED Lamp, 571497",LED LAMP,Philips 571497 LED Lamp,Philips LED Lamp,LED Lamp,,,,,,,,,,,,,,,,,,,,,,,,,,,LED Lamp,,,,,,,,,,,,,,,,,,,,,,,,,,,,,,,,,,,,,,,,,,,,,,,,,,,,,,,,,,,,,,,,,,,,,,,,,,,,,,,,,,,,,,,,,,,,,,,,,,,,,,,,,,,,,,,,,,,,,,,,,,,,,,,,,,,,,,,,,,,,,,,,,,,,,,,,,,,,,,,,,,,,,,,,,,,,,,,,,,,,,,,,,,,,FLAG: NEEDS_MANUAL_REVIEW (Low Confidence / Unmapped Taxonomy),,,,,,,,,
no source found,,,,,,,Electrical,Lighting Fixtures,Recessed Lighting,,576306,576306 40W Led A19 5CCT 4pk,,,Philips,Phillips Lighting (5831),Signify (Philips Lighting),Philips,,576306,,Lighting & Electrical>Lamps & Fixtures>Downlights & Troffers,"Signify (Philips Lighting) Philips, LED Lamp, 576306",LED LAMP,Philips 576306 LED Lamp,Philips LED Lamp,LED Lamp,,,,,,,,,,,,,,,,,,,,,,,,,,,LED Lamp,,,,,,,,,,,,,,,,,,,,,,,,,,,,,,,,,,,,,,,,,,,,,,,,,,,,,,,,,,,,,,,,,,,,,,,,,,,,,,,,,,,,,,,,,,,,,,,,,,,,,,,,,,,,,,,,,,,,,,,,,,,,,,,,,,,,,,,,,,,,,,,,,,,,,,,,,,,,,,,,,,,,,,,,,,,,,,,,,,,,,,,,,,,,,,,,,,,,,
no source found,,,,,,,,,,,588533,588533 40W Led Cand 3pk,,,Philips,Phillips Lighting (5831),Signify (Philips Lighting),Philips,,588533,,,"Signify (Philips Lighting) Philips, LED Lamp, 588533",LED LAMP,Philips 588533 LED Lamp,Philips LED Lamp,LED Lamp,,,,,,,,,,,,,,,,,,,,,,,,,,,LED Lamp,,,,,,,,,,,,,,,,,,,,,,,,,,,,,,,,,,,,,,,,,,,,,,,,,,,,,,,,,,,,,,,,,,,,,,,,,,,,,,,,,,,,,,,,,,,,,,,,,,,,,,,,,,,,,,,,,,,,,,,,,,,,,,,,,,,,,,,,,,,,,,,,,,,,,,,,,,,,,,,,,,,,,,,,,,,,,,,,,,,,,,,,,,,,FLAG: NEEDS_MANUAL_REVIEW (Low Confidence / Unmapped Taxonomy),,,,,,,,,
no source found,,,,,,,,,,,576520,576520 65W Led Med 27k,,,Philips,Phillips Lighting (5831),Signify (Philips Lighting),Philips,,576520,,,"Signify (Philips Lighting) Philips, LED Lamp, 576520",LED LAMP,Philips 576520 LED Lamp,Philips LED Lamp,LED Lamp,,,,,,,,,,,,,,,,,,,,,,,,,,,LED Lamp,,,,,,,,,,,,,,,,,,,,,,,,,,,,,,,,,,,,,,,,,,,,,,,,,,,,,,,,,,,,,,,,,,,,,,,,,,,,,,,,,,,,,,,,,,,,,,,,,,,,,,,,,,,,,,,,,,,,,,,,,,,,,,,,,,,,,,,,,,,,,,,,,,,,,,,,,,,,,,,,,,,,,,,,,,,,,,,,,,,,,,,,,,,,FLAG: NEEDS_MANUAL_REVIEW (Low Confidence / Unmapped Taxonomy),,,,,,,,,
no source found,,,,,,,,,,,574004,574004 75W Led ST19 27k 2pk,,,Philips,Phillips Lighting (5831),Signify (Philips Lighting),Philips,,574004,,,"Signify (Philips Lighting) Philips, LED Lamp, 574004",LED LAMP,Philips 574004 LED Lamp,Philips LED Lamp,LED Lamp,,,,,,,,,,,,,,,,,,,,,,,,,,,LED Lamp,,,,,,,,,,,,,,,,,,,,,,,,,,,,,,,,,,,,,,,,,,,,,,,,,,,,,,,,,,,,,,,,,,,,,,,,,,,,,,,,,,,,,,,,,,,,,,,,,,,,,,,,,,,,,,,,,,,,,,,,,,,,,,,,,,,,,,,,,,,,,,,,,,,,,,,,,,,,,,,,,,,,,,,,,,,,,,,,,,,,,,,,,,,,FLAG: NEEDS_MANUAL_REVIEW (Low Confidence / Unmapped Taxonomy),,,,,,,,,
no source found,,,,,,,,,,,574012,574012 75W Led ST19 50k 2pk,,,Philips,Phillips Lighting (5831),Signify (Philips Lighting),Philips,,574012,,,"Signify (Philips Lighting) Philips, LED Lamp, 574012",LED LAMP,Philips 574012 LED Lamp,Philips LED Lamp,LED Lamp,,,,,,,,,,,,,,,,,,,,,,,,,,,LED Lamp,,,,,,,,,,,,,,,,,,,,,,,,,,,,,,,,,,,,,,,,,,,,,,,,,,,,,,,,,,,,,,,,,,,,,,,,,,,,,,,,,,,,,,,,,,,,,,,,,,,,,,,,,,,,,,,,,,,,,,,,,,,,,,,,,,,,,,,,,,,,,,,,,,,,,,,,,,,,,,,,,,,,,,,,,,,,,,,,,,,,,,,,,,,,FLAG: NEEDS_MANUAL_REVIEW (Low Confidence / Unmapped Taxonomy),,,,,,,,,
no source found,,,,,,,,,,,573971,573971 75W Led ST19 20k 4pk,,,Philips,Phillips Lighting (5831),Signify (Philips Lighting),Philips,,573971,,,"Signify (Philips Lighting) Philips, LED Lamp, 573971",LED LAMP,Philips 573971 LED Lamp,Philips LED Lamp,LED Lamp,,,,,,,,,,,,,,,,,,,,,,,,,,,LED Lamp,,,,,,,,,,,,,,,,,,,,,,,,,,,,,,,,,,,,,,,,,,,,,,,,,,,,,,,,,,,,,,,,,,,,,,,,,,,,,,,,,,,,,,,,,,,,,,,,,,,,,,,,,,,,,,,,,,,,,,,,,,,,,,,,,,,,,,,,,,,,,,,,,,,,,,,,,,,,,,,,,,,,,,,,,,,,,,,,,,,,,,,,,,,,FLAG: NEEDS_MANUAL_REVIEW (Low Confidence / Unmapped Taxonomy),,,,,,,,,
no source found,,,,,,,,,,,573989,573989 40W Led Med 27K 4pk,,,Philips,Phillips Lighting (5831),Signify (Philips Lighting),Philips,,573989,,,"Signify (Philips Lighting) Philips, LED Lamp, 573989",LED LAMP,Philips 573989 LED Lamp,Philips LED Lamp,LED Lamp,,,,,,,,,,,,,,,,,,,,,,,,,,,LED Lamp,,,,,,,,,,,,,,,,,,,,,,,,,,,,,,,,,,,,,,,,,,,,,,,,,,,,,,,,,,,,,,,,,,,,,,,,,,,,,,,,,,,,,,,,,,,,,,,,,,,,,,,,,,,,,,,,,,,,,,,,,,,,,,,,,,,,,,,,,,,,,,,,,,,,,,,,,,,,,,,,,,,,,,,,,,,,,,,,,,,,,,,,,,,,FLAG: NEEDS_MANUAL_REVIEW (Low Confidence / Unmapped Taxonomy),,,,,,,,,
no source found,,,,,,,Electrical,Lighting Fixtures,Recessed Lighting,,576769,576769 65W Led BR30 Med 27k,,,Philips,Phillips Lighting (5831),Signify (Philips Lighting),Philips,,576769,,Lighting & Electrical>Lamps & Fixtures>Downlights & Troffers,"Signify (Philips Lighting) Philips, LED Lamp, 576769",LED LAMP,Philips 576769 LED Lamp,Philips LED Lamp,LED Lamp,,,,,,,,,,,,,,,,,,,,,,,,,,,LED Lamp,,,,,,,,,,,,,,,,,,,,,,,,,,,,,,,,,,,,,,,,,,,,,,,,,,,,,,,,,,,,,,,,,,,,,,,,,,,,,,,,,,,,,,,,,,,,,,,,,,,,,,,,,,,,,,,,,,,,,,,,,,,,,,,,,,,,,,,,,,,,,,,,,,,,,,,,,,,,,,,,,,,,,,,,,,,,,,,,,,,,,,,,,,,,,,,,,,,,,
no source found,,,,,,,,,,,567446,567446 60W Led Med 50K 3pk,,,Philips,Phillips Lighting (5831),Signify (Philips Lighting),Philips,,567446,,,"Signify (Philips Lighting) Philips, LED Lamp, 567446",LED LAMP,Philips 567446 LED Lamp,Philips LED Lamp,LED Lamp,,,,,,,,,,,,,,,,,,,,,,,,,,,LED Lamp,,,,,,,,,,,,,,,,,,,,,,,,,,,,,,,,,,,,,,,,,,,,,,,,,,,,,,,,,,,,,,,,,,,,,,,,,,,,,,,,,,,,,,,,,,,,,,,,,,,,,,,,,,,,,,,,,,,,,,,,,,,,,,,,,,,,,,,,,,,,,,,,,,,,,,,,,,,,,,,,,,,,,,,,,,,,,,,,,,,,,,,,,,,,FLAG: NEEDS_MANUAL_REVIEW (Low Confidence / Unmapped Taxonomy),,,,,,,,,
no source found,,,,,,,,,,,573997,573997 40W Led Med 50k 4pk,,,Philips,Phillips Lighting (5831),Signify (Philips Lighting),Philips,,573997,,,"Signify (Philips Lighting) Philips, LED Lamp, 573997",LED LAMP,Philips 573997 LED Lamp,Philips LED Lamp,LED Lamp,,,,,,,,,,,,,,,,,,,,,,,,,,,LED Lamp,,,,,,,,,,,,,,,,,,,,,,,,,,,,,,,,,,,,,,,,,,,,,,,,,,,,,,,,,,,,,,,,,,,,,,,,,,,,,,,,,,,,,,,,,,,,,,,,,,,,,,,,,,,,,,,,,,,,,,,,,,,,,,,,,,,,,,,,,,,,,,,,,,,,,,,,,,,,,,,,,,,,,,,,,,,,,,,,,,,,,,,,,,,,FLAG: NEEDS_MANUAL_REVIEW (Low Confidence / Unmapped Taxonomy),,,,,,,,,
no source found,,,,,,,Electrical,Lighting Fixtures,Recessed Lighting,,571463,571463 100W Led BR30 Med 50k,,,Philips,Phillips Lighting (5831),Signify (Philips Lighting),Philips,,571463,,Lighting & Electrical>Lamps & Fixtures>Downlights & Troffers,"Signify (Philips Lighting) Philips, LED Lamp, 571463",LED LAMP,Philips 571463 LED Lamp,Philips LED Lamp,LED Lamp,,,,,,,,,,,,,,,,,,,,,,,,,,,LED Lamp,,,,,,,,,,,,,,,,,,,,,,,,,,,,,,,,,,,,,,,,,,,,,,,,,,,,,,,,,,,,,,,,,,,,,,,,,,,,,,,,,,,,,,,,,,,,,,,,,,,,,,,,,,,,,,,,,,,,,,,,,,,,,,,,,,,,,,,,,,,,,,,,,,,,,,,,,,,,,,,,,,,,,,,,,,,,,,,,,,,,,,,,,,,,,,,,,,,,,
no source found,,,,,,,Electrical,Lighting Fixtures,Recessed Lighting,,576512,576512 65W Led BR40 Med 27k,,,Philips,Phillips Lighting (5831),Signify (Philips Lighting),Philips,,576512,,Lighting & Electrical>Lamps & Fixtures>Downlights & Troffers,"Signify (Philips Lighting) Philips, LED Lamp, 576512",LED LAMP,Philips 576512 LED Lamp,Philips LED Lamp,LED Lamp,,,,,,,,,,,,,,,,,,,,,,,,,,,LED Lamp,,,,,,,,,,,,,,,,,,,,,,,,,,,,,,,,,,,,,,,,,,,,,,,,,,,,,,,,,,,,,,,,,,,,,,,,,,,,,,,,,,,,,,,,,,,,,,,,,,,,,,,,,,,,,,,,,,,,,,,,,,,,,,,,,,,,,,,,,,,,,,,,,,,,,,,,,,,,,,,,,,,,,,,,,,,,,,,,,,,,,,,,,,,,,,,,,,,,,
no source found,,,,,,,,,,,581181,581181 40W Led Med 2pk,,,Philips,Phillips Lighting (5831),Signify (Philips Lighting),Philips,,581181,,,"Signify (Philips Lighting) Philips, LED Lamp, 581181",LED LAMP,Philips 581181 LED Lamp,Philips LED Lamp,LED Lamp,,,,,,,,,,,,,,,,,,,,,,,,,,,LED Lamp,,,,,,,,,,,,,,,,,,,,,,,,,,,,,,,,,,,,,,,,,,,,,,,,,,,,,,,,,,,,,,,,,,,,,,,,,,,,,,,,,,,,,,,,,,,,,,,,,,,,,,,,,,,,,,,,,,,,,,,,,,,,,,,,,,,,,,,,,,,,,,,,,,,,,,,,,,,,,,,,,,,,,,,,,,,,,,,,,,,,,,,,,,,,FLAG: NEEDS_MANUAL_REVIEW (Low Confidence / Unmapped Taxonomy),,,,,,,,,
no source found,,,,,,,Electrical,Lighting Fixtures,Recessed Lighting,,GT-CB-100C,GTCB100C Led 100W Cob Bulb,,,GT-Lite,Keystone (5702),Keystone Technologies,Keystone,,GT-CB-100C,,Lighting & Electrical>Lamps & Fixtures>Downlights & Troffers,"Keystone Technologies Keystone, LED Lamp, GT-CB-100C",LED LAMP,Keystone GT-CB-100C LED Lamp,Keystone LED Lamp,LED Lamp,,,,,,,,,,,,,,,,,,,,,,,,,,,LED Lamp,,,,,,,,,,,,,,,,,,,,,,,,,,,,,,,,,,,,,,,,,,,,,,,,,,,,,,,,,,,,,,,,,,,,,,,,,,,,,,,,,,,,,,,,,,,,,,,,,,,,,,,,,,,,,,,,,,,,,,,,,,,,,,,,,,,,,,,,,,,,,,,,,,,,,,,,,,,,,,,,,,,,,,,,,,,,,,,,,,,,,,,,,,,,,,,,,,,,,
no source found,,,,,,,,,,,566430,566430 75W Led Med 50k 4pk,,,Philips,Phillips Lighting (5831),Signify (Philips Lighting),Philips,,566430,,,"Signify (Philips Lighting) Philips, LED Lamp, 566430",LED LAMP,Philips 566430 LED Lamp,Philips LED Lamp,LED Lamp,,,,,,,,,,,,,,,,,,,,,,,,,,,LED Lamp,,,,,,,,,,,,,,,,,,,,,,,,,,,,,,,,,,,,,,,,,,,,,,,,,,,,,,,,,,,,,,,,,,,,,,,,,,,,,,,,,,,,,,,,,,,,,,,,,,,,,,,,,,,,,,,,,,,,,,,,,,,,,,,,,,,,,,,,,,,,,,,,,,,,,,,,,,,,,,,,,,,,,,,,,,,,,,,,,,,,,,,,,,,,FLAG: NEEDS_MANUAL_REVIEW (Low Confidence / Unmapped Taxonomy),,,,,,,,,
no source found,,,,,,,Electrical,Lighting Fixtures,Recessed Lighting,,568337,568337 120W Led Par38 Med 50k,,,Philips,Phillips Lighting (5831),Signify (Philips Lighting),Philips,,568337,,Lighting & Electrical>Lamps & Fixtures>Downlights & Troffers,"Signify (Philips Lighting) Philips, LED Lamp, 568337",LED LAMP,Philips 568337 LED Lamp,Philips LED Lamp,LED Lamp,,,,,,,,,,,,,,,,,,,,,,,,,,,LED Lamp,,,,,,,,,,,,,,,,,,,,,,,,,,,,,,,,,,,,,,,,,,,,,,,,,,,,,,,,,,,,,,,,,,,,,,,,,,,,,,,,,,,,,,,,,,,,,,,,,,,,,,,,,,,,,,,,,,,,,,,,,,,,,,,,,,,,,,,,,,,,,,,,,,,,,,,,,,,,,,,,,,,,,,,,,,,,,,,,,,,,,,,,,,,,,,,,,,,,,
no source found,,,,,,,Electrical,Lighting Fixtures,Recessed Lighting,,565788,565788 40W Led A19 Med 27k,,,Philips,Phillips Lighting (5831),Signify (Philips Lighting),Philips,,565788,,Lighting & Electrical>Lamps & Fixtures>Downlights & Troffers,"Signify (Philips Lighting) Philips, LED Lamp, 565788",LED LAMP,Philips 565788 LED Lamp,Philips LED Lamp,LED Lamp,,,,,,,,,,,,,,,,,,,,,,,,,,,LED Lamp,,,,,,,,,,,,,,,,,,,,,,,,,,,,,,,,,,,,,,,,,,,,,,,,,,,,,,,,,,,,,,,,,,,,,,,,,,,,,,,,,,,,,,,,,,,,,,,,,,,,,,,,,,,,,,,,,,,,,,,,,,,,,,,,,,,,,,,,,,,,,,,,,,,,,,,,,,,,,,,,,,,,,,,,,,,,,,,,,,,,,,,,,,,,,,,,,,,,,
no source found,,,,,,,Electrical,Lighting Fixtures,Recessed Lighting,,565770,565770 40W Led A19 Med 50k,,,Philips,Phillips Lighting (5831),Signify (Philips Lighting),Philips,,565770,,Lighting & Electrical>Lamps & Fixtures>Downlights & Troffers,"Signify (Philips Lighting) Philips, LED Lamp, 565770",LED LAMP,Philips 565770 LED Lamp,Philips LED Lamp,LED Lamp,,,,,,,,,,,,,,,,,,,,,,,,,,,LED Lamp,,,,,,,,,,,,,,,,,,,,,,,,,,,,,,,,,,,,,,,,,,,,,,,,,,,,,,,,,,,,,,,,,,,,,,,,,,,,,,,,,,,,,,,,,,,,,,,,,,,,,,,,,,,,,,,,,,,,,,,,,,,,,,,,,,,,,,,,,,,,,,,,,,,,,,,,,,,,,,,,,,,,,,,,,,,,,,,,,,,,,,,,,,,,,,,,,,,,,
no source found,,,,,,,Electrical,Lighting Fixtures,Recessed Lighting,,573436,573436 60W Led A19 Med 27k 2pk,,,Philips,Phillips Lighting (5831),Signify (Philips Lighting),Philips,,573436,,Lighting & Electrical>Lamps & Fixtures>Downlights & Troffers,"Signify (Philips Lighting) Philips, LED Lamp, 573436",LED LAMP,Philips 573436 LED Lamp,Philips LED Lamp,LED Lamp,,,,,,,,,,,,,,,,,,,,,,,,,,,LED Lamp,,,,,,,,,,,,,,,,,,,,,,,,,,,,,,,,,,,,,,,,,,,,,,,,,,,,,,,,,,,,,,,,,,,,,,,,,,,,,,,,,,,,,,,,,,,,,,,,,,,,,,,,,,,,,,,,,,,,,,,,,,,,,,,,,,,,,,,,,,,,,,,,,,,,,,,,,,,,,,,,,,,,,,,,,,,,,,,,,,,,,,,,,,,,,,,,,,,,,
no source found,,,,,,,Electrical,Lighting Fixtures,Recessed Lighting,,576538,576538 65W Led BR30 Med 50k,,,Philips,Phillips Lighting (5831),Signify (Philips Lighting),Philips,,576538,,Lighting & Electrical>Lamps & Fixtures>Downlights & Troffers,"Signify (Philips Lighting) Philips, LED Lamp, 576538",LED LAMP,Philips 576538 LED Lamp,Philips LED Lamp,LED Lamp,,,,,,,,,,,,,,,,,,,,,,,,,,,LED Lamp,,,,,,,,,,,,,,,,,,,,,,,,,,,,,,,,,,,,,,,,,,,,,,,,,,,,,,,,,,,,,,,,,,,,,,,,,,,,,,,,,,,,,,,,,,,,,,,,,,,,,,,,,,,,,,,,,,,,,,,,,,,,,,,,,,,,,,,,,,,,,,,,,,,,,,,,,,,,,,,,,,,,,,,,,,,,,,,,,,,,,,,,,,,,,,,,,,,,,
no source found,,,,,,,,,,,573451,573451 40W Led Med 27k 2pk,,,Philips,Phillips Lighting (5831),Signify (Philips Lighting),Philips,,573451,,,"Signify (Philips Lighting) Philips, LED Lamp, 573451",LED LAMP,Philips 573451 LED Lamp,Philips LED Lamp,LED Lamp,,,,,,,,,,,,,,,,,,,,,,,,,,,LED Lamp,,,,,,,,,,,,,,,,,,,,,,,,,,,,,,,,,,,,,,,,,,,,,,,,,,,,,,,,,,,,,,,,,,,,,,,,,,,,,,,,,,,,,,,,,,,,,,,,,,,,,,,,,,,,,,,,,,,,,,,,,,,,,,,,,,,,,,,,,,,,,,,,,,,,,,,,,,,,,,,,,,,,,,,,,,,,,,,,,,,,,,,,,,,,FLAG: NEEDS_MANUAL_REVIEW (Low Confidence / Unmapped Taxonomy),,,,,,,,,
no source found,,,,,,,,,,,586883,586883 100W Led Multi CCT 2pk,,,Philips,Phillips Lighting (5831),Signify (Philips Lighting),Philips,,586883,,,"Signify (Philips Lighting) Philips, LED Lamp, 586883",LED LAMP,Philips 586883 LED Lamp,Philips LED Lamp,LED Lamp,,,,,,,,,,,,,,,,,,,,,,,,,,,LED Lamp,,,,,,,,,,,,,,,,,,,,,,,,,,,,,,,,,,,,,,,,,,,,,,,,,,,,,,,,,,,,,,,,,,,,,,,,,,,,,,,,,,,,,,,,,,,,,,,,,,,,,,,,,,,,,,,,,,,,,,,,,,,,,,,,,,,,,,,,,,,,,,,,,,,,,,,,,,,,,,,,,,,,,,,,,,,,,,,,,,,,,,,,,,,,FLAG: NEEDS_MANUAL_REVIEW (Low Confidence / Unmapped Taxonomy),,,,,,,,,
no source found,,,,,,,,,,,586859,586859 40W Led Med 27K Back Up,,,Philips,Phillips Lighting (5831),Signify (Philips Lighting),Philips,,586859,,,"Signify (Philips Lighting) Philips, LED Lamp, 586859",LED LAMP,Philips 586859 LED Lamp,Philips LED Lamp,LED Lamp,,,,,,,,,,,,,,,,,,,,,,,,,,,LED Lamp,,,,,,,,,,,,,,,,,,,,,,,,,,,,,,,,,,,,,,,,,,,,,,,,,,,,,,,,,,,,,,,,,,,,,,,,,,,,,,,,,,,,,,,,,,,,,,,,,,,,,,,,,,,,,,,,,,,,,,,,,,,,,,,,,,,,,,,,,,,,,,,,,,,,,,,,,,,,,,,,,,,,,,,,,,,,,,,,,,,,,,,,,,,,FLAG: NEEDS_MANUAL_REVIEW (Low Confidence / Unmapped Taxonomy),,,,,,,,,
no source found,,,,,,,,,,,576488,576488 45W Led R20 Med 50k,,,Philips,Phillips Lighting (5831),Signify (Philips Lighting),Philips,,576488,,,"Signify (Philips Lighting) Philips, LED Lamp, 576488",LED LAMP,Philips 576488 LED Lamp,Philips LED Lamp,LED Lamp,,,,,,,,,,,,,,,,,,,,,,,,,,,LED Lamp,,,,,,,,,,,,,,,,,,,,,,,,,,,,,,,,,,,,,,,,,,,,,,,,,,,,,,,,,,,,,,,,,,,,,,,,,,,,,,,,,,,,,,,,,,,,,,,,,,,,,,,,,,,,,,,,,,,,,,,,,,,,,,,,,,,,,,,,,,,,,,,,,,,,,,,,,,,,,,,,,,,,,,,,,,,,,,,,,,,,,,,,,,,,FLAG: NEEDS_MANUAL_REVIEW (Low Confidence / Unmapped Taxonomy),,,,,,,,,
no source found,,,,,,,,,,,575217,575217 60W Led Med 50k 2pk,,,Philips,Phillips Lighting (5831),Signify (Philips Lighting),Philips,,575217,,,"Signify (Philips Lighting) Philips, LED Lamp, 575217",LED LAMP,Philips 575217 LED Lamp,Philips LED Lamp,LED Lamp,,,,,,,,,,,,,,,,,,,,,,,,,,,LED Lamp,,,,,,,,,,,,,,,,,,,,,,,,,,,,,,,,,,,,,,,,,,,,,,,,,,,,,,,,,,,,,,,,,,,,,,,,,,,,,,,,,,,,,,,,,,,,,,,,,,,,,,,,,,,,,,,,,,,,,,,,,,,,,,,,,,,,,,,,,,,,,,,,,,,,,,,,,,,,,,,,,,,,,,,,,,,,,,,,,,,,,,,,,,,,FLAG: NEEDS_MANUAL_REVIEW (Low Confidence / Unmapped Taxonomy),,,,,,,,,
no source found,,,,,,,,,,,586479,586479 90W Led Med Multi CCT,,,Philips,Phillips Lighting (5831),Signify (Philips Lighting),Philips,,586479,,,"Signify (Philips Lighting) Philips, LED Lamp, 586479",LED LAMP,Philips 586479 LED Lamp,Philips LED Lamp,LED Lamp,,,,,,,,,,,,,,,,,,,,,,,,,,,LED Lamp,,,,,,,,,,,,,,,,,,,,,,,,,,,,,,,,,,,,,,,,,,,,,,,,,,,,,,,,,,,,,,,,,,,,,,,,,,,,,,,,,,,,,,,,,,,,,,,,,,,,,,,,,,,,,,,,,,,,,,,,,,,,,,,,,,,,,,,,,,,,,,,,,,,,,,,,,,,,,,,,,,,,,,,,,,,,,,,,,,,,,,,,,,,,FLAG: NEEDS_MANUAL_REVIEW (Low Confidence / Unmapped Taxonomy),,,,,,,,,
no source found,,,,,,,Electrical,Lighting Fixtures,Recessed Lighting,,571471,571471 100W Led BR30 Med 27k,,,Philips,Phillips Lighting (5831),Signify (Philips Lighting),Philips,,571471,,Lighting & Electrical>Lamps & Fixtures>Downlights & Troffers,"Signify (Philips Lighting) Philips, LED Lamp, 571471",LED LAMP,Philips 571471 LED Lamp,Philips LED Lamp,LED Lamp,,,,,,,,,,,,,,,,,,,,,,,,,,,LED Lamp,,,,,,,,,,,,,,,,,,,,,,,,,,,,,,,,,,,,,,,,,,,,,,,,,,,,,,,,,,,,,,,,,,,,,,,,,,,,,,,,,,,,,,,,,,,,,,,,,,,,,,,,,,,,,,,,,,,,,,,,,,,,,,,,,,,,,,,,,,,,,,,,,,,,,,,,,,,,,,,,,,,,,,,,,,,,,,,,,,,,,,,,,,,,,,,,,,,,,
no source found,,,,,,,,,,,570762,570762 50W Led Par16 30k 3pk,,,Philips,Phillips Lighting (5831),Signify (Philips Lighting),Philips,,570762,,,"Signify (Philips Lighting) Philips, LED Lamp, 570762",LED LAMP,Philips 570762 LED Lamp,Philips LED Lamp,LED Lamp,,,,,,,,,,,,,,,,,,,,,,,,,,,LED Lamp,,,,,,,,,,,,,,,,,,,,,,,,,,,,,,,,,,,,,,,,,,,,,,,,,,,,,,,,,,,,,,,,,,,,,,,,,,,,,,,,,,,,,,,,,,,,,,,,,,,,,,,,,,,,,,,,,,,,,,,,,,,,,,,,,,,,,,,,,,,,,,,,,,,,,,,,,,,,,,,,,,,,,,,,,,,,,,,,,,,,,,,,,,,,FLAG: NEEDS_MANUAL_REVIEW (Low Confidence / Unmapped Taxonomy),,,,,,,,,
no source found,,,,,,,,,,,533352,571505 150W Led Med 50k,,,Philips,Phillips Lighting (5831),Signify (Philips Lighting),Philips,,533352,,,"Signify (Philips Lighting) Philips, LED Lamp, 533352",LED LAMP,Philips 533352 LED Lamp,Philips LED Lamp,LED Lamp,,,,,,,,,,,,,,,,,,,,,,,,,,,LED Lamp,,,,,,,,,,,,,,,,,,,,,,,,,,,,,,,,,,,,,,,,,,,,,,,,,,,,,,,,,,,,,,,,,,,,,,,,,,,,,,,,,,,,,,,,,,,,,,,,,,,,,,,,,,,,,,,,,,,,,,,,,,,,,,,,,,,,,,,,,,,,,,,,,,,,,,,,,,,,,,,,,,,,,,,,,,,,,,,,,,,,,,,,,,,,FLAG: NEEDS_MANUAL_REVIEW (Low Confidence / Unmapped Taxonomy),,,,,,,,,
no source found,,,,,,,,,,,573519,573519 100W Led A21 27k 2pk,,,Philips,Phillips Lighting (5831),Signify (Philips Lighting),Philips,,573519,,,"Signify (Philips Lighting) Philips, LED Lamp, 573519",LED LAMP,Philips 573519 LED Lamp,Philips LED Lamp,LED Lamp,,,,,,,,,,,,,,,,,,,,,,,,,,,LED Lamp,,,,,,,,,,,,,,,,,,,,,,,,,,,,,,,,,,,,,,,,,,,,,,,,,,,,,,,,,,,,,,,,,,,,,,,,,,,,,,,,,,,,,,,,,,,,,,,,,,,,,,,,,,,,,,,,,,,,,,,,,,,,,,,,,,,,,,,,,,,,,,,,,,,,,,,,,,,,,,,,,,,,,,,,,,,,,,,,,,,,,,,,,,,,FLAG: NEEDS_MANUAL_REVIEW (Low Confidence / Unmapped Taxonomy),,,,,,,,,
no source found,,,,,,,,,,,573378,573378 60W Led Med 27k 3pk,,,Philips,Phillips Lighting (5831),Signify (Philips Lighting),Philips,,573378,,,"Signify (Philips Lighting) Philips, LED Lamp, 573378",LED LAMP,Philips 573378 LED Lamp,Philips LED Lamp,LED Lamp,,,,,,,,,,,,,,,,,,,,,,,,,,,LED Lamp,,,,,,,,,,,,,,,,,,,,,,,,,,,,,,,,,,,,,,,,,,,,,,,,,,,,,,,,,,,,,,,,,,,,,,,,,,,,,,,,,,,,,,,,,,,,,,,,,,,,,,,,,,,,,,,,,,,,,,,,,,,,,,,,,,,,,,,,,,,,,,,,,,,,,,,,,,,,,,,,,,,,,,,,,,,,,,,,,,,,,,,,,,,,FLAG: NEEDS_MANUAL_REVIEW (Low Confidence / Unmapped Taxonomy),,,,,,,,,
no source found,,,,,,,,,,,565622,565622 60W Led Med 20k,,,Philips,Phillips Lighting (5831),Signify (Philips Lighting),Philips,,565622,,,"Signify (Philips Lighting) Philips, LED Lamp, 565622",LED LAMP,Philips 565622 LED Lamp,Philips LED Lamp,LED Lamp,,,,,,,,,,,,,,,,,,,,,,,,,,,LED Lamp,,,,,,,,,,,,,,,,,,,,,,,,,,,,,,,,,,,,,,,,,,,,,,,,,,,,,,,,,,,,,,,,,,,,,,,,,,,,,,,,,,,,,,,,,,,,,,,,,,,,,,,,,,,,,,,,,,,,,,,,,,,,,,,,,,,,,,,,,,,,,,,,,,,,,,,,,,,,,,,,,,,,,,,,,,,,,,,,,,,,,,,,,,,,FLAG: NEEDS_MANUAL_REVIEW (Low Confidence / Unmapped Taxonomy),,,,,,,,,
no source found,,,,,,,Electrical,Lighting Fixtures,Recessed Lighting,,586891,586891 Led 60W Med A19 27k,,,Philips,Phillips Lighting (5831),Signify (Philips Lighting),Philips,,586891,,Lighting & Electrical>Lamps & Fixtures>Downlights & Troffers,"Signify (Philips Lighting) Philips, LED Lamp, 586891",LED LAMP,Philips 586891 LED Lamp,Philips LED Lamp,LED Lamp,,,,,,,,,,,,,,,,,,,,,,,,,,,LED Lamp,,,,,,,,,,,,,,,,,,,,,,,,,,,,,,,,,,,,,,,,,,,,,,,,,,,,,,,,,,,,,,,,,,,,,,,,,,,,,,,,,,,,,,,,,,,,,,,,,,,,,,,,,,,,,,,,,,,,,,,,,,,,,,,,,,,,,,,,,,,,,,,,,,,,,,,,,,,,,,,,,,,,,,,,,,,,,,,,,,,,,,,,,,,,,,,,,,,,,
no source found,,,,,,,,,,,585448,585448 120W Led Motion Bulb,,,Philips,Phillips Lighting (5831),Signify (Philips Lighting),Philips,,585448,,,"Signify (Philips Lighting) Philips, LED Lamp, 585448",LED LAMP,Philips 585448 LED Lamp,Philips LED Lamp,LED Lamp,,,,,,,,,,,,,,,,,,,,,,,,,,,LED Lamp,,,,,,,,,,,,,,,,,,,,,,,,,,,,,,,,,,,,,,,,,,,,,,,,,,,,,,,,,,,,,,,,,,,,,,,,,,,,,,,,,,,,,,,,,,,,,,,,,,,,,,,,,,,,,,,,,,,,,,,,,,,,,,,,,,,,,,,,,,,,,,,,,,,,,,,,,,,,,,,,,,,,,,,,,,,,,,,,,,,,,,,,,,,,FLAG: NEEDS_MANUAL_REVIEW (Low Confidence / Unmapped Taxonomy),,,,,,,,,
no source found,,,,,,,Electrical,Lighting Fixtures,Recessed Lighting,,573444,573444 60W Led A19 Med 50k 2pk,,,Philips,Phillips Lighting (5831),Signify (Philips Lighting),Philips,,573444,,Lighting & Electrical>Lamps & Fixtures>Downlights & Troffers,"Signify (Philips Lighting) Philips, LED Lamp, 573444",LED LAMP,Philips 573444 LED Lamp,Philips LED Lamp,LED Lamp,,,,,,,,,,,,,,,,,,,,,,,,,,,LED Lamp,,,,,,,,,,,,,,,,,,,,,,,,,,,,,,,,,,,,,,,,,,,,,,,,,,,,,,,,,,,,,,,,,,,,,,,,,,,,,,,,,,,,,,,,,,,,,,,,,,,,,,,,,,,,,,,,,,,,,,,,,,,,,,,,,,,,,,,,,,,,,,,,,,,,,,,,,,,,,,,,,,,,,,,,,,,,,,,,,,,,,,,,,,,,,,,,,,,,,
no source found,,,,,,,,,,,566687,566687 60W Cand Led 27k 3pk,,,Philips,Phillips Lighting (5831),Signify (Philips Lighting),Philips,,566687,,,"Signify (Philips Lighting) Philips, LED Lamp, 566687",LED LAMP,Philips 566687 LED Lamp,Philips LED Lamp,LED Lamp,,,,,,,,,,,,,,,,,,,,,,,,,,,LED Lamp,,,,,,,,,,,,,,,,,,,,,,,,,,,,,,,,,,,,,,,,,,,,,,,,,,,,,,,,,,,,,,,,,,,,,,,,,,,,,,,,,,,,,,,,,,,,,,,,,,,,,,,,,,,,,,,,,,,,,,,,,,,,,,,,,,,,,,,,,,,,,,,,,,,,,,,,,,,,,,,,,,,,,,,,,,,,,,,,,,,,,,,,,,,,FLAG: NEEDS_MANUAL_REVIEW (Low Confidence / Unmapped Taxonomy),,,,,,,,,
no source found,,,,,,,,,,,564385,564385 40w Led Med 27k 2pk,,,Philips,Phillips Lighting (5831),Signify (Philips Lighting),Philips,,564385,,,"Signify (Philips Lighting) Philips, LED Lamp, 564385",LED LAMP,Philips 564385 LED Lamp,Philips LED Lamp,LED Lamp,,,,,,,,,,,,,,,,,,,,,,,,,,,LED Lamp,,,,,,,,,,,,,,,,,,,,,,,,,,,,,,,,,,,,,,,,,,,,,,,,,,,,,,,,,,,,,,,,,,,,,,,,,,,,,,,,,,,,,,,,,,,,,,,,,,,,,,,,,,,,,,,,,,,,,,,,,,,,,,,,,,,,,,,,,,,,,,,,,,,,,,,,,,,,,,,,,,,,,,,,,,,,,,,,,,,,,,,,,,,,FLAG: NEEDS_MANUAL_REVIEW (Low Confidence / Unmapped Taxonomy),,,,,,,,,
no source found,,,,,,,,,,,566661,566661 40W LED Cand 27k 3pk,,,Philips,Phillips Lighting (5831),Signify (Philips Lighting),Philips,,566661,,,"Signify (Philips Lighting) Philips, LED Lamp, 566661",LED LAMP,Philips 566661 LED Lamp,Philips LED Lamp,LED Lamp,,,,,,,,,,,,,,,,,,,,,,,,,,,LED Lamp,,,,,,,,,,,,,,,,,,,,,,,,,,,,,,,,,,,,,,,,,,,,,,,,,,,,,,,,,,,,,,,,,,,,,,,,,,,,,,,,,,,,,,,,,,,,,,,,,,,,,,,,,,,,,,,,,,,,,,,,,,,,,,,,,,,,,,,,,,,,,,,,,,,,,,,,,,,,,,,,,,,,,,,,,,,,,,,,,,,,,,,,,,,,FLAG: NEEDS_MANUAL_REVIEW (Low Confidence / Unmapped Taxonomy),,,,,,,,,
no source found,,,,,,,,,,,564898,564898 60W Cand Led 50k 3pk,,,Philips,Phillips Lighting (5831),Signify (Philips Lighting),Philips,,564898,,,"Signify (Philips Lighting) Philips, LED Lamp, 564898",LED LAMP,Philips 564898 LED Lamp,Philips LED Lamp,LED Lamp,,,,,,,,,,,,,,,,,,,,,,,,,,,LED Lamp,,,,,,,,,,,,,,,,,,,,,,,,,,,,,,,,,,,,,,,,,,,,,,,,,,,,,,,,,,,,,,,,,,,,,,,,,,,,,,,,,,,,,,,,,,,,,,,,,,,,,,,,,,,,,,,,,,,,,,,,,,,,,,,,,,,,,,,,,,,,,,,,,,,,,,,,,,,,,,,,,,,,,,,,,,,,,,,,,,,,,,,,,,,,FLAG: NEEDS_MANUAL_REVIEW (Low Confidence / Unmapped Taxonomy),,,,,,,,,
no source found,,,,,,,,,,,538319,588525 40W Led Cand 3pk,,,Philips,Phillips Lighting (5831),Signify (Philips Lighting),Philips,,538319,,,"Signify (Philips Lighting) Philips, LED Lamp, 538319",LED LAMP,Philips 538319 LED Lamp,Philips LED Lamp,LED Lamp,,,,,,,,,,,,,,,,,,,,,,,,,,,LED Lamp,,,,,,,,,,,,,,,,,,,,,,,,,,,,,,,,,,,,,,,,,,,,,,,,,,,,,,,,,,,,,,,,,,,,,,,,,,,,,,,,,,,,,,,,,,,,,,,,,,,,,,,,,,,,,,,,,,,,,,,,,,,,,,,,,,,,,,,,,,,,,,,,,,,,,,,,,,,,,,,,,,,,,,,,,,,,,,,,,,,,,,,,,,,,FLAG: NEEDS_MANUAL_REVIEW (Low Confidence / Unmapped Taxonomy),,,,,,,,,
no source found,,,,,,,,,,,576009,576009 100W Led Par30L Med 50k,,,Philips,Phillips Lighting (5831),Signify (Philips Lighting),Philips,,576009,,,"Signify (Philips Lighting) Philips, LED Lamp, 576009",LED LAMP,Philips 576009 LED Lamp,Philips LED Lamp,LED Lamp,,,,,,,,,,,,,,,,,,,,,,,,,,,LED Lamp,,,,,,,,,,,,,,,,,,,,,,,,,,,,,,,,,,,,,,,,,,,,,,,,,,,,,,,,,,,,,,,,,,,,,,,,,,,,,,,,,,,,,,,,,,,,,,,,,,,,,,,,,,,,,,,,,,,,,,,,,,,,,,,,,,,,,,,,,,,,,,,,,,,,,,,,,,,,,,,,,,,,,,,,,,,,,,,,,,,,,,,,,,,,FLAG: NEEDS_MANUAL_REVIEW (Low Confidence / Unmapped Taxonomy),,,,,,,,,
no source found,,,,,,,,,,,564450,564450 40W Led Cand 27k 2pk,,,Philips,Phillips Lighting (5831),Signify (Philips Lighting),Philips,,564450,,,"Signify (Philips Lighting) Philips, LED Lamp, 564450",LED LAMP,Philips 564450 LED Lamp,Philips LED Lamp,LED Lamp,,,,,,,,,,,,,,,,,,,,,,,,,,,LED Lamp,,,,,,,,,,,,,,,,,,,,,,,,,,,,,,,,,,,,,,,,,,,,,,,,,,,,,,,,,,,,,,,,,,,,,,,,,,,,,,,,,,,,,,,,,,,,,,,,,,,,,,,,,,,,,,,,,,,,,,,,,,,,,,,,,,,,,,,,,,,,,,,,,,,,,,,,,,,,,,,,,,,,,,,,,,,,,,,,,,,,,,,,,,,,FLAG: NEEDS_MANUAL_REVIEW (Low Confidence / Unmapped Taxonomy),,,,,,,,,
no source found,,,,,,,,,,,572669,572669 60W Led F15 Med 27k,,,Philips,Phillips Lighting (5831),Signify (Philips Lighting),Philips,,572669,,,"Signify (Philips Lighting) Philips, LED Lamp, 572669",LED LAMP,Philips 572669 LED Lamp,Philips LED Lamp,LED Lamp,,,,,,,,,,,,,,,,,,,,,,,,,,,LED Lamp,,,,,,,,,,,,,,,,,,,,,,,,,,,,,,,,,,,,,,,,,,,,,,,,,,,,,,,,,,,,,,,,,,,,,,,,,,,,,,,,,,,,,,,,,,,,,,,,,,,,,,,,,,,,,,,,,,,,,,,,,,,,,,,,,,,,,,,,,,,,,,,,,,,,,,,,,,,,,,,,,,,,,,,,,,,,,,,,,,,,,,,,,,,,FLAG: NEEDS_MANUAL_REVIEW (Low Confidence / Unmapped Taxonomy),,,,,,,,,
no source found,,,,,,,,,,,564906,564906 60W Led Med 27k 2pk,,,Philips,Phillips Lighting (5831),Signify (Philips Lighting),Philips,,564906,,,"Signify (Philips Lighting) Philips, LED Lamp, 564906",LED LAMP,Philips 564906 LED Lamp,Philips LED Lamp,LED Lamp,,,,,,,,,,,,,,,,,,,,,,,,,,,LED Lamp,,,,,,,,,,,,,,,,,,,,,,,,,,,,,,,,,,,,,,,,,,,,,,,,,,,,,,,,,,,,,,,,,,,,,,,,,,,,,,,,,,,,,,,,,,,,,,,,,,,,,,,,,,,,,,,,,,,,,,,,,,,,,,,,,,,,,,,,,,,,,,,,,,,,,,,,,,,,,,,,,,,,,,,,,,,,,,,,,,,,,,,,,,,,FLAG: NEEDS_MANUAL_REVIEW (Low Confidence / Unmapped Taxonomy),,,,,,,,,
no source found,,,,,,,Electrical,Lighting Fixtures,Recessed Lighting,,573410,573410 40W Led A19 Med 27k 2pk,,,Philips,Phillips Lighting (5831),Signify (Philips Lighting),Philips,,573410,,Lighting & Electrical>Lamps & Fixtures>Downlights & Troffers,"Signify (Philips Lighting) Philips, LED Lamp, 573410",LED LAMP,Philips 573410 LED Lamp,Philips LED Lamp,LED Lamp,,,,,,,,,,,,,,,,,,,,,,,,,,,LED Lamp,,,,,,,,,,,,,,,,,,,,,,,,,,,,,,,,,,,,,,,,,,,,,,,,,,,,,,,,,,,,,,,,,,,,,,,,,,,,,,,,,,,,,,,,,,,,,,,,,,,,,,,,,,,,,,,,,,,,,,,,,,,,,,,,,,,,,,,,,,,,,,,,,,,,,,,,,,,,,,,,,,,,,,,,,,,,,,,,,,,,,,,,,,,,,,,,,,,,,
no source found,,,,,,,Electrical,Lighting Fixtures,Recessed Lighting,,576504,576504 65W Led BR40 Med 50k,,,Philips,Phillips Lighting (5831),Signify (Philips Lighting),Philips,,576504,,Lighting & Electrical>Lamps & Fixtures>Downlights & Troffers,"Signify (Philips Lighting) Philips, LED Lamp, 576504",LED LAMP,Philips 576504 LED Lamp,Philips LED Lamp,LED Lamp,,,,,,,,,,,,,,,,,,,,,,,,,,,LED Lamp,,,,,,,,,,,,,,,,,,,,,,,,,,,,,,,,,,,,,,,,,,,,,,,,,,,,,,,,,,,,,,,,,,,,,,,,,,,,,,,,,,,,,,,,,,,,,,,,,,,,,,,,,,,,,,,,,,,,,,,,,,,,,,,,,,,,,,,,,,,,,,,,,,,,,,,,,,,,,,,,,,,,,,,,,,,,,,,,,,,,,,,,,,,,,,,,,,,,,
no source found,,,,,,,,,,,576017,576017 100W Led Par30L Med 30k,,,Philips,Phillips Lighting (5831),Signify (Philips Lighting),Philips,,576017,,,"Signify (Philips Lighting) Philips, LED Lamp, 576017",LED LAMP,Philips 576017 LED Lamp,Philips LED Lamp,LED Lamp,,,,,,,,,,,,,,,,,,,,,,,,,,,LED Lamp,,,,,,,,,,,,,,,,,,,,,,,,,,,,,,,,,,,,,,,,,,,,,,,,,,,,,,,,,,,,,,,,,,,,,,,,,,,,,,,,,,,,,,,,,,,,,,,,,,,,,,,,,,,,,,,,,,,,,,,,,,,,,,,,,,,,,,,,,,,,,,,,,,,,,,,,,,,,,,,,,,,,,,,,,,,,,,,,,,,,,,,,,,,,FLAG: NEEDS_MANUAL_REVIEW (Low Confidence / Unmapped Taxonomy),,,,,,,,,
no source found,,,,,,,,,,,574392,574392 40W Led B11 Med 27k 3pk,,,Philips,Phillips Lighting (5831),Signify (Philips Lighting),Philips,,574392,,,"Signify (Philips Lighting) Philips, LED Lamp, 574392",LED LAMP,Philips 574392 LED Lamp,Philips LED Lamp,LED Lamp,,,,,,,,,,,,,,,,,,,,,,,,,,,LED Lamp,,,,,,,,,,,,,,,,,,,,,,,,,,,,,,,,,,,,,,,,,,,,,,,,,,,,,,,,,,,,,,,,,,,,,,,,,,,,,,,,,,,,,,,,,,,,,,,,,,,,,,,,,,,,,,,,,,,,,,,,,,,,,,,,,,,,,,,,,,,,,,,,,,,,,,,,,,,,,,,,,,,,,,,,,,,,,,,,,,,,,,,,,,,,FLAG: NEEDS_MANUAL_REVIEW (Low Confidence / Unmapped Taxonomy),,,,,,,,,
no source found,,,,,,,Electrical,Lighting Fixtures,Recessed Lighting,,576751,576751 65W Led BR30 Med 3pk,,,Philips,Phillips Lighting (5831),Signify (Philips Lighting),Philips,,576751,,Lighting & Electrical>Lamps & Fixtures>Downlights & Troffers,"Signify (Philips Lighting) Philips, LED Lamp, 576751",LED LAMP,Philips 576751 LED Lamp,Philips LED Lamp,LED Lamp,,,,,,,,,,,,,,,,,,,,,,,,,,,LED Lamp,,,,,,,,,,,,,,,,,,,,,,,,,,,,,,,,,,,,,,,,,,,,,,,,,,,,,,,,,,,,,,,,,,,,,,,,,,,,,,,,,,,,,,,,,,,,,,,,,,,,,,,,,,,,,,,,,,,,,,,,,,,,,,,,,,,,,,,,,,,,,,,,,,,,,,,,,,,,,,,,,,,,,,,,,,,,,,,,,,,,,,,,,,,,,,,,,,,,,
no source found,,,,,,,Electrical,Lighting Fixtures,Recessed Lighting,,583161,583161 Led 65W Med BR30 3pk,,,Philips,Phillips Lighting (5831),Signify (Philips Lighting),Philips,,583161,,Lighting & Electrical>Lamps & Fixtures>Downlights & Troffers,"Signify (Philips Lighting) Philips, LED Lamp, 583161",LED LAMP,Philips 583161 LED Lamp,Philips LED Lamp,LED Lamp,,,,,,,,,,,,,,,,,,,,,,,,,,,LED Lamp,,,,,,,,,,,,,,,,,,,,,,,,,,,,,,,,,,,,,,,,,,,,,,,,,,,,,,,,,,,,,,,,,,,,,,,,,,,,,,,,,,,,,,,,,,,,,,,,,,,,,,,,,,,,,,,,,,,,,,,,,,,,,,,,,,,,,,,,,,,,,,,,,,,,,,,,,,,,,,,,,,,,,,,,,,,,,,,,,,,,,,,,,,,,,,,,,,,,,
no source found,,,,,,,,,,,566695,566695 60W Led Med 27k 3pk,,,Philips,Phillips Lighting (5831),Signify (Philips Lighting),Philips,,566695,,,"Signify (Philips Lighting) Philips, LED Lamp, 566695",LED LAMP,Philips 566695 LED Lamp,Philips LED Lamp,LED Lamp,,,,,,,,,,,,,,,,,,,,,,,,,,,LED Lamp,,,,,,,,,,,,,,,,,,,,,,,,,,,,,,,,,,,,,,,,,,,,,,,,,,,,,,,,,,,,,,,,,,,,,,,,,,,,,,,,,,,,,,,,,,,,,,,,,,,,,,,,,,,,,,,,,,,,,,,,,,,,,,,,,,,,,,,,,,,,,,,,,,,,,,,,,,,,,,,,,,,,,,,,,,,,,,,,,,,,,,,,,,,,FLAG: NEEDS_MANUAL_REVIEW (Low Confidence / Unmapped Taxonomy),,,,,,,,,
no source found,,,,,,,,,,,577007,577007 125W Led Med 30k Flood,,,Philips,Phillips Lighting (5831),Signify (Philips Lighting),Philips,,577007,,,"Signify (Philips Lighting) Philips, LED Lamp, 577007",LED LAMP,Philips 577007 LED Lamp,Philips LED Lamp,LED Lamp,,,,,,,,,,,,,,,,,,,,,,,,,,,LED Lamp,,,,,,,,,,,,,,,,,,,,,,,,,,,,,,,,,,,,,,,,,,,,,,,,,,,,,,,,,,,,,,,,,,,,,,,,,,,,,,,,,,,,,,,,,,,,,,,,,,,,,,,,,,,,,,,,,,,,,,,,,,,,,,,,,,,,,,,,,,,,,,,,,,,,,,,,,,,,,,,,,,,,,,,,,,,,,,,,,,,,,,,,,,,,FLAG: NEEDS_MANUAL_REVIEW (Low Confidence / Unmapped Taxonomy),,,,,,,,,
no source found,,,,,,,,,,,566653,566653 25W Led Cand 27k 3pk,,,Philips,Phillips Lighting (5831),Signify (Philips Lighting),Philips,,566653,,,"Signify (Philips Lighting) Philips, LED Lamp, 566653",LED LAMP,Philips 566653 LED Lamp,Philips LED Lamp,LED Lamp,,,,,,,,,,,,,,,,,,,,,,,,,,,LED Lamp,,,,,,,,,,,,,,,,,,,,,,,,,,,,,,,,,,,,,,,,,,,,,,,,,,,,,,,,,,,,,,,,,,,,,,,,,,,,,,,,,,,,,,,,,,,,,,,,,,,,,,,,,,,,,,,,,,,,,,,,,,,,,,,,,,,,,,,,,,,,,,,,,,,,,,,,,,,,,,,,,,,,,,,,,,,,,,,,,,,,,,,,,,,,FLAG: NEEDS_MANUAL_REVIEW (Low Confidence / Unmapped Taxonomy),,,,,,,,,
no source found,,,,,,,,,,,566679,566679 40W Led Med 27k 3pk,,,Philips,Phillips Lighting (5831),Signify (Philips Lighting),Philips,,566679,,,"Signify (Philips Lighting) Philips, LED Lamp, 566679",LED LAMP,Philips 566679 LED Lamp,Philips LED Lamp,LED Lamp,,,,,,,,,,,,,,,,,,,,,,,,,,,LED Lamp,,,,,,,,,,,,,,,,,,,,,,,,,,,,,,,,,,,,,,,,,,,,,,,,,,,,,,,,,,,,,,,,,,,,,,,,,,,,,,,,,,,,,,,,,,,,,,,,,,,,,,,,,,,,,,,,,,,,,,,,,,,,,,,,,,,,,,,,,,,,,,,,,,,,,,,,,,,,,,,,,,,,,,,,,,,,,,,,,,,,,,,,,,,,FLAG: NEEDS_MANUAL_REVIEW (Low Confidence / Unmapped Taxonomy),,,,,,,,,
no source found,,,,,,,,,,,573311,573311 60W Led Med 27k 2pk,,,Philips,Phillips Lighting (5831),Signify (Philips Lighting),Philips,,573311,,,"Signify (Philips Lighting) Philips, LED Lamp, 573311",LED LAMP,Philips 573311 LED Lamp,Philips LED Lamp,LED Lamp,,,,,,,,,,,,,,,,,,,,,,,,,,,LED Lamp,,,,,,,,,,,,,,,,,,,,,,,,,,,,,,,,,,,,,,,,,,,,,,,,,,,,,,,,,,,,,,,,,,,,,,,,,,,,,,,,,,,,,,,,,,,,,,,,,,,,,,,,,,,,,,,,,,,,,,,,,,,,,,,,,,,,,,,,,,,,,,,,,,,,,,,,,,,,,,,,,,,,,,,,,,,,,,,,,,,,,,,,,,,,FLAG: NEEDS_MANUAL_REVIEW (Low Confidence / Unmapped Taxonomy),,,,,,,,,
no source found,,,,,,,,,,,573394,573394 60W Led Cand 27k 2pk,,,Philips,Phillips Lighting (5831),Signify (Philips Lighting),Philips,,573394,,,"Signify (Philips Lighting) Philips, LED Lamp, 573394",LED LAMP,Philips 573394 LED Lamp,Philips LED Lamp,LED Lamp,,,,,,,,,,,,,,,,,,,,,,,,,,,LED Lamp,,,,,,,,,,,,,,,,,,,,,,,,,,,,,,,,,,,,,,,,,,,,,,,,,,,,,,,,,,,,,,,,,,,,,,,,,,,,,,,,,,,,,,,,,,,,,,,,,,,,,,,,,,,,,,,,,,,,,,,,,,,,,,,,,,,,,,,,,,,,,,,,,,,,,,,,,,,,,,,,,,,,,,,,,,,,,,,,,,,,,,,,,,,,FLAG: NEEDS_MANUAL_REVIEW (Low Confidence / Unmapped Taxonomy),,,,,,,,,
no source found,,,,,,,,,,,573329,573329 60W Cand Led 27k 2pk,,,Philips,Phillips Lighting (5831),Signify (Philips Lighting),Philips,,573329,,,"Signify (Philips Lighting) Philips, LED Lamp, 573329",LED LAMP,Philips 573329 LED Lamp,Philips LED Lamp,LED Lamp,,,,,,,,,,,,,,,,,,,,,,,,,,,LED Lamp,,,,,,,,,,,,,,,,,,,,,,,,,,,,,,,,,,,,,,,,,,,,,,,,,,,,,,,,,,,,,,,,,,,,,,,,,,,,,,,,,,,,,,,,,,,,,,,,,,,,,,,,,,,,,,,,,,,,,,,,,,,,,,,,,,,,,,,,,,,,,,,,,,,,,,,,,,,,,,,,,,,,,,,,,,,,,,,,,,,,,,,,,,,,FLAG: NEEDS_MANUAL_REVIEW (Low Confidence / Unmapped Taxonomy),,,,,,,,,
no source found,,,,,,,,,,,564930,564930 40W Cand Led 50k 3pk,,,Philips,Phillips Lighting (5831),Signify (Philips Lighting),Philips,,564930,,,"Signify (Philips Lighting) Philips, LED Lamp, 564930",LED LAMP,Philips 564930 LED Lamp,Philips LED Lamp,LED Lamp,,,,,,,,,,,,,,,,,,,,,,,,,,,LED Lamp,,,,,,,,,,,,,,,,,,,,,,,,,,,,,,,,,,,,,,,,,,,,,,,,,,,,,,,,,,,,,,,,,,,,,,,,,,,,,,,,,,,,,,,,,,,,,,,,,,,,,,,,,,,,,,,,,,,,,,,,,,,,,,,,,,,,,,,,,,,,,,,,,,,,,,,,,,,,,,,,,,,,,,,,,,,,,,,,,,,,,,,,,,,,FLAG: NEEDS_MANUAL_REVIEW (Low Confidence / Unmapped Taxonomy),,,,,,,,,
no source found,,,,,,,,,,,565000,565000 60W Led Med 27k 2pk,,,Philips,Phillips Lighting (5831),Signify (Philips Lighting),Philips,,565000,,,"Signify (Philips Lighting) Philips, LED Lamp, 565000",LED LAMP,Philips 565000 LED Lamp,Philips LED Lamp,LED Lamp,,,,,,,,,,,,,,,,,,,,,,,,,,,LED Lamp,,,,,,,,,,,,,,,,,,,,,,,,,,,,,,,,,,,,,,,,,,,,,,,,,,,,,,,,,,,,,,,,,,,,,,,,,,,,,,,,,,,,,,,,,,,,,,,,,,,,,,,,,,,,,,,,,,,,,,,,,,,,,,,,,,,,,,,,,,,,,,,,,,,,,,,,,,,,,,,,,,,,,,,,,,,,,,,,,,,,,,,,,,,,FLAG: NEEDS_MANUAL_REVIEW (Low Confidence / Unmapped Taxonomy),,,,,,,,,
no source found,,,,,,,,,,,564922,564922 60W Led BA11 50k 3pk,,,Philips,Phillips Lighting (5831),Signify (Philips Lighting),Philips,,564922,,,"Signify (Philips Lighting) Philips, LED Lamp, 564922",LED LAMP,Philips 564922 LED Lamp,Philips LED Lamp,LED Lamp,,,,,,,,,,,,,,,,,,,,,,,,,,,LED Lamp,,,,,,,,,,,,,,,,,,,,,,,,,,,,,,,,,,,,,,,,,,,,,,,,,,,,,,,,,,,,,,,,,,,,,,,,,,,,,,,,,,,,,,,,,,,,,,,,,,,,,,,,,,,,,,,,,,,,,,,,,,,,,,,,,,,,,,,,,,,,,,,,,,,,,,,,,,,,,,,,,,,,,,,,,,,,,,,,,,,,,,,,,,,,FLAG: NEEDS_MANUAL_REVIEW (Low Confidence / Unmapped Taxonomy),,,,,,,,,
no source found,,,,,,,,,,,573295,573295 40W Led Med 27k 2pk,,,Philips,Phillips Lighting (5831),Signify (Philips Lighting),Philips,,573295,,,"Signify (Philips Lighting) Philips, LED Lamp, 573295",LED LAMP,Philips 573295 LED Lamp,Philips LED Lamp,LED Lamp,,,,,,,,,,,,,,,,,,,,,,,,,,,LED Lamp,,,,,,,,,,,,,,,,,,,,,,,,,,,,,,,,,,,,,,,,,,,,,,,,,,,,,,,,,,,,,,,,,,,,,,,,,,,,,,,,,,,,,,,,,,,,,,,,,,,,,,,,,,,,,,,,,,,,,,,,,,,,,,,,,,,,,,,,,,,,,,,,,,,,,,,,,,,,,,,,,,,,,,,,,,,,,,,,,,,,,,,,,,,,FLAG: NEEDS_MANUAL_REVIEW (Low Confidence / Unmapped Taxonomy),,,,,,,,,
no source found,,,,,,,,,,,564914,564914 60W Med Led 50k 2pk,,,Philips,Phillips Lighting (5831),Signify (Philips Lighting),Philips,,564914,,,"Signify (Philips Lighting) Philips, LED Lamp, 564914",LED LAMP,Philips 564914 LED Lamp,Philips LED Lamp,LED Lamp,,,,,,,,,,,,,,,,,,,,,,,,,,,LED Lamp,,,,,,,,,,,,,,,,,,,,,,,,,,,,,,,,,,,,,,,,,,,,,,,,,,,,,,,,,,,,,,,,,,,,,,,,,,,,,,,,,,,,,,,,,,,,,,,,,,,,,,,,,,,,,,,,,,,,,,,,,,,,,,,,,,,,,,,,,,,,,,,,,,,,,,,,,,,,,,,,,,,,,,,,,,,,,,,,,,,,,,,,,,,,FLAG: NEEDS_MANUAL_REVIEW (Low Confidence / Unmapped Taxonomy),,,,,,,,,
no source found,,,,,,,Electrical,Lighting Fixtures,Recessed Lighting,,573485,573485 60W Led A19 Med 50k 2pk,,,Philips,Phillips Lighting (5831),Signify (Philips Lighting),Philips,,573485,,Lighting & Electrical>Lamps & Fixtures>Downlights & Troffers,"Signify (Philips Lighting) Philips, LED Lamp, 573485",LED LAMP,Philips 573485 LED Lamp,Philips LED Lamp,LED Lamp,,,,,,,,,,,,,,,,,,,,,,,,,,,LED Lamp,,,,,,,,,,,,,,,,,,,,,,,,,,,,,,,,,,,,,,,,,,,,,,,,,,,,,,,,,,,,,,,,,,,,,,,,,,,,,,,,,,,,,,,,,,,,,,,,,,,,,,,,,,,,,,,,,,,,,,,,,,,,,,,,,,,,,,,,,,,,,,,,,,,,,,,,,,,,,,,,,,,,,,,,,,,,,,,,,,,,,,,,,,,,,,,,,,,,,
no source found,,,,,,,,,,,573337,573337 40W Led G25 Med 50k 2pk,,,Philips,Phillips Lighting (5831),Signify (Philips Lighting),Philips,,573337,,,"Signify (Philips Lighting) Philips, LED Lamp, 573337",LED LAMP,Philips 573337 LED Lamp,Philips LED Lamp,LED Lamp,,,,,,,,,,,,,,,,,,,,,,,,,,,LED Lamp,,,,,,,,,,,,,,,,,,,,,,,,,,,,,,,,,,,,,,,,,,,,,,,,,,,,,,,,,,,,,,,,,,,,,,,,,,,,,,,,,,,,,,,,,,,,,,,,,,,,,,,,,,,,,,,,,,,,,,,,,,,,,,,,,,,,,,,,,,,,,,,,,,,,,,,,,,,,,,,,,,,,,,,,,,,,,,,,,,,,,,,,,,,,FLAG: NEEDS_MANUAL_REVIEW (Low Confidence / Unmapped Taxonomy),,,,,,,,,
no source found,,,,,,,,,,,544874,544874 32W Led T8 UBulb 40k,,,Philips,Phillips Lighting (5831),Signify (Philips Lighting),Philips,,544874,,,"Signify (Philips Lighting) Philips, LED Lamp, 544874",LED LAMP,Philips 544874 LED Lamp,Philips LED Lamp,LED Lamp,,,,,,,,,,,,,,,,,,,,,,,,,,,LED Lamp,,,,,,,,,,,,,,,,,,,,,,,,,,,,,,,,,,,,,,,,,,,,,,,,,,,,,,,,,,,,,,,,,,,,,,,,,,,,,,,,,,,,,,,,,,,,,,,,,,,,,,,,,,,,,,,,,,,,,,,,,,,,,,,,,,,,,,,,,,,,,,,,,,,,,,,,,,,,,,,,,,,,,,,,,,,,,,,,,,,,,,,,,,,,FLAG: NEEDS_MANUAL_REVIEW (Low Confidence / Unmapped Taxonomy),,,,,,,,,
no source found,,,,,,,,,,,570846,570846 50W Led Med 22K 2pk,,,Philips,Phillips Lighting (5831),Signify (Philips Lighting),Philips,,570846,,,"Signify (Philips Lighting) Philips, LED Lamp, 570846",LED LAMP,Philips 570846 LED Lamp,Philips LED Lamp,LED Lamp,,,,,,,,,,,,,,,,,,,,,,,,,,,LED Lamp,,,,,,,,,,,,,,,,,,,,,,,,,,,,,,,,,,,,,,,,,,,,,,,,,,,,,,,,,,,,,,,,,,,,,,,,,,,,,,,,,,,,,,,,,,,,,,,,,,,,,,,,,,,,,,,,,,,,,,,,,,,,,,,,,,,,,,,,,,,,,,,,,,,,,,,,,,,,,,,,,,,,,,,,,,,,,,,,,,,,,,,,,,,,FLAG: NEEDS_MANUAL_REVIEW (Low Confidence / Unmapped Taxonomy),,,,,,,,,
no source found,,,,,,,Electrical,Lighting Fixtures,Recessed Lighting,,565473,565473 60W Led A19 Bulb 2pk,,,Philips,Phillips Lighting (5831),Signify (Philips Lighting),Philips,,565473,,Lighting & Electrical>Lamps & Fixtures>Downlights & Troffers,"Signify (Philips Lighting) Philips, LED Lamp, 565473",LED LAMP,Philips 565473 LED Lamp,Philips LED Lamp,LED Lamp,,,,,,,,,,,,,,,,,,,,,,,,,,,LED Lamp,,,,,,,,,,,,,,,,,,,,,,,,,,,,,,,,,,,,,,,,,,,,,,,,,,,,,,,,,,,,,,,,,,,,,,,,,,,,,,,,,,,,,,,,,,,,,,,,,,,,,,,,,,,,,,,,,,,,,,,,,,,,,,,,,,,,,,,,,,,,,,,,,,,,,,,,,,,,,,,,,,,,,,,,,,,,,,,,,,,,,,,,,,,,,,,,,,,,,
no source found,,,,,,,,,,,573402,573402 60W Led Med 50k 2pk,,,Philips,Phillips Lighting (5831),Signify (Philips Lighting),Philips,,573402,,,"Signify (Philips Lighting) Philips, LED Lamp, 573402",LED LAMP,Philips 573402 LED Lamp,Philips LED Lamp,LED Lamp,,,,,,,,,,,,,,,,,,,,,,,,,,,LED Lamp,,,,,,,,,,,,,,,,,,,,,,,,,,,,,,,,,,,,,,,,,,,,,,,,,,,,,,,,,,,,,,,,,,,,,,,,,,,,,,,,,,,,,,,,,,,,,,,,,,,,,,,,,,,,,,,,,,,,,,,,,,,,,,,,,,,,,,,,,,,,,,,,,,,,,,,,,,,,,,,,,,,,,,,,,,,,,,,,,,,,,,,,,,,,FLAG: NEEDS_MANUAL_REVIEW (Low Confidence / Unmapped Taxonomy),,,,,,,,,
no source found,,,,,,,,,,,573352,573352 40W Led Med 27k 2pk,,,Philips,Phillips Lighting (5831),Signify (Philips Lighting),Philips,,573352,,,"Signify (Philips Lighting) Philips, LED Lamp, 573352",LED LAMP,Philips 573352 LED Lamp,Philips LED Lamp,LED Lamp,,,,,,,,,,,,,,,,,,,,,,,,,,,LED Lamp,,,,,,,,,,,,,,,,,,,,,,,,,,,,,,,,,,,,,,,,,,,,,,,,,,,,,,,,,,,,,,,,,,,,,,,,,,,,,,,,,,,,,,,,,,,,,,,,,,,,,,,,,,,,,,,,,,,,,,,,,,,,,,,,,,,,,,,,,,,,,,,,,,,,,,,,,,,,,,,,,,,,,,,,,,,,,,,,,,,,,,,,,,,,FLAG: NEEDS_MANUAL_REVIEW (Low Confidence / Unmapped Taxonomy),,,,,,,,,
no source found,,,,,,,,,,,573428,573428 40W Med Led 50k 2pk,,,Philips,Phillips Lighting (5831),Signify (Philips Lighting),Philips,,573428,,,"Signify (Philips Lighting) Philips, LED Lamp, 573428",LED LAMP,Philips 573428 LED Lamp,Philips LED Lamp,LED Lamp,,,,,,,,,,,,,,,,,,,,,,,,,,,LED Lamp,,,,,,,,,,,,,,,,,,,,,,,,,,,,,,,,,,,,,,,,,,,,,,,,,,,,,,,,,,,,,,,,,,,,,,,,,,,,,,,,,,,,,,,,,,,,,,,,,,,,,,,,,,,,,,,,,,,,,,,,,,,,,,,,,,,,,,,,,,,,,,,,,,,,,,,,,,,,,,,,,,,,,,,,,,,,,,,,,,,,,,,,,,,,FLAG: NEEDS_MANUAL_REVIEW (Low Confidence / Unmapped Taxonomy),,,,,,,,,
no source found,,,,,,,,,,,573386,573386 60W Led Med 27k 2pk,,,Philips,Phillips Lighting (5831),Signify (Philips Lighting),Philips,,573386,,,"Signify (Philips Lighting) Philips, LED Lamp, 573386",LED LAMP,Philips 573386 LED Lamp,Philips LED Lamp,LED Lamp,,,,,,,,,,,,,,,,,,,,,,,,,,,LED Lamp,,,,,,,,,,,,,,,,,,,,,,,,,,,,,,,,,,,,,,,,,,,,,,,,,,,,,,,,,,,,,,,,,,,,,,,,,,,,,,,,,,,,,,,,,,,,,,,,,,,,,,,,,,,,,,,,,,,,,,,,,,,,,,,,,,,,,,,,,,,,,,,,,,,,,,,,,,,,,,,,,,,,,,,,,,,,,,,,,,,,,,,,,,,,FLAG: NEEDS_MANUAL_REVIEW (Low Confidence / Unmapped Taxonomy),,,,,,,,,
no source found,,,,,,,,,,,564948,564948 40W Led Med 50k 3pk,,,Philips,Phillips Lighting (5831),Signify (Philips Lighting),Philips,,564948,,,"Signify (Philips Lighting) Philips, LED Lamp, 564948",LED LAMP,Philips 564948 LED Lamp,Philips LED Lamp,LED Lamp,,,,,,,,,,,,,,,,,,,,,,,,,,,LED Lamp,,,,,,,,,,,,,,,,,,,,,,,,,,,,,,,,,,,,,,,,,,,,,,,,,,,,,,,,,,,,,,,,,,,,,,,,,,,,,,,,,,,,,,,,,,,,,,,,,,,,,,,,,,,,,,,,,,,,,,,,,,,,,,,,,,,,,,,,,,,,,,,,,,,,,,,,,,,,,,,,,,,,,,,,,,,,,,,,,,,,,,,,,,,,FLAG: NEEDS_MANUAL_REVIEW (Low Confidence / Unmapped Taxonomy),,,,,,,,,
no source found,,,,,,,,,,,573303,573303 40W Led Cand 27k 2pk,,,Philips,Phillips Lighting (5831),Signify (Philips Lighting),Philips,,573303,,,"Signify (Philips Lighting) Philips, LED Lamp, 573303",LED LAMP,Philips 573303 LED Lamp,Philips LED Lamp,LED Lamp,,,,,,,,,,,,,,,,,,,,,,,,,,,LED Lamp,,,,,,,,,,,,,,,,,,,,,,,,,,,,,,,,,,,,,,,,,,,,,,,,,,,,,,,,,,,,,,,,,,,,,,,,,,,,,,,,,,,,,,,,,,,,,,,,,,,,,,,,,,,,,,,,,,,,,,,,,,,,,,,,,,,,,,,,,,,,,,,,,,,,,,,,,,,,,,,,,,,,,,,,,,,,,,,,,,,,,,,,,,,,FLAG: NEEDS_MANUAL_REVIEW (Low Confidence / Unmapped Taxonomy),,,,,,,,,
no source found,,,,,,,Electrical,Lighting Fixtures,Recessed Lighting,,573188,573188 250W Led Par38 Med 50k,,,Philips,Phillips Lighting (5831),Signify (Philips Lighting),Philips,,573188,,Lighting & Electrical>Lamps & Fixtures>Downlights & Troffers,"Signify (Philips Lighting) Philips, LED Lamp, 573188",LED LAMP,Philips 573188 LED Lamp,Philips LED Lamp,LED Lamp,,,,,,,,,,,,,,,,,,,,,,,,,,,LED Lamp,,,,,,,,,,,,,,,,,,,,,,,,,,,,,,,,,,,,,,,,,,,,,,,,,,,,,,,,,,,,,,,,,,,,,,,,,,,,,,,,,,,,,,,,,,,,,,,,,,,,,,,,,,,,,,,,,,,,,,,,,,,,,,,,,,,,,,,,,,,,,,,,,,,,,,,,,,,,,,,,,,,,,,,,,,,,,,,,,,,,,,,,,,,,,,,,,,,,,
no source found,,,,,,,Electrical,Lighting Fixtures,Recessed Lighting,,573469,573469 40W Led A19 Med 50k 2pk,,,Philips,Phillips Lighting (5831),Signify (Philips Lighting),Philips,,573469,,Lighting & Electrical>Lamps & Fixtures>Downlights & Troffers,"Signify (Philips Lighting) Philips, LED Lamp, 573469",LED LAMP,Philips 573469 LED Lamp,Philips LED Lamp,LED Lamp,,,,,,,,,,,,,,,,,,,,,,,,,,,LED Lamp,,,,,,,,,,,,,,,,,,,,,,,,,,,,,,,,,,,,,,,,,,,,,,,,,,,,,,,,,,,,,,,,,,,,,,,,,,,,,,,,,,,,,,,,,,,,,,,,,,,,,,,,,,,,,,,,,,,,,,,,,,,,,,,,,,,,,,,,,,,,,,,,,,,,,,,,,,,,,,,,,,,,,,,,,,,,,,,,,,,,,,,,,,,,,,,,,,,,,
no source found,,,,,,,,,,,565671,565671 25W Led Med 20K,,,Philips,Phillips Lighting (5831),Signify (Philips Lighting),Philips,,565671,,,"Signify (Philips Lighting) Philips, LED Lamp, 565671",LED LAMP,Philips 565671 LED Lamp,Philips LED Lamp,LED Lamp,,,,,,,,,,,,,,,,,,,,,,,,,,,LED Lamp,,,,,,,,,,,,,,,,,,,,,,,,,,,,,,,,,,,,,,,,,,,,,,,,,,,,,,,,,,,,,,,,,,,,,,,,,,,,,,,,,,,,,,,,,,,,,,,,,,,,,,,,,,,,,,,,,,,,,,,,,,,,,,,,,,,,,,,,,,,,,,,,,,,,,,,,,,,,,,,,,,,,,,,,,,,,,,,,,,,,,,,,,,,,FLAG: NEEDS_MANUAL_REVIEW (Low Confidence / Unmapped Taxonomy),,,,,,,,,
no source found,,,,,,,Electrical,Lighting Fixtures,Recessed Lighting,,573204,573204 75W Led Par20 Med 50k,,,Philips,Phillips Lighting (5831),Signify (Philips Lighting),Philips,,573204,,Lighting & Electrical>Lamps & Fixtures>Downlights & Troffers,"Signify (Philips Lighting) Philips, LED Lamp, 573204",LED LAMP,Philips 573204 LED Lamp,Philips LED Lamp,LED Lamp,,,,,,,,,,,,,,,,,,,,,,,,,,,LED Lamp,,,,,,,,,,,,,,,,,,,,,,,,,,,,,,,,,,,,,,,,,,,,,,,,,,,,,,,,,,,,,,,,,,,,,,,,,,,,,,,,,,,,,,,,,,,,,,,,,,,,,,,,,,,,,,,,,,,,,,,,,,,,,,,,,,,,,,,,,,,,,,,,,,,,,,,,,,,,,,,,,,,,,,,,,,,,,,,,,,,,,,,,,,,,,,,,,,,,,
no source found,,,,,,,,,,,581199,581199 60W Led Med 2pk,,,Philips,Phillips Lighting (5831),Signify (Philips Lighting),Philips,,581199,,,"Signify (Philips Lighting) Philips, LED Lamp, 581199",LED LAMP,Philips 581199 LED Lamp,Philips LED Lamp,LED Lamp,,,,,,,,,,,,,,,,,,,,,,,,,,,LED Lamp,,,,,,,,,,,,,,,,,,,,,,,,,,,,,,,,,,,,,,,,,,,,,,,,,,,,,,,,,,,,,,,,,,,,,,,,,,,,,,,,,,,,,,,,,,,,,,,,,,,,,,,,,,,,,,,,,,,,,,,,,,,,,,,,,,,,,,,,,,,,,,,,,,,,,,,,,,,,,,,,,,,,,,,,,,,,,,,,,,,,,,,,,,,,FLAG: NEEDS_MANUAL_REVIEW (Low Confidence / Unmapped Taxonomy),,,,,,,,,
no source found,,,,,,,,,,,565887,565887 60W Led Med 20k,,,Philips,Phillips Lighting (5831),Signify (Philips Lighting),Philips,,565887,,,"Signify (Philips Lighting) Philips, LED Lamp, 565887",LED LAMP,Philips 565887 LED Lamp,Philips LED Lamp,LED Lamp,,,,,,,,,,,,,,,,,,,,,,,,,,,LED Lamp,,,,,,,,,,,,,,,,,,,,,,,,,,,,,,,,,,,,,,,,,,,,,,,,,,,,,,,,,,,,,,,,,,,,,,,,,,,,,,,,,,,,,,,,,,,,,,,,,,,,,,,,,,,,,,,,,,,,,,,,,,,,,,,,,,,,,,,,,,,,,,,,,,,,,,,,,,,,,,,,,,,,,,,,,,,,,,,,,,,,,,,,,,,,FLAG: NEEDS_MANUAL_REVIEW (Low Confidence / Unmapped Taxonomy),,,,,,,,,
no source found,,,,,,,,,,,586867,586867 60W Led Med 27K,,,Philips,Phillips Lighting (5831),Signify (Philips Lighting),Philips,,586867,,,"Signify (Philips Lighting) Philips, LED Lamp, 586867",LED LAMP,Philips 586867 LED Lamp,Philips LED Lamp,LED Lamp,,,,,,,,,,,,,,,,,,,,,,,,,,,LED Lamp,,,,,,,,,,,,,,,,,,,,,,,,,,,,,,,,,,,,,,,,,,,,,,,,,,,,,,,,,,,,,,,,,,,,,,,,,,,,,,,,,,,,,,,,,,,,,,,,,,,,,,,,,,,,,,,,,,,,,,,,,,,,,,,,,,,,,,,,,,,,,,,,,,,,,,,,,,,,,,,,,,,,,,,,,,,,,,,,,,,,,,,,,,,,FLAG: NEEDS_MANUAL_REVIEW (Low Confidence / Unmapped Taxonomy),,,,,,,,,
no source found,,,,,,,,,,,568451,5686451 50W Led Med 50k 2pk,,,Philips,Phillips Lighting (5831),Signify (Philips Lighting),Philips,,568451,,,"Signify (Philips Lighting) Philips, LED Lamp, 568451",LED LAMP,Philips 568451 LED Lamp,Philips LED Lamp,LED Lamp,,,,,,,,,,,,,,,,,,,,,,,,,,,LED Lamp,,,,,,,,,,,,,,,,,,,,,,,,,,,,,,,,,,,,,,,,,,,,,,,,,,,,,,,,,,,,,,,,,,,,,,,,,,,,,,,,,,,,,,,,,,,,,,,,,,,,,,,,,,,,,,,,,,,,,,,,,,,,,,,,,,,,,,,,,,,,,,,,,,,,,,,,,,,,,,,,,,,,,,,,,,,,,,,,,,,,,,,,,,,,FLAG: NEEDS_MANUAL_REVIEW (Low Confidence / Unmapped Taxonomy),,,,,,,,,
no source found,,,,,,,Electrical,Lighting Fixtures,Recessed Lighting,,568444,568444 90W Led Par38 50k 2pk,,,Philips,Phillips Lighting (5831),Signify (Philips Lighting),Philips,,568444,,Lighting & Electrical>Lamps & Fixtures>Downlights & Troffers,"Signify (Philips Lighting) Philips, LED Lamp, 568444",LED LAMP,Philips 568444 LED Lamp,Philips LED Lamp,LED Lamp,,,,,,,,,,,,,,,,,,,,,,,,,,,LED Lamp,,,,,,,,,,,,,,,,,,,,,,,,,,,,,,,,,,,,,,,,,,,,,,,,,,,,,,,,,,,,,,,,,,,,,,,,,,,,,,,,,,,,,,,,,,,,,,,,,,,,,,,,,,,,,,,,,,,,,,,,,,,,,,,,,,,,,,,,,,,,,,,,,,,,,,,,,,,,,,,,,,,,,,,,,,,,,,,,,,,,,,,,,,,,,,,,,,,,,
no source found,,,,,,,,,,,573196,573196 75W Led Med 30K,,,Philips,Phillips Lighting (5831),Signify (Philips Lighting),Philips,,573196,,,"Signify (Philips Lighting) Philips, LED Lamp, 573196",LED LAMP,Philips 573196 LED Lamp,Philips LED Lamp,LED Lamp,,,,,,,,,,,,,,,,,,,,,,,,,,,LED Lamp,,,,,,,,,,,,,,,,,,,,,,,,,,,,,,,,,,,,,,,,,,,,,,,,,,,,,,,,,,,,,,,,,,,,,,,,,,,,,,,,,,,,,,,,,,,,,,,,,,,,,,,,,,,,,,,,,,,,,,,,,,,,,,,,,,,,,,,,,,,,,,,,,,,,,,,,,,,,,,,,,,,,,,,,,,,,,,,,,,,,,,,,,,,,FLAG: NEEDS_MANUAL_REVIEW (Low Confidence / Unmapped Taxonomy),,,,,,,,,
no source found,,,,,,,,,,,564500,564500 75W Adj Base 50k 3pk,,,Philips,Phillips Lighting (5831),Signify (Philips Lighting),Philips,,564500,,,"Signify (Philips Lighting) Philips, Product, 564500",PRODUCT,Philips 564500 Product,Philips Product,Product,,,,,,,,,,,,,,,,,,,,,,,,,,,Product,,,,,,,,,,,,,,,,,,,,,,,,,,,,,,,,,,,,,,,,,,,,,,,,,,,,,,,,,,,,,,,,,,,,,,,,,,,,,,,,,,,,,,,,,,,,,,,,,,,,,,,,,,,,,,,,,,,,,,,,,,,,,,,,,,,,,,,,,,,,,,,,,,,,,,,,,,,,,,,,,,,,,,,,,,,,,,,,,,,,,,,,,,,,FLAG: NEEDS_MANUAL_REVIEW (Low Confidence / Unmapped Taxonomy),,,,,,,,,
no source found,,,,,,,,,,,571513,571513 40/60/100 Led Med 27k,,,Philips,Phillips Lighting (5831),Signify (Philips Lighting),Philips,,571513,,,"Signify (Philips Lighting) Philips, LED Lamp, 571513",LED LAMP,Philips 571513 LED Lamp,Philips LED Lamp,LED Lamp,,,,,,,,,,,,,,,,,,,,,,,,,,,LED Lamp,,,,,,,,,,,,,,,,,,,,,,,,,,,,,,,,,,,,,,,,,,,,,,,,,,,,,,,,,,,,,,,,,,,,,,,,,,,,,,,,,,,,,,,,,,,,,,,,,,,,,,,,,,,,,,,,,,,,,,,,,,,,,,,,,,,,,,,,,,,,,,,,,,,,,,,,,,,,,,,,,,,,,,,,,,,,,,,,,,,,,,,,,,,,FLAG: NEEDS_MANUAL_REVIEW (Low Confidence / Unmapped Taxonomy),,,,,,,,,
no source found,,,,,,,,,,,588566,588566 40W Led Med 55k 3pk,,,Philips,Phillips Lighting (5831),Signify (Philips Lighting),Philips,,588566,,,"Signify (Philips Lighting) Philips, LED Lamp, 588566",LED LAMP,Philips 588566 LED Lamp,Philips LED Lamp,LED Lamp,,,,,,,,,,,,,,,,,,,,,,,,,,,LED Lamp,,,,,,,,,,,,,,,,,,,,,,,,,,,,,,,,,,,,,,,,,,,,,,,,,,,,,,,,,,,,,,,,,,,,,,,,,,,,,,,,,,,,,,,,,,,,,,,,,,,,,,,,,,,,,,,,,,,,,,,,,,,,,,,,,,,,,,,,,,,,,,,,,,,,,,,,,,,,,,,,,,,,,,,,,,,,,,,,,,,,,,,,,,,,FLAG: NEEDS_MANUAL_REVIEW (Low Confidence / Unmapped Taxonomy),,,,,,,,,
no source found,,,,,,,,,,,565655,565655 25W Led A15 Med 20k,,,Philips,Phillips Lighting (5831),Signify (Philips Lighting),Philips,,565655,,,"Signify (Philips Lighting) Philips, LED Lamp, 565655",LED LAMP,Philips 565655 LED Lamp,Philips LED Lamp,LED Lamp,,,,,,,,,,,,,,,,,,,,,,,,,,,LED Lamp,,,,,,,,,,,,,,,,,,,,,,,,,,,,,,,,,,,,,,,,,,,,,,,,,,,,,,,,,,,,,,,,,,,,,,,,,,,,,,,,,,,,,,,,,,,,,,,,,,,,,,,,,,,,,,,,,,,,,,,,,,,,,,,,,,,,,,,,,,,,,,,,,,,,,,,,,,,,,,,,,,,,,,,,,,,,,,,,,,,,,,,,,,,,FLAG: NEEDS_MANUAL_REVIEW (Low Confidence / Unmapped Taxonomy),,,,,,,,,
no source found,,,,,,,,,,,565812,565812 60W Med Led 50k,,,Philips,Phillips Lighting (5831),Signify (Philips Lighting),Philips,,565812,,,"Signify (Philips Lighting) Philips, LED Lamp, 565812",LED LAMP,Philips 565812 LED Lamp,Philips LED Lamp,LED Lamp,,,,,,,,,,,,,,,,,,,,,,,,,,,LED Lamp,,,,,,,,,,,,,,,,,,,,,,,,,,,,,,,,,,,,,,,,,,,,,,,,,,,,,,,,,,,,,,,,,,,,,,,,,,,,,,,,,,,,,,,,,,,,,,,,,,,,,,,,,,,,,,,,,,,,,,,,,,,,,,,,,,,,,,,,,,,,,,,,,,,,,,,,,,,,,,,,,,,,,,,,,,,,,,,,,,,,,,,,,,,,FLAG: NEEDS_MANUAL_REVIEW (Low Confidence / Unmapped Taxonomy),,,,,,,,,
no source found,,,,,,,,,,,586917,586917 40W Led Cand 27K 2pk,,,Philips,Phillips Lighting (5831),Signify (Philips Lighting),Philips,,586917,,,"Signify (Philips Lighting) Philips, LED Lamp, 586917",LED LAMP,Philips 586917 LED Lamp,Philips LED Lamp,LED Lamp,,,,,,,,,,,,,,,,,,,,,,,,,,,LED Lamp,,,,,,,,,,,,,,,,,,,,,,,,,,,,,,,,,,,,,,,,,,,,,,,,,,,,,,,,,,,,,,,,,,,,,,,,,,,,,,,,,,,,,,,,,,,,,,,,,,,,,,,,,,,,,,,,,,,,,,,,,,,,,,,,,,,,,,,,,,,,,,,,,,,,,,,,,,,,,,,,,,,,,,,,,,,,,,,,,,,,,,,,,,,,FLAG: NEEDS_MANUAL_REVIEW (Low Confidence / Unmapped Taxonomy),,,,,,,,,
no source found,,,,,,,Electrical,Lighting Fixtures,Recessed Lighting,,46719,49719 Wall Light Motion Wh,,,,Maxsa Innovations (MAXIN),MAXSA Innovations,MAXSA Innovations,,46719,,Lighting & Electrical>Lamps & Fixtures>Downlights & Troffers,"MAXSA Innovations, Recessed Lighting, 46719",RECESSED,MAXSA Innovations 46719 Recessed Lighting,MAXSA Innovations Recessed Lighting,Recessed Lighting,,,,,,,,,,,,,,,,,,,,,,,,,,,Recessed Lighting,,,,,,,,,,,,,,,,,,,,,,,,,,,,,,,,,,,,,,,,,,,,,,,,,,,,,,,,,,,,,,,,,,,,,,,,,,,,,,,,,,,,,,,,,,,,,,,,,,,,,,,,,,,,,,,,,,,,,,,,,,,,,,,,,,,,,,,,,,,,,,,,,,,,,,,,,,,,,,,,,,,,,,,,,,,,,,,,,,,,,,,,,,,,,,,,,,,,,
no source found,,,,,,,,,,,59061BSL,59061BSL Kichler Ext Wall Lt,,,,Kichler Lighting (KICLI),Kichler Lighting LLC,Kichler,,59061BSL,,,"Kichler Lighting LLC Kichler, Product, 59061BSL",PRODUCT,Kichler 59061BSL Product,Kichler Product,Product,,,,,,,,,,,,,,,,,,,,,,,,,,,Product,,,,,,,,,,,,,,,,,,,,,,,,,,,,,,,,,,,,,,,,,,,,,,,,,,,,,,,,,,,,,,,,,,,,,,,,,,,,,,,,,,,,,,,,,,,,,,,,,,,,,,,,,,,,,,,,,,,,,,,,,,,,,,,,,,,,,,,,,,,,,,,,,,,,,,,,,,,,,,,,,,,,,,,,,,,,,,,,,,,,,,,,,,,,FLAG: NEEDS_MANUAL_REVIEW (Low Confidence / Unmapped Taxonomy),,,,,,,,,
no source found,,,,,,,,,,,59062BSL,59062BSL Kichler Ext Wall Lt,,,,Kichler Lighting (KICLI),Kichler Lighting LLC,Kichler,,59062BSL,,,"Kichler Lighting LLC Kichler, Product, 59062BSL",PRODUCT,Kichler 59062BSL Product,Kichler Product,Product,,,,,,,,,,,,,,,,,,,,,,,,,,,Product,,,,,,,,,,,,,,,,,,,,,,,,,,,,,,,,,,,,,,,,,,,,,,,,,,,,,,,,,,,,,,,,,,,,,,,,,,,,,,,,,,,,,,,,,,,,,,,,,,,,,,,,,,,,,,,,,,,,,,,,,,,,,,,,,,,,,,,,,,,,,,,,,,,,,,,,,,,,,,,,,,,,,,,,,,,,,,,,,,,,,,,,,,,,FLAG: NEEDS_MANUAL_REVIEW (Low Confidence / Unmapped Taxonomy),,,,,,,,,
no source found,,,,,,,,,,,59124BKT,59124BKT Kichler Ext Wall Lt,,,,Kichler Lighting (KICLI),Kichler Lighting LLC,Kichler,,59124BKT,,,"Kichler Lighting LLC Kichler, Product, 59124BKT",PRODUCT,Kichler 59124BKT Product,Kichler Product,Product,,,,,,,,,,,,,,,,,,,,,,,,,,,Product,,,,,,,,,,,,,,,,,,,,,,,,,,,,,,,,,,,,,,,,,,,,,,,,,,,,,,,,,,,,,,,,,,,,,,,,,,,,,,,,,,,,,,,,,,,,,,,,,,,,,,,,,,,,,,,,,,,,,,,,,,,,,,,,,,,,,,,,,,,,,,,,,,,,,,,,,,,,,,,,,,,,,,,,,,,,,,,,,,,,,,,,,,,,FLAG: NEEDS_MANUAL_REVIEW (Low Confidence / Unmapped Taxonomy),,,,,,,,,
no source found,,,,,,,,,,,59025BK,59025BK Kichler Post Lt,,,,Kichler Lighting (KICLI),Kichler Lighting LLC,Kichler,,59025BK,,,"Kichler Lighting LLC Kichler, Product, 59025BK",PRODUCT,Kichler 59025BK Product,Kichler Product,Product,,,,,,,,,,,,,,,,,,,,,,,,,,,Product,,,,,,,,,,,,,,,,,,,,,,,,,,,,,,,,,,,,,,,,,,,,,,,,,,,,,,,,,,,,,,,,,,,,,,,,,,,,,,,,,,,,,,,,,,,,,,,,,,,,,,,,,,,,,,,,,,,,,,,,,,,,,,,,,,,,,,,,,,,,,,,,,,,,,,,,,,,,,,,,,,,,,,,,,,,,,,,,,,,,,,,,,,,,FLAG: NEEDS_MANUAL_REVIEW (Low Confidence / Unmapped Taxonomy),,,,,,,,,
no source found,,,,,,,,,,,DCL183,Dewalt DCL183 Light - Rechargeable,,,DEWALT,Black & Decker/dewlt (2585),Stanley Black & Decker,DEWALT,,DCL183,,,"Stanley Black & Decker DEWALT, Product, DCL183",PRODUCT,DEWALT DCL183 Product,DEWALT Product,Product,,,,,,,,,,,,,,,,,,,,,,,,,,,Product,,,,,,,,,,,,,,,,,,,,,,,,,,,,,,,,,,,,,,,,,,,,,,,,,,,,,,,,,,,,,,,,,,,,,,,,,,,,,,,,,,,,,,,,,,,,,,,,,,,,,,,,,,,,,,,,,,,,,,,,,,,,,,,,,,,,,,,,,,,,,,,,,,,,,,,,,,,,,,,,,,,,,,,,,,,,,,,,,,,,,,,,,,,,FLAG: NEEDS_MANUAL_REVIEW (Low Confidence / Unmapped Taxonomy),,,,,,,,,
no source found,,,,,,,,,,,73020,73020 Nano Clip Light Bk,,,,Streamlight (7277),"Streamlight, Inc.",Streamlight,,73020,,,"Streamlight, Inc. Streamlight, Product, 73020",PRODUCT,Streamlight 73020 Product,Streamlight Product,Product,,,,,,,,,,,,,,,,,,,,,,,,,,,Product,,,,,,,,,,,,,,,,,,,,,,,,,,,,,,,,,,,,,,,,,,,,,,,,,,,,,,,,,,,,,,,,,,,,,,,,,,,,,,,,,,,,,,,,,,,,,,,,,,,,,,,,,,,,,,,,,,,,,,,,,,,,,,,,,,,,,,,,,,,,,,,,,,,,,,,,,,,,,,,,,,,,,,,,,,,,,,,,,,,,,,,,,,,,FLAG: NEEDS_MANUAL_REVIEW (Low Confidence / Unmapped Taxonomy),,,,,,,,,
no source found,,,,,,,,,,,NEB-FLT-1021,NEBFLT1021 Slyde King FlashLt,,,,ACG Brands (1154),Alliance Consumer Group (ACG Brands),NEBO,,NEB-FLT-1021,,,"Alliance Consumer Group (ACG Brands) NEBO, Product, NEB-FLT-1021",PRODUCT,NEBO NEB-FLT-1021 Product,NEBO Product,Product,,,,,,,,,,,,,,,,,,,,,,,,,,,Product,,,,,,,,,,,,,,,,,,,,,,,,,,,,,,,,,,,,,,,,,,,,,,,,,,,,,,,,,,,,,,,,,,,,,,,,,,,,,,,,,,,,,,,,,,,,,,,,,,,,,,,,,,,,,,,,,,,,,,,,,,,,,,,,,,,,,,,,,,,,,,,,,,,,,,,,,,,,,,,,,,,,,,,,,,,,,,,,,,,,,,,,,,,,FLAG: NEEDS_MANUAL_REVIEW (Low Confidence / Unmapped Taxonomy),,,,,,,,,
no source found,,,,,,,,,,,NEB-FLT-0053,NEBFLT0053 2600L Flash Light,,,,ACG Brands (1154),Alliance Consumer Group (ACG Brands),NEBO,,NEB-FLT-0053,,,"Alliance Consumer Group (ACG Brands) NEBO, Product, NEB-FLT-0053",PRODUCT,NEBO NEB-FLT-0053 Product,NEBO Product,Product,,,,,,,,,,,,,,,,,,,,,,,,,,,Product,,,,,,,,,,,,,,,,,,,,,,,,,,,,,,,,,,,,,,,,,,,,,,,,,,,,,,,,,,,,,,,,,,,,,,,,,,,,,,,,,,,,,,,,,,,,,,,,,,,,,,,,,,,,,,,,,,,,,,,,,,,,,,,,,,,,,,,,,,,,,,,,,,,,,,,,,,,,,,,,,,,,,,,,,,,,,,,,,,,,,,,,,,,,FLAG: NEEDS_MANUAL_REVIEW (Low Confidence / Unmapped Taxonomy),,,,,,,,,
no source found,,,,,,,,,,,97708,97708 Police 800L Headlight,,,Police Security,Police Security (9470),Police Security Flashlights,Police Security,,97708,,,"Police Security Flashlights Police Security, Product, 97708",PRODUCT,Police Security 97708 Product,Police Security Product,Product,,,,,,,,,,,,,,,,,,,,,,,,,,,Product,,,,,,,,,,,,,,,,,,,,,,,,,,,,,,,,,,,,,,,,,,,,,,,,,,,,,,,,,,,,,,,,,,,,,,,,,,,,,,,,,,,,,,,,,,,,,,,,,,,,,,,,,,,,,,,,,,,,,,,,,,,,,,,,,,,,,,,,,,,,,,,,,,,,,,,,,,,,,,,,,,,,,,,,,,,,,,,,,,,,,,,,,,,,FLAG: NEEDS_MANUAL_REVIEW (Low Confidence / Unmapped Taxonomy),,,,,,,,,
no source found,,,,,,,,,,,WORK6000XLTPPLUG,6000L Twin Head Work Light,,,Feit Electric,Feit Electric (3468),Feit Electric Company,Feit Electric,,WORK6000XLTPPLUG,,,"Feit Electric Company Feit Electric, Product, WORK6000XLTPPLUG",PRODUCT,Feit Electric WORK6000XLTPPLUG Product,Feit Electric Product,Product,,,,,,,,,,,,,,,,,,,,,,,,,,,Product,,,,,,,,,,,,,,,,,,,,,,,,,,,,,,,,,,,,,,,,,,,,,,,,,,,,,,,,,,,,,,,,,,,,,,,,,,,,,,,,,,,,,,,,,,,,,,,,,,,,,,,,,,,,,,,,,,,,,,,,,,,,,,,,,,,,,,,,,,,,,,,,,,,,,,,,,,,,,,,,,,,,,,,,,,,,,,,,,,,,,,,,,,,,FLAG: NEEDS_MANUAL_REVIEW (Low Confidence / Unmapped Taxonomy),,,,,,,,,
no source found,,,,,,,,,,,HOM2040M200PRB,HOM2040M200PRB 200A Load Cntr,,,,Square D Con Prod Dv (6825),Schneider Electric (Square D),Square D,,HOM2040M200PRB,,,"Schneider Electric (Square D) Square D, Product, HOM2040M200PRB",PRODUCT,Square D HOM2040M200PRB Product,Square D Product,Product,,,,,,,,,,,,,,,,,,,,,,,,,,,Product,,,,,,,,,,,,,,,,,,,,,,,,,,,,,,,,,,,,,,,,,,,,,,,,,,,,,,,,,,,,,,,,,,,,,,,,,,,,,,,,,,,,,,,,,,,,,,,,,,,,,,,,,,,,,,,,,,,,,,,,,,,,,,,,,,,,,,,,,,,,,,,,,,,,,,,,,,,,,,,,,,,,,,,,,,,,,,,,,,,,,,,,,,,,FLAG: NEEDS_MANUAL_REVIEW (Low Confidence / Unmapped Taxonomy),,,,,,,,,
no source found,,,,,,,,,,,HOM3060L225PGC,HOM3060L225PGC 225 Load Center,,,Square D,Square D Con Prod Dv (6825),Schneider Electric (Square D),Square D,,HOM3060L225PGC,,,"Schneider Electric (Square D) Square D, Product, HOM3060L225PGC",PRODUCT,Square D HOM3060L225PGC Product,Square D Product,Product,,,,,,,,,,,,,,,,,,,,,,,,,,,Product,,,,,,,,,,,,,,,,,,,,,,,,,,,,,,,,,,,,,,,,,,,,,,,,,,,,,,,,,,,,,,,,,,,,,,,,,,,,,,,,,,,,,,,,,,,,,,,,,,,,,,,,,,,,,,,,,,,,,,,,,,,,,,,,,,,,,,,,,,,,,,,,,,,,,,,,,,,,,,,,,,,,,,,,,,,,,,,,,,,,,,,,,,,,FLAG: NEEDS_MANUAL_REVIEW (Low Confidence / Unmapped Taxonomy),,,,,,,,,
no source found,,,,,,,,,,,QO612L100RBCP,QO612L100RBCP 100A Load Center,,,Square D,Square D Con Prod Dv (6825),Schneider Electric (Square D),Square D,,QO612L100RBCP,,,"Schneider Electric (Square D) Square D, Product, QO612L100RBCP",PRODUCT,Square D QO612L100RBCP Product,Square D Product,Product,,,,,,,,,,,,,,,,,,,,,,,,,,,Product,,,,,,,,,,,,,,,,,,,,,,,,,,,,,,,,,,,,,,,,,,,,,,,,,,,,,,,,,,,,,,,,,,,,,,,,,,,,,,,,,,,,,,,,,,,,,,,,,,,,,,,,,,,,,,,,,,,,,,,,,,,,,,,,,,,,,,,,,,,,,,,,,,,,,,,,,,,,,,,,,,,,,,,,,,,,,,,,,,,,,,,,,,,,FLAG: NEEDS_MANUAL_REVIEW (Low Confidence / Unmapped Taxonomy),,,,,,,,,
no source found,,,,,,,,,,,13093005,4/0 Aluminum Entrance Cable (Linear Foot),,,,Southwire/g Turner (6603),Southwire Company,Southwire,,13093005,,,"Southwire Company Southwire, Product, 13093005",PRODUCT,Southwire 13093005 Product,Southwire Product,Product,,,,,,,,,,,,,,,,,,,,,,,,,,,Product,,,,,,,,,,,,,,,,,,,,,,,,,,,,,,,,,,,,,,,,,,,,,,,,,,,,,,,,,,,,,,,,,,,,,,,,,,,,,,,,,,,,,,,,,,,,,,,,,,,,,,,,,,,,,,,,,,,,,,,,,,,,,,,,,,,,,,,,,,,,,,,,,,,,,,,,,,,,,,,,,,,,,,,,,,,,,,,,,,,,,,,,,,,,FLAG: NEEDS_MANUAL_REVIEW (Low Confidence / Unmapped Taxonomy),,,,,,,,,
no source found,,,,,,,,,,,12-4 SO,12-4 SO Cord (Linear Foot),,,,,,,,12-4 SO,,,", Product, 12-4 SO",PRODUCT,12-4 SO Product,Product,Product,,,,,,,,,,,,,,,,,,,,,,,,,,,Product,,,,,,,,,,,,,,,,,,,,,,,,,,,,,,,,,,,,,,,,,,,,,,,,,,,,,,,,,,,,,,,,,,,,,,,,,,,,,,,,,,,,,,,,,,,,,,,,,,,,,,,,,,,,,,,,,,,,,,,,,,,,,,,,,,,,,,,,,,,,,,,,,,,,,,,,,,,,,,,,,,,,,,,,,,,,,,,,,,,,,,,,,,,,FLAG: NEEDS_MANUAL_REVIEW (Low Confidence / Unmapped Taxonomy),,,,,,,,,
no source found,,,,,,,,,,,96263-46-06,96263-46-06 CAT5E Wire (Linear Foot),,,,Woods Wire Southwire (7579),Southwire (Woods),Woods,,96263-46-06,,,"Southwire (Woods) Woods, Product, 96263-46-06",PRODUCT,Woods 96263-46-06 Product,Woods Product,Product,,,,,,,,,,,,,,,,,,,,,,,,,,,Product,,,,,,,,,,,,,,,,,,,,,,,,,,,,,,,,,,,,,,,,,,,,,,,,,,,,,,,,,,,,,,,,,,,,,,,,,,,,,,,,,,,,,,,,,,,,,,,,,,,,,,,,,,,,,,,,,,,,,,,,,,,,,,,,,,,,,,,,,,,,,,,,,,,,,,,,,,,,,,,,,,,,,,,,,,,,,,,,,,,,,,,,,,,,FLAG: NEEDS_MANUAL_REVIEW (Low Confidence / Unmapped Taxonomy),,,,,,,,,
no source found,,,,,,,,,,,R50003-ID,16-2 Stranded Wire CL3 500' (Linear Foot),,,,Southwire/g Turner (6603),Southwire Company,Southwire,,R50003-ID,,,"Southwire Company Southwire, Product, R50003-ID",PRODUCT,Southwire R50003-ID Product,Southwire Product,Product,,,,,,,,,,,,,,,,,,,,,,,,,,,Product,,,,,,,,,,,,,,,,,,,,,,,,,,,,,,,,,,,,,,,,,,,,,,,,,,,,,,,,,,,,,,,,,,,,,,,,,,,,,,,,,,,,,,,,,,,,,,,,,,,,,,,,,,,,,,,,,,,,,,,,,,,,,,,,,,,,,,,,,,,,,,,,,,,,,,,,,,,,,,,,,,,,,,,,,,,,,,,,,,,,,,,,,,,,FLAG: NEEDS_MANUAL_REVIEW (Low Confidence / Unmapped Taxonomy),,,,,,,,,
no source found,,,,,,,,,,,10-4 SO,10-4 SO Cord (Linear Foot),,,,Southwire/g Turner (6603),Southwire Company,Southwire,,10-4 SO,,,"Southwire Company Southwire, Product, 10-4 SO",PRODUCT,Southwire 10-4 SO Product,Southwire Product,Product,,,,,,,,,,,,,,,,,,,,,,,,,,,Product,,,,,,,,,,,,,,,,,,,,,,,,,,,,,,,,,,,,,,,,,,,,,,,,,,,,,,,,,,,,,,,,,,,,,,,,,,,,,,,,,,,,,,,,,,,,,,,,,,,,,,,,,,,,,,,,,,,,,,,,,,,,,,,,,,,,,,,,,,,,,,,,,,,,,,,,,,,,,,,,,,,,,,,,,,,,,,,,,,,,,,,,,,,,FLAG: NEEDS_MANUAL_REVIEW (Low Confidence / Unmapped Taxonomy),,,,,,,,,
no source found,,,,,,,,,,,23346-0408,23346-0408 Wire 16/3 SJEWA 250 (Linear Foot),,,,,,,,23346-0408,,,", Product, 23346-0408",PRODUCT,23346-0408 Product,Product,Product,,,,,,,,,,,,,,,,,,,,,,,,,,,Product,,,,,,,,,,,,,,,,,,,,,,,,,,,,,,,,,,,,,,,,,,,,,,,,,,,,,,,,,,,,,,,,,,,,,,,,,,,,,,,,,,,,,,,,,,,,,,,,,,,,,,,,,,,,,,,,,,,,,,,,,,,,,,,,,,,,,,,,,,,,,,,,,,,,,,,,,,,,,,,,,,,,,,,,,,,,,,,,,,,,,,,,,,,,FLAG: NEEDS_MANUAL_REVIEW (Low Confidence / Unmapped Taxonomy),,,,,,,,,
no source found,,,,,,,,,,,2/2/4 UD ALUM,2/2/4 UD Aluminum Triplex Wire (Linear Foot),,,,Southwire/g Turner (6603),Southwire Company,Southwire,,2/2/4 UD ALUM,,,"Southwire Company Southwire, Product, 2/2/4 UD ALUM",PRODUCT,Southwire 2/2/4 UD ALUM Product,Southwire Product,Product,,,,,,,,,,,,,,,,,,,,,,,,,,,Product,,,,,,,,,,,,,,,,,,,,,,,,,,,,,,,,,,,,,,,,,,,,,,,,,,,,,,,,,,,,,,,,,,,,,,,,,,,,,,,,,,,,,,,,,,,,,,,,,,,,,,,,,,,,,,,,,,,,,,,,,,,,,,,,,,,,,,,,,,,,,,,,,,,,,,,,,,,,,,,,,,,,,,,,,,,,,,,,,,,,,,,,,,,,FLAG: NEEDS_MANUAL_REVIEW (Low Confidence / Unmapped Taxonomy),,,,,,,,,
no source found,,,,,,,,,,,55418901,6/6/6 UD Triplex Aluminum Wire,,,,Southwire/g Turner (6603),Southwire Company,Southwire,,55418901,,,"Southwire Company Southwire, Product, 55418901",PRODUCT,Southwire 55418901 Product,Southwire Product,Product,,,,,,,,,,,,,,,,,,,,,,,,,,,Product,,,,,,,,,,,,,,,,,,,,,,,,,,,,,,,,,,,,,,,,,,,,,,,,,,,,,,,,,,,,,,,,,,,,,,,,,,,,,,,,,,,,,,,,,,,,,,,,,,,,,,,,,,,,,,,,,,,,,,,,,,,,,,,,,,,,,,,,,,,,,,,,,,,,,,,,,,,,,,,,,,,,,,,,,,,,,,,,,,,,,,,,,,,,FLAG: NEEDS_MANUAL_REVIEW (Low Confidence / Unmapped Taxonomy),,,,,,,,,
no source found,,,,,,,,,,,CG50K,"CG50K 1/2"" Cord Grip Kit",,,,Fenton Bros Electric Inc (FENBR),,,,CG50K,,,", Product, CG50K",PRODUCT,CG50K Product,Product,Product,,,,,,,,,,,,,,,,,,,,,,,,,,,Product,,,,,,,,,,,,,,,,,,,,,,,,,,,,,,,,,,,,,,,,,,,,,,,,,,,,,,,,,,,,,,,,,,,,,,,,,,,,,,,,,,,,,,,,,,,,,,,,,,,,,,,,,,,,,,,,,,,,,,,,,,,,,,,,,,,,,,,,,,,,,,,,,,,,,,,,,,,,,,,,,,,,,,,,,,,,,,,,,,,,,,,,,,,,FLAG: NEEDS_MANUAL_REVIEW (Low Confidence / Unmapped Taxonomy),,,,,,,,,
no source found,,,,,,,,,,,R02-D215P-1RW,R02D215P1RW 15A Mini Outlet Wh,,,Leviton,Leviton Mfg Co (4927),"Leviton Manufacturing Co., Inc.",Leviton,,R02-D215P-1RW,,,"Leviton Manufacturing Co., Inc. Leviton, Product, R02-D215P-1RW",PRODUCT,Leviton R02-D215P-1RW Product,Leviton Product,Product,,,,,,,,,,,,,,,,,,,,,,,,,,,Product,,,,,,,,,,,,,,,,,,,,,,,,,,,,,,,,,,,,,,,,,,,,,,,,,,,,,,,,,,,,,,,,,,,,,,,,,,,,,,,,,,,,,,,,,,,,,,,,,,,,,,,,,,,,,,,,,,,,,,,,,,,,,,,,,,,,,,,,,,,,,,,,,,,,,,,,,,,,,,,,,,,,,,,,,,,,,,,,,,,,,,,,,,,,FLAG: NEEDS_MANUAL_REVIEW (Low Confidence / Unmapped Taxonomy),,,,,,,,,
no source found,,,,,,,,,,,PBUC013,PBUC013 15A Wall Tap w/USB,,,Prime,Prime Wire & Cable (3562),"Prime Wire & Cable, Inc.",Prime Wire & Cable,,PBUC013,,,"Prime Wire & Cable, Inc. Prime Wire & Cable, Product, PBUC013",PRODUCT,Prime Wire & Cable PBUC013 Product,Prime Wire & Cable Product,Product,,,,,,,,,,,,,,,,,,,,,,,,,,,Product,,,,,,,,,,,,,,,,,,,,,,,,,,,,,,,,,,,,,,,,,,,,,,,,,,,,,,,,,,,,,,,,,,,,,,,,,,,,,,,,,,,,,,,,,,,,,,,,,,,,,,,,,,,,,,,,,,,,,,,,,,,,,,,,,,,,,,,,,,,,,,,,,,,,,,,,,,,,,,,,,,,,,,,,,,,,,,,,,,,,,,,,,,,,FLAG: NEEDS_MANUAL_REVIEW (Low Confidence / Unmapped Taxonomy),,,,,,,,,
no source found,,,,,,,,,,,R00-GFNT1-00K,R00GFNT100K 15A Outlet Br,,,Leviton,Leviton Mfg Co (4927),"Leviton Manufacturing Co., Inc.",Leviton,,R00-GFNT1-00K,,,"Leviton Manufacturing Co., Inc. Leviton, Product, R00-GFNT1-00K",PRODUCT,Leviton R00-GFNT1-00K Product,Leviton Product,Product,,,,,,,,,,,,,,,,,,,,,,,,,,,Product,,,,,,,,,,,,,,,,,,,,,,,,,,,,,,,,,,,,,,,,,,,,,,,,,,,,,,,,,,,,,,,,,,,,,,,,,,,,,,,,,,,,,,,,,,,,,,,,,,,,,,,,,,,,,,,,,,,,,,,,,,,,,,,,,,,,,,,,,,,,,,,,,,,,,,,,,,,,,,,,,,,,,,,,,,,,,,,,,,,,,,,,,,,,FLAG: NEEDS_MANUAL_REVIEW (Low Confidence / Unmapped Taxonomy),,,,,,,,,
no source found,,,,,,,,,,,R92-GFWT1-0KW,R92GFWT10KW 15A GFCI Outlet Wh,,,Leviton,Leviton Mfg Co (4927),"Leviton Manufacturing Co., Inc.",Leviton,,R92-GFWT1-0KW,,,"Leviton Manufacturing Co., Inc. Leviton, Product, R92-GFWT1-0KW",PRODUCT,Leviton R92-GFWT1-0KW Product,Leviton Product,Product,,,,,,,,,,,,,,,,,,,,,,,,,,,Product,,,,,,,,,,,,,,,,,,,,,,,,,,,,,,,,,,,,,,,,,,,,,,,,,,,,,,,,,,,,,,,,,,,,,,,,,,,,,,,,,,,,,,,,,,,,,,,,,,,,,,,,,,,,,,,,,,,,,,,,,,,,,,,,,,,,,,,,,,,,,,,,,,,,,,,,,,,,,,,,,,,,,,,,,,,,,,,,,,,,,,,,,,,,FLAG: NEEDS_MANUAL_REVIEW (Low Confidence / Unmapped Taxonomy),,,,,,,,,
no source found,,,,,,,,,,,R12-AGTR1-0KW,R12AGTR10KW 15A GFCI Outler Wh,,,Leviton,Leviton Mfg Co (4927),"Leviton Manufacturing Co., Inc.",Leviton,,R12-AGTR1-0KW,,,"Leviton Manufacturing Co., Inc. Leviton, Product, R12-AGTR1-0KW",PRODUCT,Leviton R12-AGTR1-0KW Product,Leviton Product,Product,,,,,,,,,,,,,,,,,,,,,,,,,,,Product,,,,,,,,,,,,,,,,,,,,,,,,,,,,,,,,,,,,,,,,,,,,,,,,,,,,,,,,,,,,,,,,,,,,,,,,,,,,,,,,,,,,,,,,,,,,,,,,,,,,,,,,,,,,,,,,,,,,,,,,,,,,,,,,,,,,,,,,,,,,,,,,,,,,,,,,,,,,,,,,,,,,,,,,,,,,,,,,,,,,,,,,,,,,FLAG: NEEDS_MANUAL_REVIEW (Low Confidence / Unmapped Taxonomy),,,,,,,,,
no source found,,,,,,,,,,,R62-GFTA1-0KW,R92GFTA10KW 15A GFCI Outlet Wh,,,Leviton,Leviton Mfg Co (4927),"Leviton Manufacturing Co., Inc.",Leviton,,R62-GFTA1-0KW,,,"Leviton Manufacturing Co., Inc. Leviton, Product, R62-GFTA1-0KW",PRODUCT,Leviton R62-GFTA1-0KW Product,Leviton Product,Product,,,,,,,,,,,,,,,,,,,,,,,,,,,Product,,,,,,,,,,,,,,,,,,,,,,,,,,,,,,,,,,,,,,,,,,,,,,,,,,,,,,,,,,,,,,,,,,,,,,,,,,,,,,,,,,,,,,,,,,,,,,,,,,,,,,,,,,,,,,,,,,,,,,,,,,,,,,,,,,,,,,,,,,,,,,,,,,,,,,,,,,,,,,,,,,,,,,,,,,,,,,,,,,,,,,,,,,,,FLAG: NEEDS_MANUAL_REVIEW (Low Confidence / Unmapped Taxonomy),,,,,,,,,
no source found,,,,,,,,,,,165-04729-00C,1650472900C 15A 125V Cord Conn,,,Leviton,Leviton Mfg Co (4927),"Leviton Manufacturing Co., Inc.",Leviton,,165-04729-00C,,,"Leviton Manufacturing Co., Inc. Leviton, Product, 165-04729-00C",PRODUCT,Leviton 165-04729-00C Product,Leviton Product,Product,,,,,,,,,,,,,,,,,,,,,,,,,,,Product,,,,,,,,,,,,,,,,,,,,,,,,,,,,,,,,,,,,,,,,,,,,,,,,,,,,,,,,,,,,,,,,,,,,,,,,,,,,,,,,,,,,,,,,,,,,,,,,,,,,,,,,,,,,,,,,,,,,,,,,,,,,,,,,,,,,,,,,,,,,,,,,,,,,,,,,,,,,,,,,,,,,,,,,,,,,,,,,,,,,,,,,,,,,FLAG: NEEDS_MANUAL_REVIEW (Low Confidence / Unmapped Taxonomy),,,,,,,,,
no source found,,,,,,,,,,,161-04720-00C,1610472000C 15A 125V Cord Conn,,,Leviton,Leviton Mfg Co (4927),"Leviton Manufacturing Co., Inc.",Leviton,,161-04720-00C,,,"Leviton Manufacturing Co., Inc. Leviton, Product, 161-04720-00C",PRODUCT,Leviton 161-04720-00C Product,Leviton Product,Product,,,,,,,,,,,,,,,,,,,,,,,,,,,Product,,,,,,,,,,,,,,,,,,,,,,,,,,,,,,,,,,,,,,,,,,,,,,,,,,,,,,,,,,,,,,,,,,,,,,,,,,,,,,,,,,,,,,,,,,,,,,,,,,,,,,,,,,,,,,,,,,,,,,,,,,,,,,,,,,,,,,,,,,,,,,,,,,,,,,,,,,,,,,,,,,,,,,,,,,,,,,,,,,,,,,,,,,,,FLAG: NEEDS_MANUAL_REVIEW (Low Confidence / Unmapped Taxonomy),,,,,,,,,
no source found,,,,,,,,,,,R02-GUAC1-0BW,R02GUAC10BW 15A/USB Outlet Wh,,,Leviton,Leviton Mfg Co (4927),"Leviton Manufacturing Co., Inc.",Leviton,,R02-GUAC1-0BW,,,"Leviton Manufacturing Co., Inc. Leviton, Product, R02-GUAC1-0BW",PRODUCT,Leviton R02-GUAC1-0BW Product,Leviton Product,Product,,,,,,,,,,,,,,,,,,,,,,,,,,,Product,,,,,,,,,,,,,,,,,,,,,,,,,,,,,,,,,,,,,,,,,,,,,,,,,,,,,,,,,,,,,,,,,,,,,,,,,,,,,,,,,,,,,,,,,,,,,,,,,,,,,,,,,,,,,,,,,,,,,,,,,,,,,,,,,,,,,,,,,,,,,,,,,,,,,,,,,,,,,,,,,,,,,,,,,,,,,,,,,,,,,,,,,,,,FLAG: NEEDS_MANUAL_REVIEW (Low Confidence / Unmapped Taxonomy),,,,,,,,,
no source found,,,,,,,,,,,R56-CBR15-00T,R56CBR1500T 15A Outlet LA,,,Leviton,Leviton Mfg Co (4927),"Leviton Manufacturing Co., Inc.",Leviton,,R56-CBR15-00T,,,"Leviton Manufacturing Co., Inc. Leviton, Product, R56-CBR15-00T",PRODUCT,Leviton R56-CBR15-00T Product,Leviton Product,Product,,,,,,,,,,,,,,,,,,,,,,,,,,,Product,,,,,,,,,,,,,,,,,,,,,,,,,,,,,,,,,,,,,,,,,,,,,,,,,,,,,,,,,,,,,,,,,,,,,,,,,,,,,,,,,,,,,,,,,,,,,,,,,,,,,,,,,,,,,,,,,,,,,,,,,,,,,,,,,,,,,,,,,,,,,,,,,,,,,,,,,,,,,,,,,,,,,,,,,,,,,,,,,,,,,,,,,,,,FLAG: NEEDS_MANUAL_REVIEW (Low Confidence / Unmapped Taxonomy),,,,,,,,,
no source found,,,,,,,,,,,R20-05378-P00,R2005378P00 6-50R Welder Outet,,,Leviton,Leviton Mfg Co (4927),"Leviton Manufacturing Co., Inc.",Leviton,,R20-05378-P00,,,"Leviton Manufacturing Co., Inc. Leviton, Product, R20-05378-P00",PRODUCT,Leviton R20-05378-P00 Product,Leviton Product,Product,,,,,,,,,,,,,,,,,,,,,,,,,,,Product,,,,,,,,,,,,,,,,,,,,,,,,,,,,,,,,,,,,,,,,,,,,,,,,,,,,,,,,,,,,,,,,,,,,,,,,,,,,,,,,,,,,,,,,,,,,,,,,,,,,,,,,,,,,,,,,,,,,,,,,,,,,,,,,,,,,,,,,,,,,,,,,,,,,,,,,,,,,,,,,,,,,,,,,,,,,,,,,,,,,,,,,,,,,FLAG: NEEDS_MANUAL_REVIEW (Low Confidence / Unmapped Taxonomy),,,,,,,,,
no source found,,,,,,,,,,,WC1V12W-SG-UPC,WC1V12WSGUPC 1G Cover Wh,,,Southwire,Southwire/g Turner (6603),Southwire Company,Southwire,,WC1V12W-SG-UPC,,,"Southwire Company Southwire, Product, WC1V12W-SG-UPC",PRODUCT,Southwire WC1V12W-SG-UPC Product,Southwire Product,Product,,,,,,,,,,,,,,,,,,,,,,,,,,,Product,,,,,,,,,,,,,,,,,,,,,,,,,,,,,,,,,,,,,,,,,,,,,,,,,,,,,,,,,,,,,,,,,,,,,,,,,,,,,,,,,,,,,,,,,,,,,,,,,,,,,,,,,,,,,,,,,,,,,,,,,,,,,,,,,,,,,,,,,,,,,,,,,,,,,,,,,,,,,,,,,,,,,,,,,,,,,,,,,,,,,,,,,,,,FLAG: NEEDS_MANUAL_REVIEW (Low Confidence / Unmapped Taxonomy),,,,,,,,,
no source found,,,,,,,,,,,R51-GSRA1-THD,R5GSRA1THD 15A GFCI Plug,,,Leviton,Leviton Mfg Co (4927),"Leviton Manufacturing Co., Inc.",Leviton,,R51-GSRA1-THD,,,"Leviton Manufacturing Co., Inc. Leviton, Product, R51-GSRA1-THD",PRODUCT,Leviton R51-GSRA1-THD Product,Leviton Product,Product,,,,,,,,,,,,,,,,,,,,,,,,,,,Product,,,,,,,,,,,,,,,,,,,,,,,,,,,,,,,,,,,,,,,,,,,,,,,,,,,,,,,,,,,,,,,,,,,,,,,,,,,,,,,,,,,,,,,,,,,,,,,,,,,,,,,,,,,,,,,,,,,,,,,,,,,,,,,,,,,,,,,,,,,,,,,,,,,,,,,,,,,,,,,,,,,,,,,,,,,,,,,,,,,,,,,,,,,,FLAG: NEEDS_MANUAL_REVIEW (Low Confidence / Unmapped Taxonomy),,,,,,,,,
no source found,,,,,,,,,,,R62-CBR15-00W,R62CBR1500W 15A Outlet Wh,,,Leviton,Leviton Mfg Co (4927),"Leviton Manufacturing Co., Inc.",Leviton,,R62-CBR15-00W,,,"Leviton Manufacturing Co., Inc. Leviton, Product, R62-CBR15-00W",PRODUCT,Leviton R62-CBR15-00W Product,Leviton Product,Product,,,,,,,,,,,,,,,,,,,,,,,,,,,Product,,,,,,,,,,,,,,,,,,,,,,,,,,,,,,,,,,,,,,,,,,,,,,,,,,,,,,,,,,,,,,,,,,,,,,,,,,,,,,,,,,,,,,,,,,,,,,,,,,,,,,,,,,,,,,,,,,,,,,,,,,,,,,,,,,,,,,,,,,,,,,,,,,,,,,,,,,,,,,,,,,,,,,,,,,,,,,,,,,,,,,,,,,,,FLAG: NEEDS_MANUAL_REVIEW (Low Confidence / Unmapped Taxonomy),,,,,,,,,
no source found,,,,,,,,,,,S03-05226-IS,S0305226IS IV Switch / Pilot,,,Leviton,Leviton Mfg Co (4927),"Leviton Manufacturing Co., Inc.",Leviton,,S03-05226-IS,,,"Leviton Manufacturing Co., Inc. Leviton, Product, S03-05226-IS",PRODUCT,Leviton S03-05226-IS Product,Leviton Product,Product,,,,,,,,,,,,,,,,,,,,,,,,,,,Product,,,,,,,,,,,,,,,,,,,,,,,,,,,,,,,,,,,,,,,,,,,,,,,,,,,,,,,,,,,,,,,,,,,,,,,,,,,,,,,,,,,,,,,,,,,,,,,,,,,,,,,,,,,,,,,,,,,,,,,,,,,,,,,,,,,,,,,,,,,,,,,,,,,,,,,,,,,,,,,,,,,,,,,,,,,,,,,,,,,,,,,,,,,,FLAG: NEEDS_MANUAL_REVIEW (Low Confidence / Unmapped Taxonomy),,,,,,,,,
no source found,,,,,,,,,,,174-0CSB3-15W,174-OCSB3-15A Toggle 3-Way Switch Wh,,,,Leviton Mfg Co (4927),"Leviton Manufacturing Co., Inc.",Leviton,,174-0CSB3-15W,,,"Leviton Manufacturing Co., Inc. Leviton, Product, 174-0CSB3-15W",PRODUCT,Leviton 174-0CSB3-15W Product,Leviton Product,Product,,,,,,,,,,,,,,,,,,,,,,,,,,,Product,,,,,,,,,,,,,,,,,,,,,,,,,,,,,,,,,,,,,,,,,,,,,,,,,,,,,,,,,,,,,,,,,,,,,,,,,,,,,,,,,,,,,,,,,,,,,,,,,,,,,,,,,,,,,,,,,,,,,,,,,,,,,,,,,,,,,,,,,,,,,,,,,,,,,,,,,,,,,,,,,,,,,,,,,,,,,,,,,,,,,,,,,,,,FLAG: NEEDS_MANUAL_REVIEW (Low Confidence / Unmapped Taxonomy),,,,,,,,,
no source found,,,,,,,,,,,R50-0SL13-000,T50-0SL13000 1G Wallplate SS - Blank,,,Leviton,Leviton Mfg Co (4927),"Leviton Manufacturing Co., Inc.",Leviton,,R50-0SL13-000,,,"Leviton Manufacturing Co., Inc. Leviton, Product, R50-0SL13-000",PRODUCT,Leviton R50-0SL13-000 Product,Leviton Product,Product,,,,,,,,,,,,,,,,,,,,,,,,,,,Product,,,,,,,,,,,,,,,,,,,,,,,,,,,,,,,,,,,,,,,,,,,,,,,,,,,,,,,,,,,,,,,,,,,,,,,,,,,,,,,,,,,,,,,,,,,,,,,,,,,,,,,,,,,,,,,,,,,,,,,,,,,,,,,,,,,,,,,,,,,,,,,,,,,,,,,,,,,,,,,,,,,,,,,,,,,,,,,,,,,,,,,,,,,,FLAG: NEEDS_MANUAL_REVIEW (Low Confidence / Unmapped Taxonomy),,,,,,,,,
no source found,,,,,,,,,,,R52-0PJ13-00W,R520PJ1300W 1G Wallplate Wh - Blank,,,Leviton,Leviton Mfg Co (4927),"Leviton Manufacturing Co., Inc.",Leviton,,R52-0PJ13-00W,,,"Leviton Manufacturing Co., Inc. Leviton, Product, R52-0PJ13-00W",PRODUCT,Leviton R52-0PJ13-00W Product,Leviton Product,Product,,,,,,,,,,,,,,,,,,,,,,,,,,,Product,,,,,,,,,,,,,,,,,,,,,,,,,,,,,,,,,,,,,,,,,,,,,,,,,,,,,,,,,,,,,,,,,,,,,,,,,,,,,,,,,,,,,,,,,,,,,,,,,,,,,,,,,,,,,,,,,,,,,,,,,,,,,,,,,,,,,,,,,,,,,,,,,,,,,,,,,,,,,,,,,,,,,,,,,,,,,,,,,,,,,,,,,,,,FLAG: NEEDS_MANUAL_REVIEW (Low Confidence / Unmapped Taxonomy),,,,,,,,,
no source found,,,,,,,,,,,XOU2470BCGS,XOU2470BCGS Tall Beverage Center SS,,,,Appliance Dealers Cooperative (APPDE),,,,XOU2470BCGS,,,", Product, XOU2470BCGS",PRODUCT,XOU2470BCGS Product,Product,Product,,,,,,,,,,,,,,,,,,,,,,,,,,,Product,,,,,,,,,,,,,,,,,,,,,,,,,,,,,,,,,,,,,,,,,,,,,,,,,,,,,,,,,,,,,,,,,,,,,,,,,,,,,,,,,,,,,,,,,,,,,,,,,,,,,,,,,,,,,,,,,,,,,,,,,,,,,,,,,,,,,,,,,,,,,,,,,,,,,,,,,,,,,,,,,,,,,,,,,,,,,,,,,,,,,,,,,,,,FLAG: NEEDS_MANUAL_REVIEW (Low Confidence / Unmapped Taxonomy),,,,,,,,,
no source found,,,,,,,,,,,XOU24BCGSR,XOU24BCGSR Beverage Center SS,,,,Appliance Dealers Cooperative (APPDE),,,,XOU24BCGSR,,,", Product, XOU24BCGSR",PRODUCT,XOU24BCGSR Product,Product,Product,,,,,,,,,,,,,,,,,,,,,,,,,,,Product,,,,,,,,,,,,,,,,,,,,,,,,,,,,,,,,,,,,,,,,,,,,,,,,,,,,,,,,,,,,,,,,,,,,,,,,,,,,,,,,,,,,,,,,,,,,,,,,,,,,,,,,,,,,,,,,,,,,,,,,,,,,,,,,,,,,,,,,,,,,,,,,,,,,,,,,,,,,,,,,,,,,,,,,,,,,,,,,,,,,,,,,,,,,FLAG: NEEDS_MANUAL_REVIEW (Low Confidence / Unmapped Taxonomy),,,,,,,,,
no source found,,,,,,,,,,,XOU24WDZGBR,XOU24WDZGBR Beverage Center Bk,,,,Appliance Dealers Cooperative (APPDE),,,,XOU24WDZGBR,,,", Product, XOU24WDZGBR",PRODUCT,XOU24WDZGBR Product,Product,Product,,,,,,,,,,,,,,,,,,,,,,,,,,,Product,,,,,,,,,,,,,,,,,,,,,,,,,,,,,,,,,,,,,,,,,,,,,,,,,,,,,,,,,,,,,,,,,,,,,,,,,,,,,,,,,,,,,,,,,,,,,,,,,,,,,,,,,,,,,,,,,,,,,,,,,,,,,,,,,,,,,,,,,,,,,,,,,,,,,,,,,,,,,,,,,,,,,,,,,,,,,,,,,,,,,,,,,,,,FLAG: NEEDS_MANUAL_REVIEW (Low Confidence / Unmapped Taxonomy),,,,,,,,,
no source found,,,,,,,,,,,C7CDAAS3PD3,C7CDAAS3PD3 Café Drip Coffee Maker MB,,,,Appliance Dealers Cooperative (APPDE),GE Appliances (Haier),Café,,C7CDAAS3PD3,,,"GE Appliances (Haier) Café, Product, C7CDAAS3PD3",PRODUCT,Café C7CDAAS3PD3 Product,Café Product,Product,,,,,,,,,,,,,,,,,,,,,,,,,,,Product,,,,,,,,,,,,,,,,,,,,,,,,,,,,,,,,,,,,,,,,,,,,,,,,,,,,,,,,,,,,,,,,,,,,,,,,,,,,,,,,,,,,,,,,,,,,,,,,,,,,,,,,,,,,,,,,,,,,,,,,,,,,,,,,,,,,,,,,,,,,,,,,,,,,,,,,,,,,,,,,,,,,,,,,,,,,,,,,,,,,,,,,,,,,FLAG: NEEDS_MANUAL_REVIEW (Low Confidence / Unmapped Taxonomy),,,,,,,,,
no source found,,,,,,,,,,,C7CDAAS4PW3,C7CDAAS4PW3 Café Drip Coffee Maker MW,,,,Appliance Dealers Cooperative (APPDE),GE Appliances (Haier),Café,,C7CDAAS4PW3,,,"GE Appliances (Haier) Café, Product, C7CDAAS4PW3",PRODUCT,Café C7CDAAS4PW3 Product,Café Product,Product,,,,,,,,,,,,,,,,,,,,,,,,,,,Product,,,,,,,,,,,,,,,,,,,,,,,,,,,,,,,,,,,,,,,,,,,,,,,,,,,,,,,,,,,,,,,,,,,,,,,,,,,,,,,,,,,,,,,,,,,,,,,,,,,,,,,,,,,,,,,,,,,,,,,,,,,,,,,,,,,,,,,,,,,,,,,,,,,,,,,,,,,,,,,,,,,,,,,,,,,,,,,,,,,,,,,,,,,,FLAG: NEEDS_MANUAL_REVIEW (Low Confidence / Unmapped Taxonomy),,,,,,,,,
no source found,,,,,,,,,,,C7CDABS2RS3,C7CDABS2RS3 Cafe Coffee Maker,,,,Appliance Dealers Cooperative (APPDE),GE Appliances (Haier),Cafe,,C7CDABS2RS3,,,"GE Appliances (Haier) Cafe, Product, C7CDABS2RS3",PRODUCT,Cafe C7CDABS2RS3 Product,Cafe Product,Product,,,,,,,,,,,,,,,,,,,,,,,,,,,Product,,,,,,,,,,,,,,,,,,,,,,,,,,,,,,,,,,,,,,,,,,,,,,,,,,,,,,,,,,,,,,,,,,,,,,,,,,,,,,,,,,,,,,,,,,,,,,,,,,,,,,,,,,,,,,,,,,,,,,,,,,,,,,,,,,,,,,,,,,,,,,,,,,,,,,,,,,,,,,,,,,,,,,,,,,,,,,,,,,,,,,,,,,,,FLAG: NEEDS_MANUAL_REVIEW (Low Confidence / Unmapped Taxonomy),,,,,,,,,
no source found,,,,,,,,,,,C7CDABS3RD3,C7CDABS3RD3 Café Coffee Maker MB,,,,Appliance Dealers Cooperative (APPDE),GE Appliances (Haier),Café,,C7CDABS3RD3,,,"GE Appliances (Haier) Café, Product, C7CDABS3RD3",PRODUCT,Café C7CDABS3RD3 Product,Café Product,Product,,,,,,,,,,,,,,,,,,,,,,,,,,,Product,,,,,,,,,,,,,,,,,,,,,,,,,,,,,,,,,,,,,,,,,,,,,,,,,,,,,,,,,,,,,,,,,,,,,,,,,,,,,,,,,,,,,,,,,,,,,,,,,,,,,,,,,,,,,,,,,,,,,,,,,,,,,,,,,,,,,,,,,,,,,,,,,,,,,,,,,,,,,,,,,,,,,,,,,,,,,,,,,,,,,,,,,,,,FLAG: NEEDS_MANUAL_REVIEW (Low Confidence / Unmapped Taxonomy),,,,,,,,,
no source found,,,,,,,,,,,C7CDABS4RW3,C7CDABS4RW3 Café Coffee Maker MW,,,,Appliance Dealers Cooperative (APPDE),GE Appliances (Haier),Café,,C7CDABS4RW3,,,"GE Appliances (Haier) Café, Product, C7CDABS4RW3",PRODUCT,Café C7CDABS4RW3 Product,Café Product,Product,,,,,,,,,,,,,,,,,,,,,,,,,,,Product,,,,,,,,,,,,,,,,,,,,,,,,,,,,,,,,,,,,,,,,,,,,,,,,,,,,,,,,,,,,,,,,,,,,,,,,,,,,,,,,,,,,,,,,,,,,,,,,,,,,,,,,,,,,,,,,,,,,,,,,,,,,,,,,,,,,,,,,,,,,,,,,,,,,,,,,,,,,,,,,,,,,,,,,,,,,,,,,,,,,,,,,,,,,FLAG: NEEDS_MANUAL_REVIEW (Low Confidence / Unmapped Taxonomy),,,,,,,,,
no source found,,,,,,,,,,,C7CEBBS2RS3,C7CEBBS2RS3 Cafe Auto Espresso Machine SS,,,,Appliance Dealers Cooperative (APPDE),GE Appliances (Haier),Cafe,,C7CEBBS2RS3,,,"GE Appliances (Haier) Cafe, Product, C7CEBBS2RS3",PRODUCT,Cafe C7CEBBS2RS3 Product,Cafe Product,Product,,,,,,,,,,,,,,,,,,,,,,,,,,,Product,,,,,,,,,,,,,,,,,,,,,,,,,,,,,,,,,,,,,,,,,,,,,,,,,,,,,,,,,,,,,,,,,,,,,,,,,,,,,,,,,,,,,,,,,,,,,,,,,,,,,,,,,,,,,,,,,,,,,,,,,,,,,,,,,,,,,,,,,,,,,,,,,,,,,,,,,,,,,,,,,,,,,,,,,,,,,,,,,,,,,,,,,,,,FLAG: NEEDS_MANUAL_REVIEW (Low Confidence / Unmapped Taxonomy),,,,,,,,,
no source found,,,,,,,,,,,C7CEBBS4RW3,C7CEBBS4RW3 Café Auto Espresso Machine Wh,,,,Appliance Dealers Cooperative (APPDE),GE Appliances (Haier),Café,,C7CEBBS4RW3,,,"GE Appliances (Haier) Café, Product, C7CEBBS4RW3",PRODUCT,Café C7CEBBS4RW3 Product,Café Product,Product,,,,,,,,,,,,,,,,,,,,,,,,,,,Product,,,,,,,,,,,,,,,,,,,,,,,,,,,,,,,,,,,,,,,,,,,,,,,,,,,,,,,,,,,,,,,,,,,,,,,,,,,,,,,,,,,,,,,,,,,,,,,,,,,,,,,,,,,,,,,,,,,,,,,,,,,,,,,,,,,,,,,,,,,,,,,,,,,,,,,,,,,,,,,,,,,,,,,,,,,,,,,,,,,,,,,,,,,,FLAG: NEEDS_MANUAL_REVIEW (Low Confidence / Unmapped Taxonomy),,,,,,,,,
no source found,,,,,,,,,,,C7CESAS2RS3,C7CESAS2RS3 Café Espresso SS,,,,Appliance Dealers Cooperative (APPDE),GE Appliances (Haier),Café,,C7CESAS2RS3,,,"GE Appliances (Haier) Café, Product, C7CESAS2RS3",PRODUCT,Café C7CESAS2RS3 Product,Café Product,Product,,,,,,,,,,,,,,,,,,,,,,,,,,,Product,,,,,,,,,,,,,,,,,,,,,,,,,,,,,,,,,,,,,,,,,,,,,,,,,,,,,,,,,,,,,,,,,,,,,,,,,,,,,,,,,,,,,,,,,,,,,,,,,,,,,,,,,,,,,,,,,,,,,,,,,,,,,,,,,,,,,,,,,,,,,,,,,,,,,,,,,,,,,,,,,,,,,,,,,,,,,,,,,,,,,,,,,,,,FLAG: NEEDS_MANUAL_REVIEW (Low Confidence / Unmapped Taxonomy),,,,,,,,,
no source found,,,,,,,,,,,C7CESAS3RD3,C7CESAS3RD3 Café Espresso Machine MB,,,,Appliance Dealers Cooperative (APPDE),GE Appliances (Haier),Café,,C7CESAS3RD3,,,"GE Appliances (Haier) Café, Product, C7CESAS3RD3",PRODUCT,Café C7CESAS3RD3 Product,Café Product,Product,,,,,,,,,,,,,,,,,,,,,,,,,,,Product,,,,,,,,,,,,,,,,,,,,,,,,,,,,,,,,,,,,,,,,,,,,,,,,,,,,,,,,,,,,,,,,,,,,,,,,,,,,,,,,,,,,,,,,,,,,,,,,,,,,,,,,,,,,,,,,,,,,,,,,,,,,,,,,,,,,,,,,,,,,,,,,,,,,,,,,,,,,,,,,,,,,,,,,,,,,,,,,,,,,,,,,,,,,FLAG: NEEDS_MANUAL_REVIEW (Low Confidence / Unmapped Taxonomy),,,,,,,,,
no source found,,,,,,,,,,,C7CESAS4RW3,C7CESAS4RW3 Cafe Espresso Wh,,,,Appliance Dealers Cooperative (APPDE),GE Appliances (Haier),Cafe,,C7CESAS4RW3,,,"GE Appliances (Haier) Cafe, Product, C7CESAS4RW3",PRODUCT,Cafe C7CESAS4RW3 Product,Cafe Product,Product,,,,,,,,,,,,,,,,,,,,,,,,,,,Product,,,,,,,,,,,,,,,,,,,,,,,,,,,,,,,,,,,,,,,,,,,,,,,,,,,,,,,,,,,,,,,,,,,,,,,,,,,,,,,,,,,,,,,,,,,,,,,,,,,,,,,,,,,,,,,,,,,,,,,,,,,,,,,,,,,,,,,,,,,,,,,,,,,,,,,,,,,,,,,,,,,,,,,,,,,,,,,,,,,,,,,,,,,,FLAG: NEEDS_MANUAL_REVIEW (Low Confidence / Unmapped Taxonomy),,,,,,,,,
no source found,,,,,,,,,,,WOSP30100SS,WOSP30100SS Beko Wall Oven SS,,,,Appliance Dealers Cooperative (APPDE),,,,WOSP30100SS,,,", Product, WOSP30100SS",PRODUCT,WOSP30100SS Product,Product,Product,,,,,,,,,,,,,,,,,,,,,,,,,,,Product,,,,,,,,,,,,,,,,,,,,,,,,,,,,,,,,,,,,,,,,,,,,,,,,,,,,,,,,,,,,,,,,,,,,,,,,,,,,,,,,,,,,,,,,,,,,,,,,,,,,,,,,,,,,,,,,,,,,,,,,,,,,,,,,,,,,,,,,,,,,,,,,,,,,,,,,,,,,,,,,,,,,,,,,,,,,,,,,,,,,,,,,,,,,FLAG: NEEDS_MANUAL_REVIEW (Low Confidence / Unmapped Taxonomy),,,,,,,,,
no source found,,,,,,,,,,,MSER2090S,MSER2090S LG Microwave SS,,,,Appliance Dealers Cooperative (APPDE),LG Electronics USA,LG,,MSER2090S,,,"LG Electronics USA LG, Product, MSER2090S",PRODUCT,LG MSER2090S Product,LG Product,Product,,,,,,,,,,,,,,,,,,,,,,,,,,,Product,,,,,,,,,,,,,,,,,,,,,,,,,,,,,,,,,,,,,,,,,,,,,,,,,,,,,,,,,,,,,,,,,,,,,,,,,,,,,,,,,,,,,,,,,,,,,,,,,,,,,,,,,,,,,,,,,,,,,,,,,,,,,,,,,,,,,,,,,,,,,,,,,,,,,,,,,,,,,,,,,,,,,,,,,,,,,,,,,,,,,,,,,,,,FLAG: NEEDS_MANUAL_REVIEW (Low Confidence / Unmapped Taxonomy),,,,,,,,,
no source found,,,,,,,,,,,GCST16S1WSS,GCST16S1WSS GE Microwave SS,,,,Appliance Dealers Cooperative (APPDE),GE Appliances (Haier),GE,,GCST16S1WSS,,,"GE Appliances (Haier) GE, Product, GCST16S1WSS",PRODUCT,GE GCST16S1WSS Product,GE Product,Product,,,,,,,,,,,,,,,,,,,,,,,,,,,Product,,,,,,,,,,,,,,,,,,,,,,,,,,,,,,,,,,,,,,,,,,,,,,,,,,,,,,,,,,,,,,,,,,,,,,,,,,,,,,,,,,,,,,,,,,,,,,,,,,,,,,,,,,,,,,,,,,,,,,,,,,,,,,,,,,,,,,,,,,,,,,,,,,,,,,,,,,,,,,,,,,,,,,,,,,,,,,,,,,,,,,,,,,,,FLAG: NEEDS_MANUAL_REVIEW (Low Confidence / Unmapped Taxonomy),,,,,,,,,
no source found,,,,,,,,,,,PCWK15C1WSS,PCWK15C1WSS GE Microwave,,,,Appliance Dealers Cooperative (APPDE),GE Appliances (Haier),GE,,PCWK15C1WSS,,,"GE Appliances (Haier) GE, Product, PCWK15C1WSS",PRODUCT,GE PCWK15C1WSS Product,GE Product,Product,,,,,,,,,,,,,,,,,,,,,,,,,,,Product,,,,,,,,,,,,,,,,,,,,,,,,,,,,,,,,,,,,,,,,,,,,,,,,,,,,,,,,,,,,,,,,,,,,,,,,,,,,,,,,,,,,,,,,,,,,,,,,,,,,,,,,,,,,,,,,,,,,,,,,,,,,,,,,,,,,,,,,,,,,,,,,,,,,,,,,,,,,,,,,,,,,,,,,,,,,,,,,,,,,,,,,,,,,FLAG: NEEDS_MANUAL_REVIEW (Low Confidence / Unmapped Taxonomy),,,,,,,,,
no source found,,,,,,,,,,,SMC2266KS,SMC2266KS Microwave SS Display Only,,,,Appliance Dealers Cooperative (APPDE),,,,SMC2266KS,,,", Product, SMC2266KS",PRODUCT,SMC2266KS Product,Product,Product,,,,,,,,,,,,,,,,,,,,,,,,,,,Product,,,,,,,,,,,,,,,,,,,,,,,,,,,,,,,,,,,,,,,,,,,,,,,,,,,,,,,,,,,,,,,,,,,,,,,,,,,,,,,,,,,,,,,,,,,,,,,,,,,,,,,,,,,,,,,,,,,,,,,,,,,,,,,,,,,,,,,,,,,,,,,,,,,,,,,,,,,,,,,,,,,,,,,,,,,,,,,,,,,,,,,,,,,,FLAG: NEEDS_MANUAL_REVIEW (Low Confidence / Unmapped Taxonomy),,,,,,,,,
no source found,,,,,,,,,,,SMD2479JS,SMD2479JS Microwave Drawer SS Display Only,,,,Appliance Dealers Cooperative (APPDE),,,,SMD2479JS,,,", Product, SMD2479JS",PRODUCT,SMD2479JS Product,Product,Product,,,,,,,,,,,,,,,,,,,,,,,,,,,Product,,,,,,,,,,,,,,,,,,,,,,,,,,,,,,,,,,,,,,,,,,,,,,,,,,,,,,,,,,,,,,,,,,,,,,,,,,,,,,,,,,,,,,,,,,,,,,,,,,,,,,,,,,,,,,,,,,,,,,,,,,,,,,,,,,,,,,,,,,,,,,,,,,,,,,,,,,,,,,,,,,,,,,,,,,,,,,,,,,,,,,,,,,,,FLAG: NEEDS_MANUAL_REVIEW (Low Confidence / Unmapped Taxonomy),,,,,,,,,
no source found,,,,,,,,,,,PEP9030DTBB,"PEP9030DTBB 30"" GE Cooktop Bk",,,,Appliance Dealers Cooperative (APPDE),GE Appliances (Haier),GE,,PEP9030DTBB,,,"GE Appliances (Haier) GE, Product, PEP9030DTBB",PRODUCT,GE PEP9030DTBB Product,GE Product,Product,,,,,,,,,,,,,,,,,,,,,,,,,,,Product,,,,,,,,,,,,,,,,,,,,,,,,,,,,,,,,,,,,,,,,,,,,,,,,,,,,,,,,,,,,,,,,,,,,,,,,,,,,,,,,,,,,,,,,,,,,,,,,,,,,,,,,,,,,,,,,,,,,,,,,,,,,,,,,,,,,,,,,,,,,,,,,,,,,,,,,,,,,,,,,,,,,,,,,,,,,,,,,,,,,,,,,,,,,FLAG: NEEDS_MANUAL_REVIEW (Low Confidence / Unmapped Taxonomy),,,,,,,,,
no source found,,,,,,,,,,,CES700P3MD1,"CES700P3MD1 Cafe 30"" Range Bk - Display",,,,Appliance Dealers Cooperative (APPDE),GE Appliances (Haier),Cafe,,CES700P3MD1,,,"GE Appliances (Haier) Cafe, Product, CES700P3MD1",PRODUCT,Cafe CES700P3MD1 Product,Cafe Product,Product,,,,,,,,,,,,,,,,,,,,,,,,,,,Product,,,,,,,,,,,,,,,,,,,,,,,,,,,,,,,,,,,,,,,,,,,,,,,,,,,,,,,,,,,,,,,,,,,,,,,,,,,,,,,,,,,,,,,,,,,,,,,,,,,,,,,,,,,,,,,,,,,,,,,,,,,,,,,,,,,,,,,,,,,,,,,,,,,,,,,,,,,,,,,,,,,,,,,,,,,,,,,,,,,,,,,,,,,,FLAG: NEEDS_MANUAL_REVIEW (Low Confidence / Unmapped Taxonomy),,,,,,,,,
no source found,,,,,,,,,,,PS960YPFS,"PS960YPFS 30"" GE Electric Range SS - Display Only",,,,Appliance Dealers Cooperative (APPDE),GE Appliances (Haier),GE,,PS960YPFS,,,"GE Appliances (Haier) GE, Product, PS960YPFS",PRODUCT,GE PS960YPFS Product,GE Product,Product,,,,,,,,,,,,,,,,,,,,,,,,,,,Product,,,,,,,,,,,,,,,,,,,,,,,,,,,,,,,,,,,,,,,,,,,,,,,,,,,,,,,,,,,,,,,,,,,,,,,,,,,,,,,,,,,,,,,,,,,,,,,,,,,,,,,,,,,,,,,,,,,,,,,,,,,,,,,,,,,,,,,,,,,,,,,,,,,,,,,,,,,,,,,,,,,,,,,,,,,,,,,,,,,,,,,,,,,,FLAG: NEEDS_MANUAL_REVIEW (Low Confidence / Unmapped Taxonomy),,,,,,,,,
no source found,,,,,,,,,,,PB900YVFS,"PB900YVFS Elect 30"" Range SS",,,,Appliance Dealers Cooperative (APPDE),,,,PB900YVFS,,,", Product, PB900YVFS",PRODUCT,PB900YVFS Product,Product,Product,,,,,,,,,,,,,,,,,,,,,,,,,,,Product,,,,,,,,,,,,,,,,,,,,,,,,,,,,,,,,,,,,,,,,,,,,,,,,,,,,,,,,,,,,,,,,,,,,,,,,,,,,,,,,,,,,,,,,,,,,,,,,,,,,,,,,,,,,,,,,,,,,,,,,,,,,,,,,,,,,,,,,,,,,,,,,,,,,,,,,,,,,,,,,,,,,,,,,,,,,,,,,,,,,,,,,,,,,FLAG: NEEDS_MANUAL_REVIEW (Low Confidence / Unmapped Taxonomy),,,,,,,,,
no source found,,,,,,,,,,,PCFE3080AF,"PCFE3080AF 30"" Elect Range SS - Display Only",,,,Appliance Dealers Cooperative (APPDE),,,,PCFE3080AF,,,", Product, PCFE3080AF",PRODUCT,PCFE3080AF Product,Product,Product,,,,,,,,,,,,,,,,,,,,,,,,,,,Product,,,,,,,,,,,,,,,,,,,,,,,,,,,,,,,,,,,,,,,,,,,,,,,,,,,,,,,,,,,,,,,,,,,,,,,,,,,,,,,,,,,,,,,,,,,,,,,,,,,,,,,,,,,,,,,,,,,,,,,,,,,,,,,,,,,,,,,,,,,,,,,,,,,,,,,,,,,,,,,,,,,,,,,,,,,,,,,,,,,,,,,,,,,,FLAG: NEEDS_MANUAL_REVIEW (Low Confidence / Unmapped Taxonomy),,,,,,,,,
no source found,,,,,,,,,,,SLER30524SS,"SLER30524SS 30"" Elect Range SS",,,,Appliance Dealers Cooperative (APPDE),,,,SLER30524SS,,,", Product, SLER30524SS",PRODUCT,SLER30524SS Product,Product,Product,,,,,,,,,,,,,,,,,,,,,,,,,,,Product,,,,,,,,,,,,,,,,,,,,,,,,,,,,,,,,,,,,,,,,,,,,,,,,,,,,,,,,,,,,,,,,,,,,,,,,,,,,,,,,,,,,,,,,,,,,,,,,,,,,,,,,,,,,,,,,,,,,,,,,,,,,,,,,,,,,,,,,,,,,,,,,,,,,,,,,,,,,,,,,,,,,,,,,,,,,,,,,,,,,,,,,,,,,FLAG: NEEDS_MANUAL_REVIEW (Low Confidence / Unmapped Taxonomy),,,,,,,,,
no source found,,,,,,,,,,,LSEL6333ZE,"LSEL6333ZE LG 30"" Elec Range BS-Display Only",,,,Appliance Dealers Cooperative (APPDE),LG Electronics USA,LG,,LSEL6333ZE,,,"LG Electronics USA LG, Product, LSEL6333ZE",PRODUCT,LG LSEL6333ZE Product,LG Product,Product,,,,,,,,,,,,,,,,,,,,,,,,,,,Product,,,,,,,,,,,,,,,,,,,,,,,,,,,,,,,,,,,,,,,,,,,,,,,,,,,,,,,,,,,,,,,,,,,,,,,,,,,,,,,,,,,,,,,,,,,,,,,,,,,,,,,,,,,,,,,,,,,,,,,,,,,,,,,,,,,,,,,,,,,,,,,,,,,,,,,,,,,,,,,,,,,,,,,,,,,,,,,,,,,,,,,,,,,,FLAG: NEEDS_MANUAL_REVIEW (Low Confidence / Unmapped Taxonomy),,,,,,,,,
no source found,,,,,,,,,,,KSES530SBE,"KSES530SBE 30"" Elect Range BO Display Only",,,,Appliance Dealers Cooperative (APPDE),,,,KSES530SBE,,,", Product, KSES530SBE",PRODUCT,KSES530SBE Product,Product,Product,,,,,,,,,,,,,,,,,,,,,,,,,,,Product,,,,,,,,,,,,,,,,,,,,,,,,,,,,,,,,,,,,,,,,,,,,,,,,,,,,,,,,,,,,,,,,,,,,,,,,,,,,,,,,,,,,,,,,,,,,,,,,,,,,,,,,,,,,,,,,,,,,,,,,,,,,,,,,,,,,,,,,,,,,,,,,,,,,,,,,,,,,,,,,,,,,,,,,,,,,,,,,,,,,,,,,,,,,FLAG: NEEDS_MANUAL_REVIEW (Low Confidence / Unmapped Taxonomy),,,,,,,,,
no source found,,,,,,,,,,,GCFG3661AF,"GCFG3661AF 36"" Frigidaire Gas Range SS",,,,Appliance Dealers Cooperative (APPDE),Rheem Manufacturing,Frigidaire,,GCFG3661AF,,,"Rheem Manufacturing Frigidaire, Product, GCFG3661AF",PRODUCT,Frigidaire GCFG3661AF Product,Frigidaire Product,Product,,,,,,,,,,,,,,,,,,,,,,,,,,,Product,,,,,,,,,,,,,,,,,,,,,,,,,,,,,,,,,,,,,,,,,,,,,,,,,,,,,,,,,,,,,,,,,,,,,,,,,,,,,,,,,,,,,,,,,,,,,,,,,,,,,,,,,,,,,,,,,,,,,,,,,,,,,,,,,,,,,,,,,,,,,,,,,,,,,,,,,,,,,,,,,,,,,,,,,,,,,,,,,,,,,,,,,,,,FLAG: NEEDS_MANUAL_REVIEW (Low Confidence / Unmapped Taxonomy),,,,,,,,,
no source found,,,,,,,,,,,WSGS7530RZ,"WSGS7530RZ 30"" Gas Range SS - Display Only",,,,Appliance Dealers Cooperative (APPDE),,,,WSGS7530RZ,,,", Product, WSGS7530RZ",PRODUCT,WSGS7530RZ Product,Product,Product,,,,,,,,,,,,,,,,,,,,,,,,,,,Product,,,,,,,,,,,,,,,,,,,,,,,,,,,,,,,,,,,,,,,,,,,,,,,,,,,,,,,,,,,,,,,,,,,,,,,,,,,,,,,,,,,,,,,,,,,,,,,,,,,,,,,,,,,,,,,,,,,,,,,,,,,,,,,,,,,,,,,,,,,,,,,,,,,,,,,,,,,,,,,,,,,,,,,,,,,,,,,,,,,,,,,,,,,,FLAG: NEEDS_MANUAL_REVIEW (Low Confidence / Unmapped Taxonomy),,,,,,,,,
no source found,,,,,,,,,,,CHP90301TBB,CHP90301TBB Café Cooktop Bk,,,,Appliance Dealers Cooperative (APPDE),GE Appliances (Haier),Café,,CHP90301TBB,,,"GE Appliances (Haier) Café, Product, CHP90301TBB",PRODUCT,Café CHP90301TBB Product,Café Product,Product,,,,,,,,,,,,,,,,,,,,,,,,,,,Product,,,,,,,,,,,,,,,,,,,,,,,,,,,,,,,,,,,,,,,,,,,,,,,,,,,,,,,,,,,,,,,,,,,,,,,,,,,,,,,,,,,,,,,,,,,,,,,,,,,,,,,,,,,,,,,,,,,,,,,,,,,,,,,,,,,,,,,,,,,,,,,,,,,,,,,,,,,,,,,,,,,,,,,,,,,,,,,,,,,,,,,,,,,,FLAG: NEEDS_MANUAL_REVIEW (Low Confidence / Unmapped Taxonomy),,,,,,,,,
no source found,,,,,,,,,,,CVM517P3RD1,CVM517P3RD1 Cafe Microwave Bk - Display,,,,Appliance Dealers Cooperative (APPDE),GE Appliances (Haier),Cafe,,CVM517P3RD1,,,"GE Appliances (Haier) Cafe, Product, CVM517P3RD1",PRODUCT,Cafe CVM517P3RD1 Product,Cafe Product,Product,,,,,,,,,,,,,,,,,,,,,,,,,,,Product,,,,,,,,,,,,,,,,,,,,,,,,,,,,,,,,,,,,,,,,,,,,,,,,,,,,,,,,,,,,,,,,,,,,,,,,,,,,,,,,,,,,,,,,,,,,,,,,,,,,,,,,,,,,,,,,,,,,,,,,,,,,,,,,,,,,,,,,,,,,,,,,,,,,,,,,,,,,,,,,,,,,,,,,,,,,,,,,,,,,,,,,,,,,FLAG: NEEDS_MANUAL_REVIEW (Low Confidence / Unmapped Taxonomy),,,,,,,,,
no source found,,,,,,,,,,,PMOS1980AF,PMOS1980AF OTR Microwave SS - Display Only,,,,Appliance Dealers Cooperative (APPDE),,,,PMOS1980AF,,,", Product, PMOS1980AF",PRODUCT,PMOS1980AF Product,Product,Product,,,,,,,,,,,,,,,,,,,,,,,,,,,Product,,,,,,,,,,,,,,,,,,,,,,,,,,,,,,,,,,,,,,,,,,,,,,,,,,,,,,,,,,,,,,,,,,,,,,,,,,,,,,,,,,,,,,,,,,,,,,,,,,,,,,,,,,,,,,,,,,,,,,,,,,,,,,,,,,,,,,,,,,,,,,,,,,,,,,,,,,,,,,,,,,,,,,,,,,,,,,,,,,,,,,,,,,,,FLAG: NEEDS_MANUAL_REVIEW (Low Confidence / Unmapped Taxonomy),,,,,,,,,
no source found,,,,,,,,,,,WMMS3330RZ,WMMS3330RZ OTR Mocrowave SS - Display Only,,,,Appliance Dealers Cooperative (APPDE),,,,WMMS3330RZ,,,", Product, WMMS3330RZ",PRODUCT,WMMS3330RZ Product,Product,Product,,,,,,,,,,,,,,,,,,,,,,,,,,,Product,,,,,,,,,,,,,,,,,,,,,,,,,,,,,,,,,,,,,,,,,,,,,,,,,,,,,,,,,,,,,,,,,,,,,,,,,,,,,,,,,,,,,,,,,,,,,,,,,,,,,,,,,,,,,,,,,,,,,,,,,,,,,,,,,,,,,,,,,,,,,,,,,,,,,,,,,,,,,,,,,,,,,,,,,,,,,,,,,,,,,,,,,,,,FLAG: NEEDS_MANUAL_REVIEW (Low Confidence / Unmapped Taxonomy),,,,,,,,,
no source found,,,,,,,,,,,KMMF530PBE,KMMF530PBE OTR Microwave BO Display Only,,,,Appliance Dealers Cooperative (APPDE),,,,KMMF530PBE,,,", Product, KMMF530PBE",PRODUCT,KMMF530PBE Product,Product,Product,,,,,,,,,,,,,,,,,,,,,,,,,,,Product,,,,,,,,,,,,,,,,,,,,,,,,,,,,,,,,,,,,,,,,,,,,,,,,,,,,,,,,,,,,,,,,,,,,,,,,,,,,,,,,,,,,,,,,,,,,,,,,,,,,,,,,,,,,,,,,,,,,,,,,,,,,,,,,,,,,,,,,,,,,,,,,,,,,,,,,,,,,,,,,,,,,,,,,,,,,,,,,,,,,,,,,,,,,FLAG: NEEDS_MANUAL_REVIEW (Low Confidence / Unmapped Taxonomy),,,,,,,,,
no source found,,,,,,,,,,,JXGRILL1,JXGRILL1 GE Range Grill,,,,Appliance Dealers Cooperative (APPDE),GE Appliances (Haier),GE,,JXGRILL1,,,"GE Appliances (Haier) GE, Product, JXGRILL1",PRODUCT,GE JXGRILL1 Product,GE Product,Product,,,,,,,,,,,,,,,,,,,,,,,,,,,Product,,,,,,,,,,,,,,,,,,,,,,,,,,,,,,,,,,,,,,,,,,,,,,,,,,,,,,,,,,,,,,,,,,,,,,,,,,,,,,,,,,,,,,,,,,,,,,,,,,,,,,,,,,,,,,,,,,,,,,,,,,,,,,,,,,,,,,,,,,,,,,,,,,,,,,,,,,,,,,,,,,,,,,,,,,,,,,,,,,,,,,,,,,,,FLAG: NEEDS_MANUAL_REVIEW (Low Confidence / Unmapped Taxonomy),,,,,,,,,
no source found,,,,,,,,,,,C9TMA2S3PD3,C9TMA2S3PD3 Café Toaster MB,,,,Appliance Dealers Cooperative (APPDE),GE Appliances (Haier),Café,,C9TMA2S3PD3,,,"GE Appliances (Haier) Café, Product, C9TMA2S3PD3",PRODUCT,Café C9TMA2S3PD3 Product,Café Product,Product,,,,,,,,,,,,,,,,,,,,,,,,,,,Product,,,,,,,,,,,,,,,,,,,,,,,,,,,,,,,,,,,,,,,,,,,,,,,,,,,,,,,,,,,,,,,,,,,,,,,,,,,,,,,,,,,,,,,,,,,,,,,,,,,,,,,,,,,,,,,,,,,,,,,,,,,,,,,,,,,,,,,,,,,,,,,,,,,,,,,,,,,,,,,,,,,,,,,,,,,,,,,,,,,,,,,,,,,,FLAG: NEEDS_MANUAL_REVIEW (Low Confidence / Unmapped Taxonomy),,,,,,,,,
no source found,,,,,,,,,,,C9TMA2S4PW3,C9TMA2S4PW3 Café Toaster MW,,,,Appliance Dealers Cooperative (APPDE),GE Appliances (Haier),Café,,C9TMA2S4PW3,,,"GE Appliances (Haier) Café, Product, C9TMA2S4PW3",PRODUCT,Café C9TMA2S4PW3 Product,Café Product,Product,,,,,,,,,,,,,,,,,,,,,,,,,,,Product,,,,,,,,,,,,,,,,,,,,,,,,,,,,,,,,,,,,,,,,,,,,,,,,,,,,,,,,,,,,,,,,,,,,,,,,,,,,,,,,,,,,,,,,,,,,,,,,,,,,,,,,,,,,,,,,,,,,,,,,,,,,,,,,,,,,,,,,,,,,,,,,,,,,,,,,,,,,,,,,,,,,,,,,,,,,,,,,,,,,,,,,,,,,FLAG: NEEDS_MANUAL_REVIEW (Low Confidence / Unmapped Taxonomy),,,,,,,,,
no source found,,,,,,,,,,,C90AAAS2RS3,C90AAAS2RS3 Cafe Toast Oven SS,,,,Appliance Dealers Cooperative (APPDE),GE Appliances (Haier),Cafe,,C90AAAS2RS3,,,"GE Appliances (Haier) Cafe, Product, C90AAAS2RS3",PRODUCT,Cafe C90AAAS2RS3 Product,Cafe Product,Product,,,,,,,,,,,,,,,,,,,,,,,,,,,Product,,,,,,,,,,,,,,,,,,,,,,,,,,,,,,,,,,,,,,,,,,,,,,,,,,,,,,,,,,,,,,,,,,,,,,,,,,,,,,,,,,,,,,,,,,,,,,,,,,,,,,,,,,,,,,,,,,,,,,,,,,,,,,,,,,,,,,,,,,,,,,,,,,,,,,,,,,,,,,,,,,,,,,,,,,,,,,,,,,,,,,,,,,,,FLAG: NEEDS_MANUAL_REVIEW (Low Confidence / Unmapped Taxonomy),,,,,,,,,
no source found,,,,,,,,,,,C9TMA2SP2PS3,C9TMA2S2PS3 Cafe Toaster SS,,,,Appliance Dealers Cooperative (APPDE),GE Appliances (Haier),Cafe,,C9TMA2SP2PS3,,,"GE Appliances (Haier) Cafe, Product, C9TMA2SP2PS3",PRODUCT,Cafe C9TMA2SP2PS3 Product,Cafe Product,Product,,,,,,,,,,,,,,,,,,,,,,,,,,,Product,,,,,,,,,,,,,,,,,,,,,,,,,,,,,,,,,,,,,,,,,,,,,,,,,,,,,,,,,,,,,,,,,,,,,,,,,,,,,,,,,,,,,,,,,,,,,,,,,,,,,,,,,,,,,,,,,,,,,,,,,,,,,,,,,,,,,,,,,,,,,,,,,,,,,,,,,,,,,,,,,,,,,,,,,,,,,,,,,,,,,,,,,,,,FLAG: NEEDS_MANUAL_REVIEW (Low Confidence / Unmapped Taxonomy),,,,,,,,,
no source found,,,,,,,,,,,GDE21EMKES,GDE21EMKES GE 21CF Fridge SL Display Only,,,,Appliance Dealers Cooperative (APPDE),GE Appliances (Haier),GE,,GDE21EMKES,,,"GE Appliances (Haier) GE, Product, GDE21EMKES",PRODUCT,GE GDE21EMKES Product,GE Product,Product,,,,,,,,,,,,,,,,,,,,,,,,,,,Product,,,,,,,,,,,,,,,,,,,,,,,,,,,,,,,,,,,,,,,,,,,,,,,,,,,,,,,,,,,,,,,,,,,,,,,,,,,,,,,,,,,,,,,,,,,,,,,,,,,,,,,,,,,,,,,,,,,,,,,,,,,,,,,,,,,,,,,,,,,,,,,,,,,,,,,,,,,,,,,,,,,,,,,,,,,,,,,,,,,,,,,,,,,,FLAG: NEEDS_MANUAL_REVIEW (Low Confidence / Unmapped Taxonomy),,,,,,,,,
no source found,,,,,,,,,,,FCM16SLWW,FCM16SLWW 16CF GE Freezer Chest MH,,,,Appliance Dealers Cooperative (APPDE),GE Appliances (Haier),GE,,FCM16SLWW,,,"GE Appliances (Haier) GE, Product, FCM16SLWW",PRODUCT,GE FCM16SLWW Product,GE Product,Product,,,,,,,,,,,,,,,,,,,,,,,,,,,Product,,,,,,,,,,,,,,,,,,,,,,,,,,,,,,,,,,,,,,,,,,,,,,,,,,,,,,,,,,,,,,,,,,,,,,,,,,,,,,,,,,,,,,,,,,,,,,,,,,,,,,,,,,,,,,,,,,,,,,,,,,,,,,,,,,,,,,,,,,,,,,,,,,,,,,,,,,,,,,,,,,,,,,,,,,,,,,,,,,,,,,,,,,,,FLAG: NEEDS_MANUAL_REVIEW (Low Confidence / Unmapped Taxonomy),,,,,,,,,
no source found,,,,,,,,,,,GNE27JYMFS,GNE27JYMFS GE Fridge SS,,,,Appliance Dealers Cooperative (APPDE),GE Appliances (Haier),GE,,GNE27JYMFS,,,"GE Appliances (Haier) GE, Product, GNE27JYMFS",PRODUCT,GE GNE27JYMFS Product,GE Product,Product,,,,,,,,,,,,,,,,,,,,,,,,,,,Product,,,,,,,,,,,,,,,,,,,,,,,,,,,,,,,,,,,,,,,,,,,,,,,,,,,,,,,,,,,,,,,,,,,,,,,,,,,,,,,,,,,,,,,,,,,,,,,,,,,,,,,,,,,,,,,,,,,,,,,,,,,,,,,,,,,,,,,,,,,,,,,,,,,,,,,,,,,,,,,,,,,,,,,,,,,,,,,,,,,,,,,,,,,,FLAG: NEEDS_MANUAL_REVIEW (Low Confidence / Unmapped Taxonomy),,,,,,,,,
no source found,,,,,,,,,,,CVE28DP3ND1,CVE28DP3ND1 Cafe Fridge Bk,,,,Appliance Dealers Cooperative (APPDE),GE Appliances (Haier),Cafe,,CVE28DP3ND1,,,"GE Appliances (Haier) Cafe, Product, CVE28DP3ND1",PRODUCT,Cafe CVE28DP3ND1 Product,Cafe Product,Product,,,,,,,,,,,,,,,,,,,,,,,,,,,Product,,,,,,,,,,,,,,,,,,,,,,,,,,,,,,,,,,,,,,,,,,,,,,,,,,,,,,,,,,,,,,,,,,,,,,,,,,,,,,,,,,,,,,,,,,,,,,,,,,,,,,,,,,,,,,,,,,,,,,,,,,,,,,,,,,,,,,,,,,,,,,,,,,,,,,,,,,,,,,,,,,,,,,,,,,,,,,,,,,,,,,,,,,,,FLAG: NEEDS_MANUAL_REVIEW (Low Confidence / Unmapped Taxonomy),,,,,,,,,
no source found,,,,,,,,,,,GNE25JMKES,GNE25JMKES GE Fridge Slate - Display,,,,Appliance Dealers Cooperative (APPDE),GE Appliances (Haier),GE,,GNE25JMKES,,,"GE Appliances (Haier) GE, Product, GNE25JMKES",PRODUCT,GE GNE25JMKES Product,GE Product,Product,,,,,,,,,,,,,,,,,,,,,,,,,,,Product,,,,,,,,,,,,,,,,,,,,,,,,,,,,,,,,,,,,,,,,,,,,,,,,,,,,,,,,,,,,,,,,,,,,,,,,,,,,,,,,,,,,,,,,,,,,,,,,,,,,,,,,,,,,,,,,,,,,,,,,,,,,,,,,,,,,,,,,,,,,,,,,,,,,,,,,,,,,,,,,,,,,,,,,,,,,,,,,,,,,,,,,,,,,FLAG: NEEDS_MANUAL_REVIEW (Low Confidence / Unmapped Taxonomy),,,,,,,,,
no source found,,,,,,,,,,,PRFS2883AF,"PRFS2883AF 36"" Fridge SS - Display Only",,,,Appliance Dealers Cooperative (APPDE),,,,PRFS2883AF,,,", Product, PRFS2883AF",PRODUCT,PRFS2883AF Product,Product,Product,,,,,,,,,,,,,,,,,,,,,,,,,,,Product,,,,,,,,,,,,,,,,,,,,,,,,,,,,,,,,,,,,,,,,,,,,,,,,,,,,,,,,,,,,,,,,,,,,,,,,,,,,,,,,,,,,,,,,,,,,,,,,,,,,,,,,,,,,,,,,,,,,,,,,,,,,,,,,,,,,,,,,,,,,,,,,,,,,,,,,,,,,,,,,,,,,,,,,,,,,,,,,,,,,,,,,,,,,FLAG: NEEDS_MANUAL_REVIEW (Low Confidence / Unmapped Taxonomy),,,,,,,,,
no source found,,,,,,,,,,,PAD28BYTFS,PAD28BYTFS GE Fridge SS,,,,Appliance Dealers Cooperative (APPDE),GE Appliances (Haier),GE,,PAD28BYTFS,,,"GE Appliances (Haier) GE, Product, PAD28BYTFS",PRODUCT,GE PAD28BYTFS Product,GE Product,Product,,,,,,,,,,,,,,,,,,,,,,,,,,,Product,,,,,,,,,,,,,,,,,,,,,,,,,,,,,,,,,,,,,,,,,,,,,,,,,,,,,,,,,,,,,,,,,,,,,,,,,,,,,,,,,,,,,,,,,,,,,,,,,,,,,,,,,,,,,,,,,,,,,,,,,,,,,,,,,,,,,,,,,,,,,,,,,,,,,,,,,,,,,,,,,,,,,,,,,,,,,,,,,,,,,,,,,,,,FLAG: NEEDS_MANUAL_REVIEW (Low Confidence / Unmapped Taxonomy),,,,,,,,,
no source found,,,,,,,,,,,PGE29BYTFS,PGE29BYTFS GE Fridge SS,,,,Appliance Dealers Cooperative (APPDE),GE Appliances (Haier),GE,,PGE29BYTFS,,,"GE Appliances (Haier) GE, Product, PGE29BYTFS",PRODUCT,GE PGE29BYTFS Product,GE Product,Product,,,,,,,,,,,,,,,,,,,,,,,,,,,Product,,,,,,,,,,,,,,,,,,,,,,,,,,,,,,,,,,,,,,,,,,,,,,,,,,,,,,,,,,,,,,,,,,,,,,,,,,,,,,,,,,,,,,,,,,,,,,,,,,,,,,,,,,,,,,,,,,,,,,,,,,,,,,,,,,,,,,,,,,,,,,,,,,,,,,,,,,,,,,,,,,,,,,,,,,,,,,,,,,,,,,,,,,,,FLAG: NEEDS_MANUAL_REVIEW (Low Confidence / Unmapped Taxonomy),,,,,,,,,
no source found,,,,,,,,,,,ERFD19CGCS,ERFD19CGCS Element Fridge SS,,,,Appliance Dealers Cooperative (APPDE),,,,ERFD19CGCS,,,", Product, ERFD19CGCS",PRODUCT,ERFD19CGCS Product,Product,Product,,,,,,,,,,,,,,,,,,,,,,,,,,,Product,,,,,,,,,,,,,,,,,,,,,,,,,,,,,,,,,,,,,,,,,,,,,,,,,,,,,,,,,,,,,,,,,,,,,,,,,,,,,,,,,,,,,,,,,,,,,,,,,,,,,,,,,,,,,,,,,,,,,,,,,,,,,,,,,,,,,,,,,,,,,,,,,,,,,,,,,,,,,,,,,,,,,,,,,,,,,,,,,,,,,,,,,,,,FLAG: NEEDS_MANUAL_REVIEW (Low Confidence / Unmapped Taxonomy),,,,,,,,,
no source found,,,,,,,,,,,LT18S2100W,LT18S2100W LG Fridge Wh,,,,Appliance Dealers Cooperative (APPDE),LG Electronics USA,LG,,LT18S2100W,,,"LG Electronics USA LG, Product, LT18S2100W",PRODUCT,LG LT18S2100W Product,LG Product,Product,,,,,,,,,,,,,,,,,,,,,,,,,,,Product,,,,,,,,,,,,,,,,,,,,,,,,,,,,,,,,,,,,,,,,,,,,,,,,,,,,,,,,,,,,,,,,,,,,,,,,,,,,,,,,,,,,,,,,,,,,,,,,,,,,,,,,,,,,,,,,,,,,,,,,,,,,,,,,,,,,,,,,,,,,,,,,,,,,,,,,,,,,,,,,,,,,,,,,,,,,,,,,,,,,,,,,,,,,FLAG: NEEDS_MANUAL_REVIEW (Low Confidence / Unmapped Taxonomy),,,,,,,,,
no source found,,,,,,,,,,,LT18S2100SS,LT18S2100S 18CF LG Fridge SS,,,,Appliance Dealers Cooperative (APPDE),LG Electronics USA,LG,,LT18S2100SS,,,"LG Electronics USA LG, Product, LT18S2100SS",PRODUCT,LG LT18S2100SS Product,LG Product,Product,,,,,,,,,,,,,,,,,,,,,,,,,,,Product,,,,,,,,,,,,,,,,,,,,,,,,,,,,,,,,,,,,,,,,,,,,,,,,,,,,,,,,,,,,,,,,,,,,,,,,,,,,,,,,,,,,,,,,,,,,,,,,,,,,,,,,,,,,,,,,,,,,,,,,,,,,,,,,,,,,,,,,,,,,,,,,,,,,,,,,,,,,,,,,,,,,,,,,,,,,,,,,,,,,,,,,,,,,FLAG: NEEDS_MANUAL_REVIEW (Low Confidence / Unmapped Taxonomy),,,,,,,,,
no source found,,,,,,,,,,,EUF17CDBW,EUF17CDBW Element 17CF Freezer - Upright,,,,Appliance Dealers Cooperative (APPDE),,,,EUF17CDBW,,,", Product, EUF17CDBW",PRODUCT,EUF17CDBW Product,Product,Product,,,,,,,,,,,,,,,,,,,,,,,,,,,Product,,,,,,,,,,,,,,,,,,,,,,,,,,,,,,,,,,,,,,,,,,,,,,,,,,,,,,,,,,,,,,,,,,,,,,,,,,,,,,,,,,,,,,,,,,,,,,,,,,,,,,,,,,,,,,,,,,,,,,,,,,,,,,,,,,,,,,,,,,,,,,,,,,,,,,,,,,,,,,,,,,,,,,,,,,,,,,,,,,,,,,,,,,,,FLAG: NEEDS_MANUAL_REVIEW (Low Confidence / Unmapped Taxonomy),,,,,,,,,
no source found,,,,,,,,,,,EUF21CDBW,EUF21CDBW Element 21CF Freezer - Upright,,,,Appliance Dealers Cooperative (APPDE),,,,EUF21CDBW,,,", Product, EUF21CDBW",PRODUCT,EUF21CDBW Product,Product,Product,,,,,,,,,,,,,,,,,,,,,,,,,,,Product,,,,,,,,,,,,,,,,,,,,,,,,,,,,,,,,,,,,,,,,,,,,,,,,,,,,,,,,,,,,,,,,,,,,,,,,,,,,,,,,,,,,,,,,,,,,,,,,,,,,,,,,,,,,,,,,,,,,,,,,,,,,,,,,,,,,,,,,,,,,,,,,,,,,,,,,,,,,,,,,,,,,,,,,,,,,,,,,,,,,,,,,,,,,FLAG: NEEDS_MANUAL_REVIEW (Low Confidence / Unmapped Taxonomy),,,,,,,,,
no source found,,,,,,,Hardware & Tools,Power Tools,Measuring & Layout,,TP-1935,TP-1935 Hole Drilling System,,,,,,,,TP-1935,,Hardware & Tools>Power Tools & Measuring>Levels & Rotary Tools,", Measuring Tool, TP-1935",MEASURING,TP-1935 Measuring Tool,Measuring Tool,Measuring Tool,,,,,,,,,,,,,,,,,,,,,,,,,,,Measuring Tool,,,,,,,,,,,,,,,,,,,,,,,,,,,,,,,,,,,,,,,,,,,,,,,,,,,,,,,,,,,,,,,,,,,,,,,,,,,,,,,,,,,,,,,,,,,,,,,,,,,,,,,,,,,,,,,,,,,,,,,,,,,,,,,,,,,,,,,,,,,,,,,,,,,,,,,,,,,,,,,,,,,,,,,,,,,,,,,,,,,,,,,,,,,,FLAG: NEEDS_MANUAL_REVIEW (Low Confidence / Unmapped Taxonomy),,,,,,,,,
no source found,,,,,,,,,,,K527APBXR,"K527APBXR Senco .131x3"" SM BB - 500CT",,,,Senco Products Inc (4650),"Kyocera Senco Industrial Tools, Inc.",SENCO,,K527APBXR,,,"Kyocera Senco Industrial Tools, Inc. SENCO, Product, K527APBXR",PRODUCT,SENCO K527APBXR Product,SENCO Product,Product,,,,,,,,,,,,,,,,,,,,,,,,,,,Product,,,,,,,,,,,,,,,,,,,,,,,,,,,,,,,,,,,,,,,,,,,,,,,,,,,,,,,,,,,,,,,,,,,,,,,,,,,,,,,,,,,,,,,,,,,,,,,,,,,,,,,,,,,,,,,,,,,,,,,,,,,,,,,,,,,,,,,,,,,,,,,,,,,,,,,,,,,,,,,,,,,,,,,,,,,,,,,,,,,,,,,,,,,,FLAG: NEEDS_MANUAL_REVIEW (Low Confidence / Unmapped Taxonomy),,,,,,,,,
no source found,,,,,,,Building Materials,Fasteners,Collated Fasteners,,603150,"603150 2-1/2"" Finish Nail 15GA - 4M",,,,National Nail Corp (7439),,,,603150,,Building Materials>Fasteners & Hardware>Nails & Staples,", Collated Nails, 603150",NAIL,603150 Collated Nails,Collated Nails,Collated Nails,,,,,,,,,,,,,,,,,,,,,,,,,,,Collated Nails,,,,,,,,,,,,,,,,,,,,,,,,,,,,,,,,,,,,,,,,,,,,,,,,,,,,,,,,,,,,,,,,,,,,,,,,,,,,,,,,,,,,,,,,,,,,,,,,,,,,,,,,,,,,,,,,,,,,,,,,,,,,,,,,,,,,,,,,,,,,,,,,,,,,,,,,,,,,,,,,,,,,,,,,,,,,,,,,,,,,,,,,,,,,FLAG: NEEDS_MANUAL_REVIEW (Low Confidence / Unmapped Taxonomy),,,,,,,,,
no source found,,,,,,,Building Materials,Fasteners,Collated Fasteners,,d10cnk,"D10CNK Prebena 1/2""x3/8"" - Staple",,,,Prebena (PREBE),PREBENA Fastening Systems,Prebena,,d10cnk,,Building Materials>Fasteners & Hardware>Nails & Staples,"PREBENA Fastening Systems Prebena, Heavy Duty Staples, d10cnk",STAPLE,Prebena d10cnk Heavy Duty Staples,Prebena Heavy Duty Staples,Heavy Duty Staples,,,,,,,,,,,,,,,,,,,,,,,,,,,Heavy Duty Staples,,,,,,,,,,,,,,,,,,,,,,,,,,,,,,,,,,,,,,,,,,,,,,,,,,,,,,,,,,,,,,,,,,,,,,,,,,,,,,,,,,,,,,,,,,,,,,,,,,,,,,,,,,,,,,,,,,,,,,,,,,,,,,,,,,,,,,,,,,,,,,,,,,,,,,,,,,,,,,,,,,,,,,,,,,,,,,,,,,,,,,,,,,,,,,,,,,,,,
no source found,,,,,,,Building Materials,Fasteners,Collated Fasteners,,e28cnkha,"E28CNKHA Prebena 2/4""x1 1/8"" - Staple",,,,Prebena (PREBE),PREBENA Fastening Systems,Prebena,,e28cnkha,,Building Materials>Fasteners & Hardware>Nails & Staples,"PREBENA Fastening Systems Prebena, Heavy Duty Staples, e28cnkha",STAPLE,Prebena e28cnkha Heavy Duty Staples,Prebena Heavy Duty Staples,Heavy Duty Staples,,,,,,,,,,,,,,,,,,,,,,,,,,,Heavy Duty Staples,,,,,,,,,,,,,,,,,,,,,,,,,,,,,,,,,,,,,,,,,,,,,,,,,,,,,,,,,,,,,,,,,,,,,,,,,,,,,,,,,,,,,,,,,,,,,,,,,,,,,,,,,,,,,,,,,,,,,,,,,,,,,,,,,,,,,,,,,,,,,,,,,,,,,,,,,,,,,,,,,,,,,,,,,,,,,,,,,,,,,,,,,,,,,,,,,,,,,
no source found,,,,,,,,,,,51334,"51334 44"" Wh Gilmour Fan",,,,Hunter Fan Co (4381),Hunter Fan Company,Hunter,,51334,,,"Hunter Fan Company Hunter, Product, 51334",PRODUCT,Hunter 51334 Product,Hunter Product,Product,,,,,,,,,,,,,,,,,,,,,,,,,,,Product,,,,,,,,,,,,,,,,,,,,,,,,,,,,,,,,,,,,,,,,,,,,,,,,,,,,,,,,,,,,,,,,,,,,,,,,,,,,,,,,,,,,,,,,,,,,,,,,,,,,,,,,,,,,,,,,,,,,,,,,,,,,,,,,,,,,,,,,,,,,,,,,,,,,,,,,,,,,,,,,,,,,,,,,,,,,,,,,,,,,,,,,,,,,FLAG: NEEDS_MANUAL_REVIEW (Low Confidence / Unmapped Taxonomy),,,,,,,,,
no source found,,,,,,,,,,,59210,"59210 52"" BZ Sent Hunter Fan",,,Hunter,Hunter Fan Co (4381),Hunter Fan Company,Hunter,,59210,,,"Hunter Fan Company Hunter, Product, 59210",PRODUCT,Hunter 59210 Product,Hunter Product,Product,,,,,,,,,,,,,,,,,,,,,,,,,,,Product,,,,,,,,,,,,,,,,,,,,,,,,,,,,,,,,,,,,,,,,,,,,,,,,,,,,,,,,,,,,,,,,,,,,,,,,,,,,,,,,,,,,,,,,,,,,,,,,,,,,,,,,,,,,,,,,,,,,,,,,,,,,,,,,,,,,,,,,,,,,,,,,,,,,,,,,,,,,,,,,,,,,,,,,,,,,,,,,,,,,,,,,,,,,FLAG: NEEDS_MANUAL_REVIEW (Low Confidence / Unmapped Taxonomy),,,,,,,,,
no source found,,,,,,,,,,,52485,"52485 52"" MB Anisten Fan",,,,Hunter Fan Co (4381),Hunter Fan Company,Hunter,,52485,,,"Hunter Fan Company Hunter, Product, 52485",PRODUCT,Hunter 52485 Product,Hunter Product,Product,,,,,,,,,,,,,,,,,,,,,,,,,,,Product,,,,,,,,,,,,,,,,,,,,,,,,,,,,,,,,,,,,,,,,,,,,,,,,,,,,,,,,,,,,,,,,,,,,,,,,,,,,,,,,,,,,,,,,,,,,,,,,,,,,,,,,,,,,,,,,,,,,,,,,,,,,,,,,,,,,,,,,,,,,,,,,,,,,,,,,,,,,,,,,,,,,,,,,,,,,,,,,,,,,,,,,,,,,FLAG: NEEDS_MANUAL_REVIEW (Low Confidence / Unmapped Taxonomy),,,,,,,,,
no source found,,,,,,,,,,,52486,"52486 44"" MB Anisten Fan",,,,Hunter Fan Co (4381),Hunter Fan Company,Hunter,,52486,,,"Hunter Fan Company Hunter, Product, 52486",PRODUCT,Hunter 52486 Product,Hunter Product,Product,,,,,,,,,,,,,,,,,,,,,,,,,,,Product,,,,,,,,,,,,,,,,,,,,,,,,,,,,,,,,,,,,,,,,,,,,,,,,,,,,,,,,,,,,,,,,,,,,,,,,,,,,,,,,,,,,,,,,,,,,,,,,,,,,,,,,,,,,,,,,,,,,,,,,,,,,,,,,,,,,,,,,,,,,,,,,,,,,,,,,,,,,,,,,,,,,,,,,,,,,,,,,,,,,,,,,,,,,FLAG: NEEDS_MANUAL_REVIEW (Low Confidence / Unmapped Taxonomy),,,,,,,,,
no source found,,,,,,,,,,,52487,"52487 52"" WH Anisten Fan",,,,Hunter Fan Co (4381),Hunter Fan Company,Hunter,,52487,,,"Hunter Fan Company Hunter, Product, 52487",PRODUCT,Hunter 52487 Product,Hunter Product,Product,,,,,,,,,,,,,,,,,,,,,,,,,,,Product,,,,,,,,,,,,,,,,,,,,,,,,,,,,,,,,,,,,,,,,,,,,,,,,,,,,,,,,,,,,,,,,,,,,,,,,,,,,,,,,,,,,,,,,,,,,,,,,,,,,,,,,,,,,,,,,,,,,,,,,,,,,,,,,,,,,,,,,,,,,,,,,,,,,,,,,,,,,,,,,,,,,,,,,,,,,,,,,,,,,,,,,,,,,FLAG: NEEDS_MANUAL_REVIEW (Low Confidence / Unmapped Taxonomy),,,,,,,,,
no source found,,,,,,,,,,,52488,"52488 44"" WH Anisten Fan",,,,Hunter Fan Co (4381),Hunter Fan Company,Hunter,,52488,,,"Hunter Fan Company Hunter, Product, 52488",PRODUCT,Hunter 52488 Product,Hunter Product,Product,,,,,,,,,,,,,,,,,,,,,,,,,,,Product,,,,,,,,,,,,,,,,,,,,,,,,,,,,,,,,,,,,,,,,,,,,,,,,,,,,,,,,,,,,,,,,,,,,,,,,,,,,,,,,,,,,,,,,,,,,,,,,,,,,,,,,,,,,,,,,,,,,,,,,,,,,,,,,,,,,,,,,,,,,,,,,,,,,,,,,,,,,,,,,,,,,,,,,,,,,,,,,,,,,,,,,,,,,FLAG: NEEDS_MANUAL_REVIEW (Low Confidence / Unmapped Taxonomy),,,,,,,,,
no source found,,,,,,,,,,,52655,"52655 52"" MB Xidane Hunter Fan",,,,Hunter Fan Co (4381),Hunter Fan Company,Hunter,,52655,,,"Hunter Fan Company Hunter, Product, 52655",PRODUCT,Hunter 52655 Product,Hunter Product,Product,,,,,,,,,,,,,,,,,,,,,,,,,,,Product,,,,,,,,,,,,,,,,,,,,,,,,,,,,,,,,,,,,,,,,,,,,,,,,,,,,,,,,,,,,,,,,,,,,,,,,,,,,,,,,,,,,,,,,,,,,,,,,,,,,,,,,,,,,,,,,,,,,,,,,,,,,,,,,,,,,,,,,,,,,,,,,,,,,,,,,,,,,,,,,,,,,,,,,,,,,,,,,,,,,,,,,,,,,FLAG: NEEDS_MANUAL_REVIEW (Low Confidence / Unmapped Taxonomy),,,,,,,,,
no source found,,,,,,,,,,,59261,"59261 52"" PB Cassius Fan",,,,Hunter Fan Co (4381),Hunter Fan Company,Hunter,,59261,,,"Hunter Fan Company Hunter, Product, 59261",PRODUCT,Hunter 59261 Product,Hunter Product,Product,,,,,,,,,,,,,,,,,,,,,,,,,,,Product,,,,,,,,,,,,,,,,,,,,,,,,,,,,,,,,,,,,,,,,,,,,,,,,,,,,,,,,,,,,,,,,,,,,,,,,,,,,,,,,,,,,,,,,,,,,,,,,,,,,,,,,,,,,,,,,,,,,,,,,,,,,,,,,,,,,,,,,,,,,,,,,,,,,,,,,,,,,,,,,,,,,,,,,,,,,,,,,,,,,,,,,,,,,FLAG: NEEDS_MANUAL_REVIEW (Low Confidence / Unmapped Taxonomy),,,,,,,,,
no source found,,,,,,,,,,,51731,"51731 52"" MB Jetty Hunter Fan",,,,Hunter Fan Co (4381),Hunter Fan Company,Hunter,,51731,,,"Hunter Fan Company Hunter, Product, 51731",PRODUCT,Hunter 51731 Product,Hunter Product,Product,,,,,,,,,,,,,,,,,,,,,,,,,,,Product,,,,,,,,,,,,,,,,,,,,,,,,,,,,,,,,,,,,,,,,,,,,,,,,,,,,,,,,,,,,,,,,,,,,,,,,,,,,,,,,,,,,,,,,,,,,,,,,,,,,,,,,,,,,,,,,,,,,,,,,,,,,,,,,,,,,,,,,,,,,,,,,,,,,,,,,,,,,,,,,,,,,,,,,,,,,,,,,,,,,,,,,,,,,FLAG: NEEDS_MANUAL_REVIEW (Low Confidence / Unmapped Taxonomy),,,,,,,,,
no source found,,,,,,,,,,,XLC10ZW,XLC10ZW Makita 18V Cordless Vacuum (Bare),,,,Makita Usa Inc (5142),"Makita U.S.A., Inc.",Makita,,XLC10ZW,,,"Makita U.S.A., Inc. Makita, Product, XLC10ZW",PRODUCT,Makita XLC10ZW Product,Makita Product,Product,,,,,,,,,,,,,,,,,,,,,,,,,,,Product,,,,,,,,,,,,,,,,,,,,,,,,,,,,,,,,,,,,,,,,,,,,,,,,,,,,,,,,,,,,,,,,,,,,,,,,,,,,,,,,,,,,,,,,,,,,,,,,,,,,,,,,,,,,,,,,,,,,,,,,,,,,,,,,,,,,,,,,,,,,,,,,,,,,,,,,,,,,,,,,,,,,,,,,,,,,,,,,,,,,,,,,,,,,FLAG: NEEDS_MANUAL_REVIEW (Low Confidence / Unmapped Taxonomy),,,,,,,,,
no source found,,,,,,,,,,,HS-DA,HS-DA Motion Driveway Alert,,,,Sabre (9195),Security Equipment Corp. (SABRE),SABRE,,HS-DA,,,"Security Equipment Corp. (SABRE) SABRE, Product, HS-DA",PRODUCT,SABRE HS-DA Product,SABRE Product,Product,,,,,,,,,,,,,,,,,,,,,,,,,,,Product,,,,,,,,,,,,,,,,,,,,,,,,,,,,,,,,,,,,,,,,,,,,,,,,,,,,,,,,,,,,,,,,,,,,,,,,,,,,,,,,,,,,,,,,,,,,,,,,,,,,,,,,,,,,,,,,,,,,,,,,,,,,,,,,,,,,,,,,,,,,,,,,,,,,,,,,,,,,,,,,,,,,,,,,,,,,,,,,,,,,,,,,,,,,FLAG: NEEDS_MANUAL_REVIEW (Low Confidence / Unmapped Taxonomy),,,,,,,,,
no source found,,,,,,,,,,,73002252,Black Gate Gravity Latch RDI,,,,,,,,73002252,,,", Product, 73002252",PRODUCT,73002252 Product,Product,Product,,,,,,,,,,,,,,,,,,,,,,,,,,,Product,,,,,,,,,,,,,,,,,,,,,,,,,,,,,,,,,,,,,,,,,,,,,,,,,,,,,,,,,,,,,,,,,,,,,,,,,,,,,,,,,,,,,,,,,,,,,,,,,,,,,,,,,,,,,,,,,,,,,,,,,,,,,,,,,,,,,,,,,,,,,,,,,,,,,,,,,,,,,,,,,,,,,,,,,,,,,,,,,,,,,,,,,,,,FLAG: NEEDS_MANUAL_REVIEW (Low Confidence / Unmapped Taxonomy),,,,,,,,,
no source found,,,,,,,,,,,48-22-8396R,48-22-8396R Milw 24oz Bottle - Insulated,,,,Milwaukee Accessory (4031),Milwaukee Electric Tool Corp.,Milwaukee,,48-22-8396R,,,"Milwaukee Electric Tool Corp. Milwaukee, Product, 48-22-8396R",PRODUCT,Milwaukee 48-22-8396R Product,Milwaukee Product,Product,,,,,,,,,,,,,,,,,,,,,,,,,,,Product,,,,,,,,,,,,,,,,,,,,,,,,,,,,,,,,,,,,,,,,,,,,,,,,,,,,,,,,,,,,,,,,,,,,,,,,,,,,,,,,,,,,,,,,,,,,,,,,,,,,,,,,,,,,,,,,,,,,,,,,,,,,,,,,,,,,,,,,,,,,,,,,,,,,,,,,,,,,,,,,,,,,,,,,,,,,,,,,,,,,,,,,,,,,FLAG: NEEDS_MANUAL_REVIEW (Low Confidence / Unmapped Taxonomy),,,,,,,,,
no source found,,,,,,,,,,,48-22-8397R,48-22-8397R Milw 36oz Bottle - Insulated,,,,Milwaukee Accessory (4031),Milwaukee Electric Tool Corp.,Milwaukee,,48-22-8397R,,,"Milwaukee Electric Tool Corp. Milwaukee, Product, 48-22-8397R",PRODUCT,Milwaukee 48-22-8397R Product,Milwaukee Product,Product,,,,,,,,,,,,,,,,,,,,,,,,,,,Product,,,,,,,,,,,,,,,,,,,,,,,,,,,,,,,,,,,,,,,,,,,,,,,,,,,,,,,,,,,,,,,,,,,,,,,,,,,,,,,,,,,,,,,,,,,,,,,,,,,,,,,,,,,,,,,,,,,,,,,,,,,,,,,,,,,,,,,,,,,,,,,,,,,,,,,,,,,,,,,,,,,,,,,,,,,,,,,,,,,,,,,,,,,,FLAG: NEEDS_MANUAL_REVIEW (Low Confidence / Unmapped Taxonomy),,,,,,,,,
no source found,,,,,,,,,,,DCGG581B,DCGG581B Dewalt 20V Grease Gun 2-Speed,,,,Black & Decker/dewlt (2585),Stanley Black & Decker,DEWALT,,DCGG581B,,,"Stanley Black & Decker DEWALT, Product, DCGG581B",PRODUCT,DEWALT DCGG581B Product,DEWALT Product,Product,,,,,,,,,,,,,,,,,,,,,,,,,,,Product,,,,,,,,,,,,,,,,,,,,,,,,,,,,,,,,,,,,,,,,,,,,,,,,,,,,,,,,,,,,,,,,,,,,,,,,,,,,,,,,,,,,,,,,,,,,,,,,,,,,,,,,,,,,,,,,,,,,,,,,,,,,,,,,,,,,,,,,,,,,,,,,,,,,,,,,,,,,,,,,,,,,,,,,,,,,,,,,,,,,,,,,,,,,FLAG: NEEDS_MANUAL_REVIEW (Low Confidence / Unmapped Taxonomy),,,,,,,,,
no source found,,,,,,,,,,,DCGG581GD1,DCGG581GD1 Dewalt 20V Grease Gun 2-Speed Kit,,,,Black & Decker/dewlt (2585),Stanley Black & Decker,DEWALT,,DCGG581GD1,,,"Stanley Black & Decker DEWALT, Product, DCGG581GD1",PRODUCT,DEWALT DCGG581GD1 Product,DEWALT Product,Product,,,,,,,,,,,,,,,,,,,,,,,,,,,Product,,,,,,,,,,,,,,,,,,,,,,,,,,,,,,,,,,,,,,,,,,,,,,,,,,,,,,,,,,,,,,,,,,,,,,,,,,,,,,,,,,,,,,,,,,,,,,,,,,,,,,,,,,,,,,,,,,,,,,,,,,,,,,,,,,,,,,,,,,,,,,,,,,,,,,,,,,,,,,,,,,,,,,,,,,,,,,,,,,,,,,,,,,,,FLAG: NEEDS_MANUAL_REVIEW (Low Confidence / Unmapped Taxonomy),,,,,,,,,
no source found,,,,,,,,,,,DWST41092,"DWST41092 Dewalt Tool Chest 41"" Bottom",,,,Black & Decker/dewlt (2585),Stanley Black & Decker,DEWALT,,DWST41092,,,"Stanley Black & Decker DEWALT, Product, DWST41092",PRODUCT,DEWALT DWST41092 Product,DEWALT Product,Product,,,,,,,,,,,,,,,,,,,,,,,,,,,Product,,,,,,,,,,,,,,,,,,,,,,,,,,,,,,,,,,,,,,,,,,,,,,,,,,,,,,,,,,,,,,,,,,,,,,,,,,,,,,,,,,,,,,,,,,,,,,,,,,,,,,,,,,,,,,,,,,,,,,,,,,,,,,,,,,,,,,,,,,,,,,,,,,,,,,,,,,,,,,,,,,,,,,,,,,,,,,,,,,,,,,,,,,,,FLAG: NEEDS_MANUAL_REVIEW (Low Confidence / Unmapped Taxonomy),,,,,,,,,
no source found,,,,,,,,,,,156436WHT,156436 Wh 4x4x120 Post Wrap,DSI Westbury,,,Palmer Donavin Mfg Company (PALDO),,,,156436WHT,,,", Product, 156436WHT",PRODUCT,156436WHT Product,Product,Product,,,,,,,,,,,,,,,,,,,,,,,,,,,Product,,,,,,,,,,,,,,,,,,,,,,,,,,,,,,,,,,,,,,,,,,,,,,,,,,,,,,,,,,,,,,,,,,,,,,,,,,,,,,,,,,,,,,,,,,,,,,,,,,,,,,,,,,,,,,,,,,,,,,,,,,,,,,,,,,,,,,,,,,,,,,,,,,,,,,,,,,,,,,,,,,,,,,,,,,,,,,,,,,,,,,,,,,,,FLAG: NEEDS_MANUAL_REVIEW (Low Confidence / Unmapped Taxonomy),,,,,,,,,
no source found,,,,,,,,,,,173950TBK,"4""x8'-6"" DSI SQ Black Alum Post Wrap",,,,Palmer Donavin Mfg Company (PALDO),,,,173950TBK,,,", Product, 173950TBK",PRODUCT,173950TBK Product,Product,Product,,,,,,,,,,,,,,,,,,,,,,,,,,,Product,,,,,,,,,,,,,,,,,,,,,,,,,,,,,,,,,,,,,,,,,,,,,,,,,,,,,,,,,,,,,,,,,,,,,,,,,,,,,,,,,,,,,,,,,,,,,,,,,,,,,,,,,,,,,,,,,,,,,,,,,,,,,,,,,,,,,,,,,,,,,,,,,,,,,,,,,,,,,,,,,,,,,,,,,,,,,,,,,,,,,,,,,,,,FLAG: NEEDS_MANUAL_REVIEW (Low Confidence / Unmapped Taxonomy),,,,,,,,,
no source found,,,,,,,,,,,173951TBK,"6""x8'-6"" DSI SQ Black Alum Post Wrap",,,,Palmer Donavin Mfg Company (PALDO),,,,173951TBK,,,", Product, 173951TBK",PRODUCT,173951TBK Product,Product,Product,,,,,,,,,,,,,,,,,,,,,,,,,,,Product,,,,,,,,,,,,,,,,,,,,,,,,,,,,,,,,,,,,,,,,,,,,,,,,,,,,,,,,,,,,,,,,,,,,,,,,,,,,,,,,,,,,,,,,,,,,,,,,,,,,,,,,,,,,,,,,,,,,,,,,,,,,,,,,,,,,,,,,,,,,,,,,,,,,,,,,,,,,,,,,,,,,,,,,,,,,,,,,,,,,,,,,,,,,FLAG: NEEDS_MANUAL_REVIEW (Low Confidence / Unmapped Taxonomy),,,,,,,,,
no source found,,,,,,,,,,,173952TBK,"6""x10' DSI SQ Black Alum Post Wrap",,,,Palmer Donavin Mfg Company (PALDO),,,,173952TBK,,,", Product, 173952TBK",PRODUCT,173952TBK Product,Product,Product,,,,,,,,,,,,,,,,,,,,,,,,,,,Product,,,,,,,,,,,,,,,,,,,,,,,,,,,,,,,,,,,,,,,,,,,,,,,,,,,,,,,,,,,,,,,,,,,,,,,,,,,,,,,,,,,,,,,,,,,,,,,,,,,,,,,,,,,,,,,,,,,,,,,,,,,,,,,,,,,,,,,,,,,,,,,,,,,,,,,,,,,,,,,,,,,,,,,,,,,,,,,,,,,,,,,,,,,,FLAG: NEEDS_MANUAL_REVIEW (Low Confidence / Unmapped Taxonomy),,,,,,,,,
no source found,,,,,,,,,,,1624157,TW52 WH INSIDE CAS VIN WRAPPED,ANDERSEN,,,,,,,1624157,,,", Product, 1624157",PRODUCT,1624157 Product,Product,Product,,,,,,,,,,,,,,,,,,,,,,,,,,,Product,,,,,,,,,,,,,,,,,,,,,,,,,,,,,,,,,,,,,,,,,,,,,,,,,,,,,,,,,,,,,,,,,,,,,,,,,,,,,,,,,,,,,,,,,,,,,,,,,,,,,,,,,,,,,,,,,,,,,,,,,,,,,,,,,,,,,,,,,,,,,,,,,,,,,,,,,,,,,,,,,,,,,,,,,,,,,,,,,,,,,,,,,,,,FLAG: NEEDS_MANUAL_REVIEW (Low Confidence / Unmapped Taxonomy),,,,,,,,,
no source found,,,,,,,,,,,40025,40025 TS-54 Wal-Board T-Square 009-008,,,,Marshalltown Trowel (5155),Marshalltown Company,Marshalltown,,40025,,,"Marshalltown Company Marshalltown, Product, 40025",PRODUCT,Marshalltown 40025 Product,Marshalltown Product,Product,,,,,,,,,,,,,,,,,,,,,,,,,,,Product,,,,,,,,,,,,,,,,,,,,,,,,,,,,,,,,,,,,,,,,,,,,,,,,,,,,,,,,,,,,,,,,,,,,,,,,,,,,,,,,,,,,,,,,,,,,,,,,,,,,,,,,,,,,,,,,,,,,,,,,,,,,,,,,,,,,,,,,,,,,,,,,,,,,,,,,,,,,,,,,,,,,,,,,,,,,,,,,,,,,,,,,,,,,FLAG: NEEDS_MANUAL_REVIEW (Low Confidence / Unmapped Taxonomy),,,,,,,,,
no source found,,,,,,,,,,,48-22-3301,48-22-3301 Milw Mechanical Pencil w/ Lead Pack,,,,Milwaukee Accessory (4031),Milwaukee Electric Tool Corp.,Milwaukee,,48-22-3301,,,"Milwaukee Electric Tool Corp. Milwaukee, Product, 48-22-3301",PRODUCT,Milwaukee 48-22-3301 Product,Milwaukee Product,Product,,,,,,,,,,,,,,,,,,,,,,,,,,,Product,,,,,,,,,,,,,,,,,,,,,,,,,,,,,,,,,,,,,,,,,,,,,,,,,,,,,,,,,,,,,,,,,,,,,,,,,,,,,,,,,,,,,,,,,,,,,,,,,,,,,,,,,,,,,,,,,,,,,,,,,,,,,,,,,,,,,,,,,,,,,,,,,,,,,,,,,,,,,,,,,,,,,,,,,,,,,,,,,,,,,,,,,,,,FLAG: NEEDS_MANUAL_REVIEW (Low Confidence / Unmapped Taxonomy),,,,,,,,,
no source found,,,,,,,,,,,48-22-3302,48-22-3302 Milw Mechanical Pencil Replacement Lead,,,,Milwaukee Accessory (4031),Milwaukee Electric Tool Corp.,Milwaukee,,48-22-3302,,,"Milwaukee Electric Tool Corp. Milwaukee, Product, 48-22-3302",PRODUCT,Milwaukee 48-22-3302 Product,Milwaukee Product,Product,,,,,,,,,,,,,,,,,,,,,,,,,,,Product,,,,,,,,,,,,,,,,,,,,,,,,,,,,,,,,,,,,,,,,,,,,,,,,,,,,,,,,,,,,,,,,,,,,,,,,,,,,,,,,,,,,,,,,,,,,,,,,,,,,,,,,,,,,,,,,,,,,,,,,,,,,,,,,,,,,,,,,,,,,,,,,,,,,,,,,,,,,,,,,,,,,,,,,,,,,,,,,,,,,,,,,,,,,FLAG: NEEDS_MANUAL_REVIEW (Low Confidence / Unmapped Taxonomy),,,,,,,,,
no source found,,,,,,,,,,,48-22-3303,48-22-3303 Milw Mechanical Pencil Replacement Lead-Color,,,,Milwaukee Accessory (4031),Milwaukee Electric Tool Corp.,Milwaukee,,48-22-3303,,,"Milwaukee Electric Tool Corp. Milwaukee, Product, 48-22-3303",PRODUCT,Milwaukee 48-22-3303 Product,Milwaukee Product,Product,,,,,,,,,,,,,,,,,,,,,,,,,,,Product,,,,,,,,,,,,,,,,,,,,,,,,,,,,,,,,,,,,,,,,,,,,,,,,,,,,,,,,,,,,,,,,,,,,,,,,,,,,,,,,,,,,,,,,,,,,,,,,,,,,,,,,,,,,,,,,,,,,,,,,,,,,,,,,,,,,,,,,,,,,,,,,,,,,,,,,,,,,,,,,,,,,,,,,,,,,,,,,,,,,,,,,,,,,FLAG: NEEDS_MANUAL_REVIEW (Low Confidence / Unmapped Taxonomy),,,,,,,,,
no source found,,,,,,,,,,,TSDKAP218-G2,TSDKAP218-G2 Edge Safety - Khor Black Frame Polarized,,,,Edge Eyewear Inc (EDGSA),Wolf Peak International (Edge Eyewear),Edge Eyewear,,TSDKAP218-G2,,,"Wolf Peak International (Edge Eyewear) Edge Eyewear, Product, TSDKAP218-G2",PRODUCT,Edge Eyewear TSDKAP218-G2 Product,Edge Eyewear Product,Product,,,,,,,,,,,,,,,,,,,,,,,,,,,Product,,,,,,,,,,,,,,,,,,,,,,,,,,,,,,,,,,,,,,,,,,,,,,,,,,,,,,,,,,,,,,,,,,,,,,,,,,,,,,,,,,,,,,,,,,,,,,,,,,,,,,,,,,,,,,,,,,,,,,,,,,,,,,,,,,,,,,,,,,,,,,,,,,,,,,,,,,,,,,,,,,,,,,,,,,,,,,,,,,,,,,,,,,,,FLAG: NEEDS_MANUAL_REVIEW (Low Confidence / Unmapped Taxonomy),,,,,,,,,
no source found,,,,,,,,,,,XPAP418,XPAP418 Edge Safety Glasses - Pumori Black Frame,,,,Edge Eyewear Inc (EDGSA),Wolf Peak International (Edge Eyewear),Edge Eyewear,,XPAP418,,,"Wolf Peak International (Edge Eyewear) Edge Eyewear, Product, XPAP418",PRODUCT,Edge Eyewear XPAP418 Product,Edge Eyewear Product,Product,,,,,,,,,,,,,,,,,,,,,,,,,,,Product,,,,,,,,,,,,,,,,,,,,,,,,,,,,,,,,,,,,,,,,,,,,,,,,,,,,,,,,,,,,,,,,,,,,,,,,,,,,,,,,,,,,,,,,,,,,,,,,,,,,,,,,,,,,,,,,,,,,,,,,,,,,,,,,,,,,,,,,,,,,,,,,,,,,,,,,,,,,,,,,,,,,,,,,,,,,,,,,,,,,,,,,,,,,FLAG: NEEDS_MANUAL_REVIEW (Low Confidence / Unmapped Taxonomy),,,,,,,,,
no source found,,,,,,,,,,,XDAP419,XDAP419 Edge Safety Glasses - Dawson Black Frame Red Lenses,,,,Edge Eyewear Inc (EDGSA),Wolf Peak International (Edge Eyewear),Edge Eyewear,,XDAP419,,,"Wolf Peak International (Edge Eyewear) Edge Eyewear, Product, XDAP419",PRODUCT,Edge Eyewear XDAP419 Product,Edge Eyewear Product,Product,,,,,,,,,,,,,,,,,,,,,,,,,,,Product,,,,,,,,,,,,,,,,,,,,,,,,,,,,,,,,,,,,,,,,,,,,,,,,,,,,,,,,,,,,,,,,,,,,,,,,,,,,,,,,,,,,,,,,,,,,,,,,,,,,,,,,,,,,,,,,,,,,,,,,,,,,,,,,,,,,,,,,,,,,,,,,,,,,,,,,,,,,,,,,,,,,,,,,,,,,,,,,,,,,,,,,,,,,FLAG: NEEDS_MANUAL_REVIEW (Low Confidence / Unmapped Taxonomy),,,,,,,,,
no source found,,,,,,,,,,,XB11PCVS,XB11PCVS Edge Safety Glasses - Photochromic Lense,,,,Edge Eyewear Inc (EDGSA),Wolf Peak International (Edge Eyewear),Edge Eyewear,,XB11PCVS,,,"Wolf Peak International (Edge Eyewear) Edge Eyewear, Product, XB11PCVS",PRODUCT,Edge Eyewear XB11PCVS Product,Edge Eyewear Product,Product,,,,,,,,,,,,,,,,,,,,,,,,,,,Product,,,,,,,,,,,,,,,,,,,,,,,,,,,,,,,,,,,,,,,,,,,,,,,,,,,,,,,,,,,,,,,,,,,,,,,,,,,,,,,,,,,,,,,,,,,,,,,,,,,,,,,,,,,,,,,,,,,,,,,,,,,,,,,,,,,,,,,,,,,,,,,,,,,,,,,,,,,,,,,,,,,,,,,,,,,,,,,,,,,,,,,,,,,,FLAG: NEEDS_MANUAL_REVIEW (Low Confidence / Unmapped Taxonomy),,,,,,,,,
no source found,,,,,,,,,,,KB121VS,KB121VS Edge Safety Glasses - Kabru Black Frame,,,,Edge Eyewear Inc (EDGSA),Wolf Peak International (Edge Eyewear),Edge Eyewear,,KB121VS,,,"Wolf Peak International (Edge Eyewear) Edge Eyewear, Product, KB121VS",PRODUCT,Edge Eyewear KB121VS Product,Edge Eyewear Product,Product,,,,,,,,,,,,,,,,,,,,,,,,,,,Product,,,,,,,,,,,,,,,,,,,,,,,,,,,,,,,,,,,,,,,,,,,,,,,,,,,,,,,,,,,,,,,,,,,,,,,,,,,,,,,,,,,,,,,,,,,,,,,,,,,,,,,,,,,,,,,,,,,,,,,,,,,,,,,,,,,,,,,,,,,,,,,,,,,,,,,,,,,,,,,,,,,,,,,,,,,,,,,,,,,,,,,,,,,,FLAG: NEEDS_MANUAL_REVIEW (Low Confidence / Unmapped Taxonomy),,,,,,,,,
no source found,,,,,,,,,,,KB126VS,KB126VS Edge Safety Glasses - Kabru Black Frame,,,,Edge Eyewear Inc (EDGSA),Wolf Peak International (Edge Eyewear),Edge Eyewear,,KB126VS,,,"Wolf Peak International (Edge Eyewear) Edge Eyewear, Product, KB126VS",PRODUCT,Edge Eyewear KB126VS Product,Edge Eyewear Product,Product,,,,,,,,,,,,,,,,,,,,,,,,,,,Product,,,,,,,,,,,,,,,,,,,,,,,,,,,,,,,,,,,,,,,,,,,,,,,,,,,,,,,,,,,,,,,,,,,,,,,,,,,,,,,,,,,,,,,,,,,,,,,,,,,,,,,,,,,,,,,,,,,,,,,,,,,,,,,,,,,,,,,,,,,,,,,,,,,,,,,,,,,,,,,,,,,,,,,,,,,,,,,,,,,,,,,,,,,,FLAG: NEEDS_MANUAL_REVIEW (Low Confidence / Unmapped Taxonomy),,,,,,,,,
no source found,,,,,,,,,,,TC121VS,TC121VS Edge Safety Glasses - Tacana Black Frame,,,,Edge Eyewear Inc (EDGSA),Wolf Peak International (Edge Eyewear),Edge Eyewear,,TC121VS,,,"Wolf Peak International (Edge Eyewear) Edge Eyewear, Product, TC121VS",PRODUCT,Edge Eyewear TC121VS Product,Edge Eyewear Product,Product,,,,,,,,,,,,,,,,,,,,,,,,,,,Product,,,,,,,,,,,,,,,,,,,,,,,,,,,,,,,,,,,,,,,,,,,,,,,,,,,,,,,,,,,,,,,,,,,,,,,,,,,,,,,,,,,,,,,,,,,,,,,,,,,,,,,,,,,,,,,,,,,,,,,,,,,,,,,,,,,,,,,,,,,,,,,,,,,,,,,,,,,,,,,,,,,,,,,,,,,,,,,,,,,,,,,,,,,,FLAG: NEEDS_MANUAL_REVIEW (Low Confidence / Unmapped Taxonomy),,,,,,,,,
no source found,,,,,,,,,,,TC126VS,TC126VS Edge Safety Glasses - Tacana Black Frame,,,,Edge Eyewear Inc (EDGSA),Wolf Peak International (Edge Eyewear),Edge Eyewear,,TC126VS,,,"Wolf Peak International (Edge Eyewear) Edge Eyewear, Product, TC126VS",PRODUCT,Edge Eyewear TC126VS Product,Edge Eyewear Product,Product,,,,,,,,,,,,,,,,,,,,,,,,,,,Product,,,,,,,,,,,,,,,,,,,,,,,,,,,,,,,,,,,,,,,,,,,,,,,,,,,,,,,,,,,,,,,,,,,,,,,,,,,,,,,,,,,,,,,,,,,,,,,,,,,,,,,,,,,,,,,,,,,,,,,,,,,,,,,,,,,,,,,,,,,,,,,,,,,,,,,,,,,,,,,,,,,,,,,,,,,,,,,,,,,,,,,,,,,,FLAG: NEEDS_MANUAL_REVIEW (Low Confidence / Unmapped Taxonomy),,,,,,,,,
no source found,,,,,,,,,,,MK113MPAP,MK113MPAP Edge Safety Glasses - Makalu Black Frame Polarized,,,,Edge Eyewear Inc (EDGSA),Wolf Peak International (Edge Eyewear),Edge Eyewear,,MK113MPAP,,,"Wolf Peak International (Edge Eyewear) Edge Eyewear, Product, MK113MPAP",PRODUCT,Edge Eyewear MK113MPAP Product,Edge Eyewear Product,Product,,,,,,,,,,,,,,,,,,,,,,,,,,,Product,,,,,,,,,,,,,,,,,,,,,,,,,,,,,,,,,,,,,,,,,,,,,,,,,,,,,,,,,,,,,,,,,,,,,,,,,,,,,,,,,,,,,,,,,,,,,,,,,,,,,,,,,,,,,,,,,,,,,,,,,,,,,,,,,,,,,,,,,,,,,,,,,,,,,,,,,,,,,,,,,,,,,,,,,,,,,,,,,,,,,,,,,,,,FLAG: NEEDS_MANUAL_REVIEW (Low Confidence / Unmapped Taxonomy),,,,,,,,,
no source found,,,,,,,,,,,LS117MPAP,LS117MPAP Edge Safety Glasses - Lassen Black Frame Polarized,,,,Edge Eyewear Inc (EDGSA),Wolf Peak International (Edge Eyewear),Edge Eyewear,,LS117MPAP,,,"Wolf Peak International (Edge Eyewear) Edge Eyewear, Product, LS117MPAP",PRODUCT,Edge Eyewear LS117MPAP Product,Edge Eyewear Product,Product,,,,,,,,,,,,,,,,,,,,,,,,,,,Product,,,,,,,,,,,,,,,,,,,,,,,,,,,,,,,,,,,,,,,,,,,,,,,,,,,,,,,,,,,,,,,,,,,,,,,,,,,,,,,,,,,,,,,,,,,,,,,,,,,,,,,,,,,,,,,,,,,,,,,,,,,,,,,,,,,,,,,,,,,,,,,,,,,,,,,,,,,,,,,,,,,,,,,,,,,,,,,,,,,,,,,,,,,,FLAG: NEEDS_MANUAL_REVIEW (Low Confidence / Unmapped Taxonomy),,,,,,,,,
no source found,,,,,,,,,,,FE-EFX-6L,FEEFX6L Lith Fire Extinguisher,,,,Ohio Firewatch Protection Inc (HOLFS),Ohio Firewatch Protection Inc.,Lith,,FE-EFX-6L,,,"Ohio Firewatch Protection Inc. Lith, Product, FE-EFX-6L",PRODUCT,Lith FE-EFX-6L Product,Lith Product,Product,,,,,,,,,,,,,,,,,,,,,,,,,,,Product,,,,,,,,,,,,,,,,,,,,,,,,,,,,,,,,,,,,,,,,,,,,,,,,,,,,,,,,,,,,,,,,,,,,,,,,,,,,,,,,,,,,,,,,,,,,,,,,,,,,,,,,,,,,,,,,,,,,,,,,,,,,,,,,,,,,,,,,,,,,,,,,,,,,,,,,,,,,,,,,,,,,,,,,,,,,,,,,,,,,,,,,,,,,FLAG: NEEDS_MANUAL_REVIEW (Low Confidence / Unmapped Taxonomy),,,,,,,,,
no source found,,,,,,,,,,,FE-EFX-9L,FEEFX9L Lith Fire Extinguisher,,,,Ohio Firewatch Protection Inc (HOLFS),Ohio Firewatch Protection Inc.,Lith,,FE-EFX-9L,,,"Ohio Firewatch Protection Inc. Lith, Product, FE-EFX-9L",PRODUCT,Lith FE-EFX-9L Product,Lith Product,Product,,,,,,,,,,,,,,,,,,,,,,,,,,,Product,,,,,,,,,,,,,,,,,,,,,,,,,,,,,,,,,,,,,,,,,,,,,,,,,,,,,,,,,,,,,,,,,,,,,,,,,,,,,,,,,,,,,,,,,,,,,,,,,,,,,,,,,,,,,,,,,,,,,,,,,,,,,,,,,,,,,,,,,,,,,,,,,,,,,,,,,,,,,,,,,,,,,,,,,,,,,,,,,,,,,,,,,,,,FLAG: NEEDS_MANUAL_REVIEW (Low Confidence / Unmapped Taxonomy),,,,,,,,,
no source found,,,,,,,,,,,1046793,1046793 Smoke & CO Alarm,,,First Alert,First Alert - B R K Brands (2754),Resideo Technologies (First Alert / BRK),First Alert,,1046793,,,"Resideo Technologies (First Alert / BRK) First Alert, Product, 1046793",PRODUCT,First Alert 1046793 Product,First Alert Product,Product,,,,,,,,,,,,,,,,,,,,,,,,,,,Product,,,,,,,,,,,,,,,,,,,,,,,,,,,,,,,,,,,,,,,,,,,,,,,,,,,,,,,,,,,,,,,,,,,,,,,,,,,,,,,,,,,,,,,,,,,,,,,,,,,,,,,,,,,,,,,,,,,,,,,,,,,,,,,,,,,,,,,,,,,,,,,,,,,,,,,,,,,,,,,,,,,,,,,,,,,,,,,,,,,,,,,,,,,,FLAG: NEEDS_MANUAL_REVIEW (Low Confidence / Unmapped Taxonomy),,,,,,,,,
no source found,,,,,,,,,,,1046870,1046870 Smoke & CO Alarm,,,BRK,First Alert - B R K Brands (2754),Resideo Technologies (First Alert / BRK),First Alert,,1046870,,,"Resideo Technologies (First Alert / BRK) First Alert, Product, 1046870",PRODUCT,First Alert 1046870 Product,First Alert Product,Product,,,,,,,,,,,,,,,,,,,,,,,,,,,Product,,,,,,,,,,,,,,,,,,,,,,,,,,,,,,,,,,,,,,,,,,,,,,,,,,,,,,,,,,,,,,,,,,,,,,,,,,,,,,,,,,,,,,,,,,,,,,,,,,,,,,,,,,,,,,,,,,,,,,,,,,,,,,,,,,,,,,,,,,,,,,,,,,,,,,,,,,,,,,,,,,,,,,,,,,,,,,,,,,,,,,,,,,,,FLAG: NEEDS_MANUAL_REVIEW (Low Confidence / Unmapped Taxonomy),,,,,,,,,
no source found,,,,,,,,,,,M701B-21L,M701B-21L Milw L Black Heated Work Glove Liners,,,,Milwaukee Accessory (4031),Milwaukee Electric Tool Corp.,Milwaukee,,M701B-21L,,,"Milwaukee Electric Tool Corp. Milwaukee, Product, M701B-21L",PRODUCT,Milwaukee M701B-21L Product,Milwaukee Product,Product,,,,,,,,,,,,,,,,,,,,,,,,,,,Product,,,,,,,,,,,,,,,,,,,,,,,,,,,,,,,,,,,,,,,,,,,,,,,,,,,,,,,,,,,,,,,,,,,,,,,,,,,,,,,,,,,,,,,,,,,,,,,,,,,,,,,,,,,,,,,,,,,,,,,,,,,,,,,,,,,,,,,,,,,,,,,,,,,,,,,,,,,,,,,,,,,,,,,,,,,,,,,,,,,,,,,,,,,,FLAG: NEEDS_MANUAL_REVIEW (Low Confidence / Unmapped Taxonomy),,,,,,,,,
no source found,,,,,,,,,,,M701B-21M,M701B-21M Milw M Black Heated Work Glove Liners,,,,Milwaukee Accessory (4031),Milwaukee Electric Tool Corp.,Milwaukee,,M701B-21M,,,"Milwaukee Electric Tool Corp. Milwaukee, Product, M701B-21M",PRODUCT,Milwaukee M701B-21M Product,Milwaukee Product,Product,,,,,,,,,,,,,,,,,,,,,,,,,,,Product,,,,,,,,,,,,,,,,,,,,,,,,,,,,,,,,,,,,,,,,,,,,,,,,,,,,,,,,,,,,,,,,,,,,,,,,,,,,,,,,,,,,,,,,,,,,,,,,,,,,,,,,,,,,,,,,,,,,,,,,,,,,,,,,,,,,,,,,,,,,,,,,,,,,,,,,,,,,,,,,,,,,,,,,,,,,,,,,,,,,,,,,,,,,FLAG: NEEDS_MANUAL_REVIEW (Low Confidence / Unmapped Taxonomy),,,,,,,,,
no source found,,,,,,,,,,,M701B-21S,M701B-21S Milw S Black Heated Work Glove Liners,,,,Milwaukee Accessory (4031),Milwaukee Electric Tool Corp.,Milwaukee,,M701B-21S,,,"Milwaukee Electric Tool Corp. Milwaukee, Product, M701B-21S",PRODUCT,Milwaukee M701B-21S Product,Milwaukee Product,Product,,,,,,,,,,,,,,,,,,,,,,,,,,,Product,,,,,,,,,,,,,,,,,,,,,,,,,,,,,,,,,,,,,,,,,,,,,,,,,,,,,,,,,,,,,,,,,,,,,,,,,,,,,,,,,,,,,,,,,,,,,,,,,,,,,,,,,,,,,,,,,,,,,,,,,,,,,,,,,,,,,,,,,,,,,,,,,,,,,,,,,,,,,,,,,,,,,,,,,,,,,,,,,,,,,,,,,,,,FLAG: NEEDS_MANUAL_REVIEW (Low Confidence / Unmapped Taxonomy),,,,,,,,,
no source found,,,,,,,,,,,M701B-21XL,M701B-21XL Milw XL Black Heated Work Glove Liners,,,,Milwaukee Accessory (4031),Milwaukee Electric Tool Corp.,Milwaukee,,M701B-21XL,,,"Milwaukee Electric Tool Corp. Milwaukee, Product, M701B-21XL",PRODUCT,Milwaukee M701B-21XL Product,Milwaukee Product,Product,,,,,,,,,,,,,,,,,,,,,,,,,,,Product,,,,,,,,,,,,,,,,,,,,,,,,,,,,,,,,,,,,,,,,,,,,,,,,,,,,,,,,,,,,,,,,,,,,,,,,,,,,,,,,,,,,,,,,,,,,,,,,,,,,,,,,,,,,,,,,,,,,,,,,,,,,,,,,,,,,,,,,,,,,,,,,,,,,,,,,,,,,,,,,,,,,,,,,,,,,,,,,,,,,,,,,,,,,FLAG: NEEDS_MANUAL_REVIEW (Low Confidence / Unmapped Taxonomy),,,,,,,,,
no source found,,,,,,,,,,,MWUG42010124,UTW Pro Heated Glove Blk XS,,,,Tech Gear 5.7 Inc (TECGE),Tech Gear 5.7 Inc.,Mobile Warming,,MWUG42010124,,,"Tech Gear 5.7 Inc. Mobile Warming, Product, MWUG42010124",PRODUCT,Mobile Warming MWUG42010124 Product,Mobile Warming Product,Product,,,,,,,,,,,,,,,,,,,,,,,,,,,Product,,,,,,,,,,,,,,,,,,,,,,,,,,,,,,,,,,,,,,,,,,,,,,,,,,,,,,,,,,,,,,,,,,,,,,,,,,,,,,,,,,,,,,,,,,,,,,,,,,,,,,,,,,,,,,,,,,,,,,,,,,,,,,,,,,,,,,,,,,,,,,,,,,,,,,,,,,,,,,,,,,,,,,,,,,,,,,,,,,,,,,,,,,,,FLAG: NEEDS_MANUAL_REVIEW (Low Confidence / Unmapped Taxonomy),,,,,,,,,
no source found,,,,,,,,,,,MWUG42010224,UTW Pro Heated Glove Blk SM,,,,Tech Gear 5.7 Inc (TECGE),Tech Gear 5.7 Inc.,Mobile Warming,,MWUG42010224,,,"Tech Gear 5.7 Inc. Mobile Warming, Product, MWUG42010224",PRODUCT,Mobile Warming MWUG42010224 Product,Mobile Warming Product,Product,,,,,,,,,,,,,,,,,,,,,,,,,,,Product,,,,,,,,,,,,,,,,,,,,,,,,,,,,,,,,,,,,,,,,,,,,,,,,,,,,,,,,,,,,,,,,,,,,,,,,,,,,,,,,,,,,,,,,,,,,,,,,,,,,,,,,,,,,,,,,,,,,,,,,,,,,,,,,,,,,,,,,,,,,,,,,,,,,,,,,,,,,,,,,,,,,,,,,,,,,,,,,,,,,,,,,,,,,FLAG: NEEDS_MANUAL_REVIEW (Low Confidence / Unmapped Taxonomy),,,,,,,,,
no source found,,,,,,,,,,,MWUG42010324,UTW Pro Heated Glove Blk MD,,,,Tech Gear 5.7 Inc (TECGE),Tech Gear 5.7 Inc.,Mobile Warming,,MWUG42010324,,,"Tech Gear 5.7 Inc. Mobile Warming, Product, MWUG42010324",PRODUCT,Mobile Warming MWUG42010324 Product,Mobile Warming Product,Product,,,,,,,,,,,,,,,,,,,,,,,,,,,Product,,,,,,,,,,,,,,,,,,,,,,,,,,,,,,,,,,,,,,,,,,,,,,,,,,,,,,,,,,,,,,,,,,,,,,,,,,,,,,,,,,,,,,,,,,,,,,,,,,,,,,,,,,,,,,,,,,,,,,,,,,,,,,,,,,,,,,,,,,,,,,,,,,,,,,,,,,,,,,,,,,,,,,,,,,,,,,,,,,,,,,,,,,,,FLAG: NEEDS_MANUAL_REVIEW (Low Confidence / Unmapped Taxonomy),,,,,,,,,
no source found,,,,,,,,,,,MWUG42010424,UTW Pro Heated Glove Blk LG,,,,Tech Gear 5.7 Inc (TECGE),Tech Gear 5.7 Inc.,Mobile Warming,,MWUG42010424,,,"Tech Gear 5.7 Inc. Mobile Warming, Product, MWUG42010424",PRODUCT,Mobile Warming MWUG42010424 Product,Mobile Warming Product,Product,,,,,,,,,,,,,,,,,,,,,,,,,,,Product,,,,,,,,,,,,,,,,,,,,,,,,,,,,,,,,,,,,,,,,,,,,,,,,,,,,,,,,,,,,,,,,,,,,,,,,,,,,,,,,,,,,,,,,,,,,,,,,,,,,,,,,,,,,,,,,,,,,,,,,,,,,,,,,,,,,,,,,,,,,,,,,,,,,,,,,,,,,,,,,,,,,,,,,,,,,,,,,,,,,,,,,,,,,FLAG: NEEDS_MANUAL_REVIEW (Low Confidence / Unmapped Taxonomy),,,,,,,,,
no source found,,,,,,,,,,,MWUG42010524,UTW Pro Heated Glove Blk XL,,,,Tech Gear 5.7 Inc (TECGE),Tech Gear 5.7 Inc.,Mobile Warming,,MWUG42010524,,,"Tech Gear 5.7 Inc. Mobile Warming, Product, MWUG42010524",PRODUCT,Mobile Warming MWUG42010524 Product,Mobile Warming Product,Product,,,,,,,,,,,,,,,,,,,,,,,,,,,Product,,,,,,,,,,,,,,,,,,,,,,,,,,,,,,,,,,,,,,,,,,,,,,,,,,,,,,,,,,,,,,,,,,,,,,,,,,,,,,,,,,,,,,,,,,,,,,,,,,,,,,,,,,,,,,,,,,,,,,,,,,,,,,,,,,,,,,,,,,,,,,,,,,,,,,,,,,,,,,,,,,,,,,,,,,,,,,,,,,,,,,,,,,,,FLAG: NEEDS_MANUAL_REVIEW (Low Confidence / Unmapped Taxonomy),,,,,,,,,
no source found,,,,,,,,,,,MWUG42010624,UTW Pro Heated Glove Blk 2X,,,,Tech Gear 5.7 Inc (TECGE),Tech Gear 5.7 Inc.,Mobile Warming,,MWUG42010624,,,"Tech Gear 5.7 Inc. Mobile Warming, Product, MWUG42010624",PRODUCT,Mobile Warming MWUG42010624 Product,Mobile Warming Product,Product,,,,,,,,,,,,,,,,,,,,,,,,,,,Product,,,,,,,,,,,,,,,,,,,,,,,,,,,,,,,,,,,,,,,,,,,,,,,,,,,,,,,,,,,,,,,,,,,,,,,,,,,,,,,,,,,,,,,,,,,,,,,,,,,,,,,,,,,,,,,,,,,,,,,,,,,,,,,,,,,,,,,,,,,,,,,,,,,,,,,,,,,,,,,,,,,,,,,,,,,,,,,,,,,,,,,,,,,,FLAG: NEEDS_MANUAL_REVIEW (Low Confidence / Unmapped Taxonomy),,,,,,,,,
no source found,,,,,,,,,,,MWUG36010225,MWUG36010225 BLK SM Aerial Snow Heated Glove,,,,Tech Gear 5.7 Inc (TECGE),Tech Gear 5.7 Inc.,Mobile Warming,,MWUG36010225,,,"Tech Gear 5.7 Inc. Mobile Warming, Product, MWUG36010225",PRODUCT,Mobile Warming MWUG36010225 Product,Mobile Warming Product,Product,,,,,,,,,,,,,,,,,,,,,,,,,,,Product,,,,,,,,,,,,,,,,,,,,,,,,,,,,,,,,,,,,,,,,,,,,,,,,,,,,,,,,,,,,,,,,,,,,,,,,,,,,,,,,,,,,,,,,,,,,,,,,,,,,,,,,,,,,,,,,,,,,,,,,,,,,,,,,,,,,,,,,,,,,,,,,,,,,,,,,,,,,,,,,,,,,,,,,,,,,,,,,,,,,,,,,,,,,FLAG: NEEDS_MANUAL_REVIEW (Low Confidence / Unmapped Taxonomy),,,,,,,,,
no source found,,,,,,,,,,,MWUG36010325,MWUG36010325 BLK MD Aerial Snow Heated Glove,,,,Tech Gear 5.7 Inc (TECGE),Tech Gear 5.7 Inc.,Mobile Warming,,MWUG36010325,,,"Tech Gear 5.7 Inc. Mobile Warming, Product, MWUG36010325",PRODUCT,Mobile Warming MWUG36010325 Product,Mobile Warming Product,Product,,,,,,,,,,,,,,,,,,,,,,,,,,,Product,,,,,,,,,,,,,,,,,,,,,,,,,,,,,,,,,,,,,,,,,,,,,,,,,,,,,,,,,,,,,,,,,,,,,,,,,,,,,,,,,,,,,,,,,,,,,,,,,,,,,,,,,,,,,,,,,,,,,,,,,,,,,,,,,,,,,,,,,,,,,,,,,,,,,,,,,,,,,,,,,,,,,,,,,,,,,,,,,,,,,,,,,,,,FLAG: NEEDS_MANUAL_REVIEW (Low Confidence / Unmapped Taxonomy),,,,,,,,,
no source found,,,,,,,,,,,MWUG36010425,MWUG36010425 BLK LG Aerial Snow Heated Glove,,,,Tech Gear 5.7 Inc (TECGE),Tech Gear 5.7 Inc.,Mobile Warming,,MWUG36010425,,,"Tech Gear 5.7 Inc. Mobile Warming, Product, MWUG36010425",PRODUCT,Mobile Warming MWUG36010425 Product,Mobile Warming Product,Product,,,,,,,,,,,,,,,,,,,,,,,,,,,Product,,,,,,,,,,,,,,,,,,,,,,,,,,,,,,,,,,,,,,,,,,,,,,,,,,,,,,,,,,,,,,,,,,,,,,,,,,,,,,,,,,,,,,,,,,,,,,,,,,,,,,,,,,,,,,,,,,,,,,,,,,,,,,,,,,,,,,,,,,,,,,,,,,,,,,,,,,,,,,,,,,,,,,,,,,,,,,,,,,,,,,,,,,,,FLAG: NEEDS_MANUAL_REVIEW (Low Confidence / Unmapped Taxonomy),,,,,,,,,
no source found,,,,,,,,,,,MWUG36010525,MWUG36010525 BLK XL Aerial Snow Heated Glove,,,,Tech Gear 5.7 Inc (TECGE),Tech Gear 5.7 Inc.,Mobile Warming,,MWUG36010525,,,"Tech Gear 5.7 Inc. Mobile Warming, Product, MWUG36010525",PRODUCT,Mobile Warming MWUG36010525 Product,Mobile Warming Product,Product,,,,,,,,,,,,,,,,,,,,,,,,,,,Product,,,,,,,,,,,,,,,,,,,,,,,,,,,,,,,,,,,,,,,,,,,,,,,,,,,,,,,,,,,,,,,,,,,,,,,,,,,,,,,,,,,,,,,,,,,,,,,,,,,,,,,,,,,,,,,,,,,,,,,,,,,,,,,,,,,,,,,,,,,,,,,,,,,,,,,,,,,,,,,,,,,,,,,,,,,,,,,,,,,,,,,,,,,,FLAG: NEEDS_MANUAL_REVIEW (Low Confidence / Unmapped Taxonomy),,,,,,,,,
no source found,,,,,,,,,,,MWUG36010625,MWUG36010625 BLK 2X Aerial Snow Heated Glove,,,,Tech Gear 5.7 Inc (TECGE),Tech Gear 5.7 Inc.,Mobile Warming,,MWUG36010625,,,"Tech Gear 5.7 Inc. Mobile Warming, Product, MWUG36010625",PRODUCT,Mobile Warming MWUG36010625 Product,Mobile Warming Product,Product,,,,,,,,,,,,,,,,,,,,,,,,,,,Product,,,,,,,,,,,,,,,,,,,,,,,,,,,,,,,,,,,,,,,,,,,,,,,,,,,,,,,,,,,,,,,,,,,,,,,,,,,,,,,,,,,,,,,,,,,,,,,,,,,,,,,,,,,,,,,,,,,,,,,,,,,,,,,,,,,,,,,,,,,,,,,,,,,,,,,,,,,,,,,,,,,,,,,,,,,,,,,,,,,,,,,,,,,,FLAG: NEEDS_MANUAL_REVIEW (Low Confidence / Unmapped Taxonomy),,,,,,,,,
no source found,,,,,,,,,,,DPG15,DPG15 Dewalt AM/FM Hearing Protector,,,,Radians (7363),"Radians, Inc.",Radians,,DPG15,,,"Radians, Inc. Radians, Product, DPG15",PRODUCT,Radians DPG15 Product,Radians Product,Product,,,,,,,,,,,,,,,,,,,,,,,,,,,Product,,,,,,,,,,,,,,,,,,,,,,,,,,,,,,,,,,,,,,,,,,,,,,,,,,,,,,,,,,,,,,,,,,,,,,,,,,,,,,,,,,,,,,,,,,,,,,,,,,,,,,,,,,,,,,,,,,,,,,,,,,,,,,,,,,,,,,,,,,,,,,,,,,,,,,,,,,,,,,,,,,,,,,,,,,,,,,,,,,,,,,,,,,,,FLAG: NEEDS_MANUAL_REVIEW (Low Confidence / Unmapped Taxonomy),,,,,,,,,
no source found,,,,,,,,,,,F200B-21L,F200B-21L Milw M12 Womens - BLK Heated Hoodie Kit L,,,,Milwaukee Accessory (4031),Milwaukee Electric Tool Corp.,Milwaukee,,F200B-21L,,,"Milwaukee Electric Tool Corp. Milwaukee, Product, F200B-21L",PRODUCT,Milwaukee F200B-21L Product,Milwaukee Product,Product,,,,,,,,,,,,,,,,,,,,,,,,,,,Product,,,,,,,,,,,,,,,,,,,,,,,,,,,,,,,,,,,,,,,,,,,,,,,,,,,,,,,,,,,,,,,,,,,,,,,,,,,,,,,,,,,,,,,,,,,,,,,,,,,,,,,,,,,,,,,,,,,,,,,,,,,,,,,,,,,,,,,,,,,,,,,,,,,,,,,,,,,,,,,,,,,,,,,,,,,,,,,,,,,,,,,,,,,,FLAG: NEEDS_MANUAL_REVIEW (Low Confidence / Unmapped Taxonomy),,,,,,,,,
no source found,,,,,,,,,,,F200B-21M,F200B-21M Milw M12 Womens - BLK Heated Hoodie Kit M,,,,Milwaukee Accessory (4031),Milwaukee Electric Tool Corp.,Milwaukee,,F200B-21M,,,"Milwaukee Electric Tool Corp. Milwaukee, Product, F200B-21M",PRODUCT,Milwaukee F200B-21M Product,Milwaukee Product,Product,,,,,,,,,,,,,,,,,,,,,,,,,,,Product,,,,,,,,,,,,,,,,,,,,,,,,,,,,,,,,,,,,,,,,,,,,,,,,,,,,,,,,,,,,,,,,,,,,,,,,,,,,,,,,,,,,,,,,,,,,,,,,,,,,,,,,,,,,,,,,,,,,,,,,,,,,,,,,,,,,,,,,,,,,,,,,,,,,,,,,,,,,,,,,,,,,,,,,,,,,,,,,,,,,,,,,,,,,FLAG: NEEDS_MANUAL_REVIEW (Low Confidence / Unmapped Taxonomy),,,,,,,,,
no source found,,,,,,,,,,,M200B-21L,M200B-21L Milw M12 BLK - Heated Hoodie Kit L,,,,Milwaukee Accessory (4031),Milwaukee Electric Tool Corp.,Milwaukee,,M200B-21L,,,"Milwaukee Electric Tool Corp. Milwaukee, Product, M200B-21L",PRODUCT,Milwaukee M200B-21L Product,Milwaukee Product,Product,,,,,,,,,,,,,,,,,,,,,,,,,,,Product,,,,,,,,,,,,,,,,,,,,,,,,,,,,,,,,,,,,,,,,,,,,,,,,,,,,,,,,,,,,,,,,,,,,,,,,,,,,,,,,,,,,,,,,,,,,,,,,,,,,,,,,,,,,,,,,,,,,,,,,,,,,,,,,,,,,,,,,,,,,,,,,,,,,,,,,,,,,,,,,,,,,,,,,,,,,,,,,,,,,,,,,,,,,FLAG: NEEDS_MANUAL_REVIEW (Low Confidence / Unmapped Taxonomy),,,,,,,,,
no source found,,,,,,,,,,,M200B-21M,M200B-21M Milw M12 BLK - Heated Hoodie Kit M,,,,Milwaukee Accessory (4031),Milwaukee Electric Tool Corp.,Milwaukee,,M200B-21M,,,"Milwaukee Electric Tool Corp. Milwaukee, Product, M200B-21M",PRODUCT,Milwaukee M200B-21M Product,Milwaukee Product,Product,,,,,,,,,,,,,,,,,,,,,,,,,,,Product,,,,,,,,,,,,,,,,,,,,,,,,,,,,,,,,,,,,,,,,,,,,,,,,,,,,,,,,,,,,,,,,,,,,,,,,,,,,,,,,,,,,,,,,,,,,,,,,,,,,,,,,,,,,,,,,,,,,,,,,,,,,,,,,,,,,,,,,,,,,,,,,,,,,,,,,,,,,,,,,,,,,,,,,,,,,,,,,,,,,,,,,,,,,FLAG: NEEDS_MANUAL_REVIEW (Low Confidence / Unmapped Taxonomy),,,,,,,,,
no source found,,,,,,,,,,,M200B-21XL,M200B-21XL Milw M12 BLK - Heated Hoodie Kit XL,,,,Milwaukee Accessory (4031),Milwaukee Electric Tool Corp.,Milwaukee,,M200B-21XL,,,"Milwaukee Electric Tool Corp. Milwaukee, Product, M200B-21XL",PRODUCT,Milwaukee M200B-21XL Product,Milwaukee Product,Product,,,,,,,,,,,,,,,,,,,,,,,,,,,Product,,,,,,,,,,,,,,,,,,,,,,,,,,,,,,,,,,,,,,,,,,,,,,,,,,,,,,,,,,,,,,,,,,,,,,,,,,,,,,,,,,,,,,,,,,,,,,,,,,,,,,,,,,,,,,,,,,,,,,,,,,,,,,,,,,,,,,,,,,,,,,,,,,,,,,,,,,,,,,,,,,,,,,,,,,,,,,,,,,,,,,,,,,,,FLAG: NEEDS_MANUAL_REVIEW (Low Confidence / Unmapped Taxonomy),,,,,,,,,
no source found,,,,,,,,,,,M200G-21L,M200G-21L Milw M12 Gray - Heated Hoodie Kit L,,,,Milwaukee Accessory (4031),Milwaukee Electric Tool Corp.,Milwaukee,,M200G-21L,,,"Milwaukee Electric Tool Corp. Milwaukee, Product, M200G-21L",PRODUCT,Milwaukee M200G-21L Product,Milwaukee Product,Product,,,,,,,,,,,,,,,,,,,,,,,,,,,Product,,,,,,,,,,,,,,,,,,,,,,,,,,,,,,,,,,,,,,,,,,,,,,,,,,,,,,,,,,,,,,,,,,,,,,,,,,,,,,,,,,,,,,,,,,,,,,,,,,,,,,,,,,,,,,,,,,,,,,,,,,,,,,,,,,,,,,,,,,,,,,,,,,,,,,,,,,,,,,,,,,,,,,,,,,,,,,,,,,,,,,,,,,,,FLAG: NEEDS_MANUAL_REVIEW (Low Confidence / Unmapped Taxonomy),,,,,,,,,
no source found,,,,,,,,,,,M200G-21M,M200G-21M Milw M12 Gray - Heated Hoodie Kit M,,,,Milwaukee Accessory (4031),Milwaukee Electric Tool Corp.,Milwaukee,,M200G-21M,,,"Milwaukee Electric Tool Corp. Milwaukee, Product, M200G-21M",PRODUCT,Milwaukee M200G-21M Product,Milwaukee Product,Product,,,,,,,,,,,,,,,,,,,,,,,,,,,Product,,,,,,,,,,,,,,,,,,,,,,,,,,,,,,,,,,,,,,,,,,,,,,,,,,,,,,,,,,,,,,,,,,,,,,,,,,,,,,,,,,,,,,,,,,,,,,,,,,,,,,,,,,,,,,,,,,,,,,,,,,,,,,,,,,,,,,,,,,,,,,,,,,,,,,,,,,,,,,,,,,,,,,,,,,,,,,,,,,,,,,,,,,,,FLAG: NEEDS_MANUAL_REVIEW (Low Confidence / Unmapped Taxonomy),,,,,,,,,
no source found,,,,,,,,,,,M200G-21XL,M200G-21XL Milw M12 Gray - Heated Hoodie Kit XL,,,,Milwaukee Accessory (4031),Milwaukee Electric Tool Corp.,Milwaukee,,M200G-21XL,,,"Milwaukee Electric Tool Corp. Milwaukee, Product, M200G-21XL",PRODUCT,Milwaukee M200G-21XL Product,Milwaukee Product,Product,,,,,,,,,,,,,,,,,,,,,,,,,,,Product,,,,,,,,,,,,,,,,,,,,,,,,,,,,,,,,,,,,,,,,,,,,,,,,,,,,,,,,,,,,,,,,,,,,,,,,,,,,,,,,,,,,,,,,,,,,,,,,,,,,,,,,,,,,,,,,,,,,,,,,,,,,,,,,,,,,,,,,,,,,,,,,,,,,,,,,,,,,,,,,,,,,,,,,,,,,,,,,,,,,,,,,,,,,FLAG: NEEDS_MANUAL_REVIEW (Low Confidence / Unmapped Taxonomy),,,,,,,,,
no source found,,,,,,,,,,,48-11-2330,48-11-2330 Milw Heated Gear Power Source,,,,Milwaukee Accessory (4031),Milwaukee Electric Tool Corp.,Milwaukee,,48-11-2330,,,"Milwaukee Electric Tool Corp. Milwaukee, Product, 48-11-2330",PRODUCT,Milwaukee 48-11-2330 Product,Milwaukee Product,Product,,,,,,,,,,,,,,,,,,,,,,,,,,,Product,,,,,,,,,,,,,,,,,,,,,,,,,,,,,,,,,,,,,,,,,,,,,,,,,,,,,,,,,,,,,,,,,,,,,,,,,,,,,,,,,,,,,,,,,,,,,,,,,,,,,,,,,,,,,,,,,,,,,,,,,,,,,,,,,,,,,,,,,,,,,,,,,,,,,,,,,,,,,,,,,,,,,,,,,,,,,,,,,,,,,,,,,,,,FLAG: NEEDS_MANUAL_REVIEW (Low Confidence / Unmapped Taxonomy),,,,,,,,,
no source found,,,,,,,,,,,DCBP250C,DCBP520C Dewalt Starter Kit,,,DEWALT,Black & Decker/dewlt (2585),Stanley Black & Decker,DEWALT,,DCBP250C,,,"Stanley Black & Decker DEWALT, Product, DCBP250C",PRODUCT,DEWALT DCBP250C Product,DEWALT Product,Product,,,,,,,,,,,,,,,,,,,,,,,,,,,Product,,,,,,,,,,,,,,,,,,,,,,,,,,,,,,,,,,,,,,,,,,,,,,,,,,,,,,,,,,,,,,,,,,,,,,,,,,,,,,,,,,,,,,,,,,,,,,,,,,,,,,,,,,,,,,,,,,,,,,,,,,,,,,,,,,,,,,,,,,,,,,,,,,,,,,,,,,,,,,,,,,,,,,,,,,,,,,,,,,,,,,,,,,,,FLAG: NEEDS_MANUAL_REVIEW (Low Confidence / Unmapped Taxonomy),,,,,,,,,
no source found,,,,,,,,,,,5328,5328 Lg. Leather Phone Holster - Clip-on,,,,,LG Electronics USA,LG,,5328,,,"LG Electronics USA LG, Product, 5328",PRODUCT,LG 5328 Product,LG Product,Product,,,,,,,,,,,,,,,,,,,,,,,,,,,Product,,,,,,,,,,,,,,,,,,,,,,,,,,,,,,,,,,,,,,,,,,,,,,,,,,,,,,,,,,,,,,,,,,,,,,,,,,,,,,,,,,,,,,,,,,,,,,,,,,,,,,,,,,,,,,,,,,,,,,,,,,,,,,,,,,,,,,,,,,,,,,,,,,,,,,,,,,,,,,,,,,,,,,,,,,,,,,,,,,,,,,,,,,,,FLAG: NEEDS_MANUAL_REVIEW (Low Confidence / Unmapped Taxonomy),,,,,,,,,
no source found,,,,,,,,,,,3200-20,3200-20 Milw Voltage Detector,,,,Milwaukee Accessory (4031),Milwaukee Electric Tool Corp.,Milwaukee,,3200-20,,,"Milwaukee Electric Tool Corp. Milwaukee, Product, 3200-20",PRODUCT,Milwaukee 3200-20 Product,Milwaukee Product,Product,,,,,,,,,,,,,,,,,,,,,,,,,,,Product,,,,,,,,,,,,,,,,,,,,,,,,,,,,,,,,,,,,,,,,,,,,,,,,,,,,,,,,,,,,,,,,,,,,,,,,,,,,,,,,,,,,,,,,,,,,,,,,,,,,,,,,,,,,,,,,,,,,,,,,,,,,,,,,,,,,,,,,,,,,,,,,,,,,,,,,,,,,,,,,,,,,,,,,,,,,,,,,,,,,,,,,,,,,FLAG: NEEDS_MANUAL_REVIEW (Low Confidence / Unmapped Taxonomy),,,,,,,,,
no source found,,,,,,,,,,,3202-20,3202-20 Milw Voltage Detector w/ LED,,,,Milwaukee Accessory (4031),Milwaukee Electric Tool Corp.,Milwaukee,,3202-20,,,"Milwaukee Electric Tool Corp. Milwaukee, LED Lamp, 3202-20",LED LAMP,Milwaukee 3202-20 LED Lamp,Milwaukee LED Lamp,LED Lamp,,,,,,,,,,,,,,,,,,,,,,,,,,,LED Lamp,,,,,,,,,,,,,,,,,,,,,,,,,,,,,,,,,,,,,,,,,,,,,,,,,,,,,,,,,,,,,,,,,,,,,,,,,,,,,,,,,,,,,,,,,,,,,,,,,,,,,,,,,,,,,,,,,,,,,,,,,,,,,,,,,,,,,,,,,,,,,,,,,,,,,,,,,,,,,,,,,,,,,,,,,,,,,,,,,,,,,,,,,,,,FLAG: NEEDS_MANUAL_REVIEW (Low Confidence / Unmapped Taxonomy),,,,,,,,,
no source found,,,,,,,,,,,3203-20,3203-20 Milw Dual Range Voltage Detector w/ LED,,,,Milwaukee Accessory (4031),Milwaukee Electric Tool Corp.,Milwaukee,,3203-20,,,"Milwaukee Electric Tool Corp. Milwaukee, LED Lamp, 3203-20",LED LAMP,Milwaukee 3203-20 LED Lamp,Milwaukee LED Lamp,LED Lamp,,,,,,,,,,,,,,,,,,,,,,,,,,,LED Lamp,,,,,,,,,,,,,,,,,,,,,,,,,,,,,,,,,,,,,,,,,,,,,,,,,,,,,,,,,,,,,,,,,,,,,,,,,,,,,,,,,,,,,,,,,,,,,,,,,,,,,,,,,,,,,,,,,,,,,,,,,,,,,,,,,,,,,,,,,,,,,,,,,,,,,,,,,,,,,,,,,,,,,,,,,,,,,,,,,,,,,,,,,,,,FLAG: NEEDS_MANUAL_REVIEW (Low Confidence / Unmapped Taxonomy),,,,,,,,,
no source found,,,,,,,,,,,BC-12300,"BC-12300 BigCal 12""/300mm",,,,Woodpeckers Inc (WOODP),Woodpeckers LLC,Woodpeckers,,BC-12300,,,"Woodpeckers LLC Woodpeckers, Product, BC-12300",PRODUCT,Woodpeckers BC-12300 Product,Woodpeckers Product,Product,,,,,,,,,,,,,,,,,,,,,,,,,,,Product,,,,,,,,,,,,,,,,,,,,,,,,,,,,,,,,,,,,,,,,,,,,,,,,,,,,,,,,,,,,,,,,,,,,,,,,,,,,,,,,,,,,,,,,,,,,,,,,,,,,,,,,,,,,,,,,,,,,,,,,,,,,,,,,,,,,,,,,,,,,,,,,,,,,,,,,,,,,,,,,,,,,,,,,,,,,,,,,,,,,,,,,,,,,FLAG: NEEDS_MANUAL_REVIEW (Low Confidence / Unmapped Taxonomy),,,,,,,,,
no source found,,,,,,,,,,,BC-24600,"BC-24600 BigCal 24""/600mm",,,,Woodpeckers Inc (WOODP),Woodpeckers LLC,Woodpeckers,,BC-24600,,,"Woodpeckers LLC Woodpeckers, Product, BC-24600",PRODUCT,Woodpeckers BC-24600 Product,Woodpeckers Product,Product,,,,,,,,,,,,,,,,,,,,,,,,,,,Product,,,,,,,,,,,,,,,,,,,,,,,,,,,,,,,,,,,,,,,,,,,,,,,,,,,,,,,,,,,,,,,,,,,,,,,,,,,,,,,,,,,,,,,,,,,,,,,,,,,,,,,,,,,,,,,,,,,,,,,,,,,,,,,,,,,,,,,,,,,,,,,,,,,,,,,,,,,,,,,,,,,,,,,,,,,,,,,,,,,,,,,,,,,,FLAG: NEEDS_MANUAL_REVIEW (Low Confidence / Unmapped Taxonomy),,,,,,,,,
no source found,,,,,,,Hardware & Tools,Power Tools,Measuring & Layout,,DW08302CG,DW08302CG Dewalt Laser - Green 3 Spot,,,DEWALT,Black & Decker/dewlt (2585),Stanley Black & Decker,DEWALT,,DW08302CG,,Hardware & Tools>Power Tools & Measuring>Levels & Rotary Tools,"Stanley Black & Decker DEWALT, Laser Level, DW08302CG",LASER,DEWALT DW08302CG Laser Level,DEWALT Laser Level,Laser Level,,,,,,,,,,,,,,,,,,,,,,,,,,,Laser Level,,,,,,,,,,,,,,,,,,,,,,,,,,,,,,,,,,,,,,,,,,,,,,,,,,,,,,,,,,,,,,,,,,,,,,,,,,,,,,,,,,,,,,,,,,,,,,,,,,,,,,,,,,,,,,,,,,,,,,,,,,,,,,,,,,,,,,,,,,,,,,,,,,,,,,,,,,,,,,,,,,,,,,,,,,,,,,,,,,,,,,,,,,,,,,,,,,,,,
no source found,,,,,,,Hardware & Tools,Power Tools,Measuring & Layout,,GCL165-42GL,GCL165--42GL Cross Line Laser,,,,Robt Bosch Tool Corp (6564),Robert Bosch Tool Corporation,Bosch,,GCL165-42GL,,Hardware & Tools>Power Tools & Measuring>Levels & Rotary Tools,"Robert Bosch Tool Corporation Bosch, Laser Level, GCL165-42GL",LASER,Bosch GCL165-42GL Laser Level,Bosch Laser Level,Laser Level,,,,,,,,,,,,,,,,,,,,,,,,,,,Laser Level,,,,,,,,,,,,,,,,,,,,,,,,,,,,,,,,,,,,,,,,,,,,,,,,,,,,,,,,,,,,,,,,,,,,,,,,,,,,,,,,,,,,,,,,,,,,,,,,,,,,,,,,,,,,,,,,,,,,,,,,,,,,,,,,,,,,,,,,,,,,,,,,,,,,,,,,,,,,,,,,,,,,,,,,,,,,,,,,,,,,,,,,,,,,,,,,,,,,,
no source found,,,,,,,Hardware & Tools,Power Tools,Measuring & Layout,,DW08802CG,DW08802CG Dewalt Laser Green - Self-Level Cross Line,,,DEWALT,Black & Decker/dewlt (2585),Stanley Black & Decker,DEWALT,,DW08802CG,,Hardware & Tools>Power Tools & Measuring>Levels & Rotary Tools,"Stanley Black & Decker DEWALT, Laser Level, DW08802CG",LASER,DEWALT DW08802CG Laser Level,DEWALT Laser Level,Laser Level,,,,,,,,,,,,,,,,,,,,,,,,,,,Laser Level,,,,,,,,,,,,,,,,,,,,,,,,,,,,,,,,,,,,,,,,,,,,,,,,,,,,,,,,,,,,,,,,,,,,,,,,,,,,,,,,,,,,,,,,,,,,,,,,,,,,,,,,,,,,,,,,,,,,,,,,,,,,,,,,,,,,,,,,,,,,,,,,,,,,,,,,,,,,,,,,,,,,,,,,,,,,,,,,,,,,,,,,,,,,,,,,,,,,,
no source found,,,,,,,Hardware & Tools,Power Tools,Measuring & Layout,,DW088CG,DW088CG Dewalt Laser - Green Cross Line,,,DEWALT,Black & Decker/dewlt (2585),Stanley Black & Decker,DEWALT,,DW088CG,,Hardware & Tools>Power Tools & Measuring>Levels & Rotary Tools,"Stanley Black & Decker DEWALT, Laser Level, DW088CG",LASER,DEWALT DW088CG Laser Level,DEWALT Laser Level,Laser Level,,,,,,,,,,,,,,,,,,,,,,,,,,,Laser Level,,,,,,,,,,,,,,,,,,,,,,,,,,,,,,,,,,,,,,,,,,,,,,,,,,,,,,,,,,,,,,,,,,,,,,,,,,,,,,,,,,,,,,,,,,,,,,,,,,,,,,,,,,,,,,,,,,,,,,,,,,,,,,,,,,,,,,,,,,,,,,,,,,,,,,,,,,,,,,,,,,,,,,,,,,,,,,,,,,,,,,,,,,,,,,,,,,,,,
no source found,,,,,,,Hardware & Tools,Power Tools,Measuring & Layout,,DW089CG,DW089CG Dewalt Laser Level - 3 Line 30ft Range,,,DEWALT,Black & Decker/dewlt (2585),Stanley Black & Decker,DEWALT,,DW089CG,,Hardware & Tools>Power Tools & Measuring>Levels & Rotary Tools,"Stanley Black & Decker DEWALT, Laser Level, DW089CG",LASER,DEWALT DW089CG Laser Level,DEWALT Laser Level,Laser Level,,,,,,,,,,,,,,,,,,,,,,,,,,,Laser Level,,,,,,,,,,,,,,,,,,,,,,,,,,,,,,,,,,,,,,,,,,,,,,,,,,,,,,,,,,,,,,,,,,,,,,,,,,,,,,,,,,,,,,,,,,,,,,,,,,,,,,,,,,,,,,,,,,,,,,,,,,,,,,,,,,,,,,,,,,,,,,,,,,,,,,,,,,,,,,,,,,,,,,,,,,,,,,,,,,,,,,,,,,,,,,,,,,,,,
no source found,,,,,,,Hardware & Tools,Power Tools,Measuring & Layout,,DCLE34520GB,DCLE34520GB Dewalt Laser 20V - Cross Line 5 Spot (Bare),,,DEWALT,Black & Decker/dewlt (2585),Stanley Black & Decker,DEWALT,,DCLE34520GB,,Hardware & Tools>Power Tools & Measuring>Levels & Rotary Tools,"Stanley Black & Decker DEWALT, Laser Level, DCLE34520GB",LASER,DEWALT DCLE34520GB Laser Level,DEWALT Laser Level,Laser Level,,,,,,,,,,,,,,,,,,,,,,,,,,,Laser Level,,,,,,,,,,,,,,,,,,,,,,,,,,,,,,,,,,,,,,,,,,,,,,,,,,,,,,,,,,,,,,,,,,,,,,,,,,,,,,,,,,,,,,,,,,,,,,,,,,,,,,,,,,,,,,,,,,,,,,,,,,,,,,,,,,,,,,,,,,,,,,,,,,,,,,,,,,,,,,,,,,,,,,,,,,,,,,,,,,,,,,,,,,,,,,,,,,,,,
no source found,,,,,,,Hardware & Tools,Power Tools,Measuring & Layout,,DCLE34031B,DCLE34031B Dewalt Line Laser - 20V Self-Leveling (Bare),,,DEWALT,Black & Decker/dewlt (2585),Stanley Black & Decker,DEWALT,,DCLE34031B,,Hardware & Tools>Power Tools & Measuring>Levels & Rotary Tools,"Stanley Black & Decker DEWALT, Laser Level, DCLE34031B",LASER,DEWALT DCLE34031B Laser Level,DEWALT Laser Level,Laser Level,,,,,,,,,,,,,,,,,,,,,,,,,,,Laser Level,,,,,,,,,,,,,,,,,,,,,,,,,,,,,,,,,,,,,,,,,,,,,,,,,,,,,,,,,,,,,,,,,,,,,,,,,,,,,,,,,,,,,,,,,,,,,,,,,,,,,,,,,,,,,,,,,,,,,,,,,,,,,,,,,,,,,,,,,,,,,,,,,,,,,,,,,,,,,,,,,,,,,,,,,,,,,,,,,,,,,,,,,,,,,,,,,,,,,
no source found,,,,,,,Hardware & Tools,Power Tools,Measuring & Layout,,DW0822CG,DW0822CG Dewalt Cross Line - Plumb Spots Laser-Green,,,DEWALT,Black & Decker/dewlt (2585),Stanley Black & Decker,DEWALT,,DW0822CG,,Hardware & Tools>Power Tools & Measuring>Levels & Rotary Tools,"Stanley Black & Decker DEWALT, Laser Level, DW0822CG",LASER,DEWALT DW0822CG Laser Level,DEWALT Laser Level,Laser Level,,,,,,,,,,,,,,,,,,,,,,,,,,,Laser Level,,,,,,,,,,,,,,,,,,,,,,,,,,,,,,,,,,,,,,,,,,,,,,,,,,,,,,,,,,,,,,,,,,,,,,,,,,,,,,,,,,,,,,,,,,,,,,,,,,,,,,,,,,,,,,,,,,,,,,,,,,,,,,,,,,,,,,,,,,,,,,,,,,,,,,,,,,,,,,,,,,,,,,,,,,,,,,,,,,,,,,,,,,,,,,,,,,,,,
no source found,,,,,,,,,,,25459,25459 Mason Line Brd Orange - 500',,,,U S Tape Company (6694),U.S. Tape Company,U.S. Tape,,25459,,,"U.S. Tape Company U.S. Tape, Product, 25459",PRODUCT,U.S. Tape 25459 Product,U.S. Tape Product,Product,,,,,,,,,,,,,,,,,,,,,,,,,,,Product,,,,,,,,,,,,,,,,,,,,,,,,,,,,,,,,,,,,,,,,,,,,,,,,,,,,,,,,,,,,,,,,,,,,,,,,,,,,,,,,,,,,,,,,,,,,,,,,,,,,,,,,,,,,,,,,,,,,,,,,,,,,,,,,,,,,,,,,,,,,,,,,,,,,,,,,,,,,,,,,,,,,,,,,,,,,,,,,,,,,,,,,,,,,FLAG: NEEDS_MANUAL_REVIEW (Low Confidence / Unmapped Taxonomy),,,,,,,,,
no source found,,,,,,,,,,,35459,35459 Mason Line Brd Orange - 500' Replacement,,,,U S Tape Company (6694),U.S. Tape Company,U.S. Tape,,35459,,,"U.S. Tape Company U.S. Tape, Product, 35459",PRODUCT,U.S. Tape 35459 Product,U.S. Tape Product,Product,,,,,,,,,,,,,,,,,,,,,,,,,,,Product,,,,,,,,,,,,,,,,,,,,,,,,,,,,,,,,,,,,,,,,,,,,,,,,,,,,,,,,,,,,,,,,,,,,,,,,,,,,,,,,,,,,,,,,,,,,,,,,,,,,,,,,,,,,,,,,,,,,,,,,,,,,,,,,,,,,,,,,,,,,,,,,,,,,,,,,,,,,,,,,,,,,,,,,,,,,,,,,,,,,,,,,,,,,FLAG: NEEDS_MANUAL_REVIEW (Low Confidence / Unmapped Taxonomy),,,,,,,,,
no source found,,,,,,,,,,,25759,25759 Mason Line Brd Orange - 1000',,,,U S Tape Company (6694),U.S. Tape Company,U.S. Tape,,25759,,,"U.S. Tape Company U.S. Tape, Product, 25759",PRODUCT,U.S. Tape 25759 Product,U.S. Tape Product,Product,,,,,,,,,,,,,,,,,,,,,,,,,,,Product,,,,,,,,,,,,,,,,,,,,,,,,,,,,,,,,,,,,,,,,,,,,,,,,,,,,,,,,,,,,,,,,,,,,,,,,,,,,,,,,,,,,,,,,,,,,,,,,,,,,,,,,,,,,,,,,,,,,,,,,,,,,,,,,,,,,,,,,,,,,,,,,,,,,,,,,,,,,,,,,,,,,,,,,,,,,,,,,,,,,,,,,,,,,FLAG: NEEDS_MANUAL_REVIEW (Low Confidence / Unmapped Taxonomy),,,,,,,,,
no source found,,,,,,,,,,,35112,35112 Mason Line Twist Yellow - 270',,,,U S Tape Company (6694),U.S. Tape Company,U.S. Tape,,35112,,,"U.S. Tape Company U.S. Tape, Product, 35112",PRODUCT,U.S. Tape 35112 Product,U.S. Tape Product,Product,,,,,,,,,,,,,,,,,,,,,,,,,,,Product,,,,,,,,,,,,,,,,,,,,,,,,,,,,,,,,,,,,,,,,,,,,,,,,,,,,,,,,,,,,,,,,,,,,,,,,,,,,,,,,,,,,,,,,,,,,,,,,,,,,,,,,,,,,,,,,,,,,,,,,,,,,,,,,,,,,,,,,,,,,,,,,,,,,,,,,,,,,,,,,,,,,,,,,,,,,,,,,,,,,,,,,,,,,FLAG: NEEDS_MANUAL_REVIEW (Low Confidence / Unmapped Taxonomy),,,,,,,,,
no source found,,,,,,,,,,,35115,35115 Mason Line Twist Green - 270',,,,U S Tape Company (6694),U.S. Tape Company,U.S. Tape,,35115,,,"U.S. Tape Company U.S. Tape, Product, 35115",PRODUCT,U.S. Tape 35115 Product,U.S. Tape Product,Product,,,,,,,,,,,,,,,,,,,,,,,,,,,Product,,,,,,,,,,,,,,,,,,,,,,,,,,,,,,,,,,,,,,,,,,,,,,,,,,,,,,,,,,,,,,,,,,,,,,,,,,,,,,,,,,,,,,,,,,,,,,,,,,,,,,,,,,,,,,,,,,,,,,,,,,,,,,,,,,,,,,,,,,,,,,,,,,,,,,,,,,,,,,,,,,,,,,,,,,,,,,,,,,,,,,,,,,,,FLAG: NEEDS_MANUAL_REVIEW (Low Confidence / Unmapped Taxonomy),,,,,,,,,
no source found,,,,,,,,,,,25168,25168 Mason Line Brd Green - 250',CENTURY COMPONENTS,,,U S Tape Company (6694),U.S. Tape Company,U.S. Tape,,25168,,,"U.S. Tape Company U.S. Tape, Product, 25168",PRODUCT,U.S. Tape 25168 Product,U.S. Tape Product,Product,,,,,,,,,,,,,,,,,,,,,,,,,,,Product,,,,,,,,,,,,,,,,,,,,,,,,,,,,,,,,,,,,,,,,,,,,,,,,,,,,,,,,,,,,,,,,,,,,,,,,,,,,,,,,,,,,,,,,,,,,,,,,,,,,,,,,,,,,,,,,,,,,,,,,,,,,,,,,,,,,,,,,,,,,,,,,,,,,,,,,,,,,,,,,,,,,,,,,,,,,,,,,,,,,,,,,,,,,FLAG: NEEDS_MANUAL_REVIEW (Low Confidence / Unmapped Taxonomy),,,,,,,,,
no source found,,,,,,,,,,,35468,35468 Mason Line Brd Green - 500' Replacement,,,,U S Tape Company (6694),U.S. Tape Company,U.S. Tape,,35468,,,"U.S. Tape Company U.S. Tape, Product, 35468",PRODUCT,U.S. Tape 35468 Product,U.S. Tape Product,Product,,,,,,,,,,,,,,,,,,,,,,,,,,,Product,,,,,,,,,,,,,,,,,,,,,,,,,,,,,,,,,,,,,,,,,,,,,,,,,,,,,,,,,,,,,,,,,,,,,,,,,,,,,,,,,,,,,,,,,,,,,,,,,,,,,,,,,,,,,,,,,,,,,,,,,,,,,,,,,,,,,,,,,,,,,,,,,,,,,,,,,,,,,,,,,,,,,,,,,,,,,,,,,,,,,,,,,,,,FLAG: NEEDS_MANUAL_REVIEW (Low Confidence / Unmapped Taxonomy),,,,,,,,,
no source found,,,,,,,,,,,35494,35494 Mason Line Brd Blk/Yellw - 500' Replacement,,,,U S Tape Company (6694),U.S. Tape Company,U.S. Tape,,35494,,,"U.S. Tape Company U.S. Tape, Product, 35494",PRODUCT,U.S. Tape 35494 Product,U.S. Tape Product,Product,,,,,,,,,,,,,,,,,,,,,,,,,,,Product,,,,,,,,,,,,,,,,,,,,,,,,,,,,,,,,,,,,,,,,,,,,,,,,,,,,,,,,,,,,,,,,,,,,,,,,,,,,,,,,,,,,,,,,,,,,,,,,,,,,,,,,,,,,,,,,,,,,,,,,,,,,,,,,,,,,,,,,,,,,,,,,,,,,,,,,,,,,,,,,,,,,,,,,,,,,,,,,,,,,,,,,,,,,FLAG: NEEDS_MANUAL_REVIEW (Low Confidence / Unmapped Taxonomy),,,,,,,,,
no source found,,,,,,,,,,,MLSQ0120,"MLSQ0120 Milw 12"" RafterSquare",,,,Milwaukee Accessory (4031),Milwaukee Electric Tool Corp.,Milwaukee,,MLSQ0120,,,"Milwaukee Electric Tool Corp. Milwaukee, Product, MLSQ0120",PRODUCT,Milwaukee MLSQ0120 Product,Milwaukee Product,Product,,,,,,,,,,,,,,,,,,,,,,,,,,,Product,,,,,,,,,,,,,,,,,,,,,,,,,,,,,,,,,,,,,,,,,,,,,,,,,,,,,,,,,,,,,,,,,,,,,,,,,,,,,,,,,,,,,,,,,,,,,,,,,,,,,,,,,,,,,,,,,,,,,,,,,,,,,,,,,,,,,,,,,,,,,,,,,,,,,,,,,,,,,,,,,,,,,,,,,,,,,,,,,,,,,,,,,,,,FLAG: NEEDS_MANUAL_REVIEW (Low Confidence / Unmapped Taxonomy),,,,,,,,,
no source found,,,,,,,,,,,MLSQ1120,MLSQ1120 Milw 300mm Rafter - Square (Metric),,,,Milwaukee Accessory (4031),Milwaukee Electric Tool Corp.,Milwaukee,,MLSQ1120,,,"Milwaukee Electric Tool Corp. Milwaukee, Product, MLSQ1120",PRODUCT,Milwaukee MLSQ1120 Product,Milwaukee Product,Product,,,,,,,,,,,,,,,,,,,,,,,,,,,Product,,,,,,,,,,,,,,,,,,,,,,,,,,,,,,,,,,,,,,,,,,,,,,,,,,,,,,,,,,,,,,,,,,,,,,,,,,,,,,,,,,,,,,,,,,,,,,,,,,,,,,,,,,,,,,,,,,,,,,,,,,,,,,,,,,,,,,,,,,,,,,,,,,,,,,,,,,,,,,,,,,,,,,,,,,,,,,,,,,,,,,,,,,,,FLAG: NEEDS_MANUAL_REVIEW (Low Confidence / Unmapped Taxonomy),,,,,,,,,
no source found,,,,,,,Hardware & Tools,Power Tools,Measuring & Layout,,55227,"55227 Amana Countersink/Stop 1/8"" Drill TB",,,,Amana Tool Corp (AMATO),Amana Tool Corporation,Amana Tool,,55227,,Hardware & Tools>Power Tools & Measuring>Levels & Rotary Tools,"Amana Tool Corporation Amana Tool, Measuring Tool, 55227",MEASURING,Amana Tool 55227 Measuring Tool,Amana Tool Measuring Tool,Measuring Tool,,,,,,,,,,,,,,,,,,,,,,,,,,,Measuring Tool,,,,,,,,,,,,,,,,,,,,,,,,,,,,,,,,,,,,,,,,,,,,,,,,,,,,,,,,,,,,,,,,,,,,,,,,,,,,,,,,,,,,,,,,,,,,,,,,,,,,,,,,,,,,,,,,,,,,,,,,,,,,,,,,,,,,,,,,,,,,,,,,,,,,,,,,,,,,,,,,,,,,,,,,,,,,,,,,,,,,,,,,,,,,,,,,,,,,,
no source found,,,,,,,,,,,37300952,"095842 Fisch Plug Cutter 3/8""",,,,,,,,37300952,,,", Product, 37300952",PRODUCT,37300952 Product,Product,Product,,,,,,,,,,,,,,,,,,,,,,,,,,,Product,,,,,,,,,,,,,,,,,,,,,,,,,,,,,,,,,,,,,,,,,,,,,,,,,,,,,,,,,,,,,,,,,,,,,,,,,,,,,,,,,,,,,,,,,,,,,,,,,,,,,,,,,,,,,,,,,,,,,,,,,,,,,,,,,,,,,,,,,,,,,,,,,,,,,,,,,,,,,,,,,,,,,,,,,,,,,,,,,,,,,,,,,,,,FLAG: NEEDS_MANUAL_REVIEW (Low Confidence / Unmapped Taxonomy),,,,,,,,,
no source found,,,,,,,,,,,6008,6008 Whiteside Router Bit,,,,Whiteside Machine & Repair Co (WHIMA),Whiteside Machine Company,Whiteside,,6008,,,"Whiteside Machine Company Whiteside, Product, 6008",PRODUCT,Whiteside 6008 Product,Whiteside Product,Product,,,,,,,,,,,,,,,,,,,,,,,,,,,Product,,,,,,,,,,,,,,,,,,,,,,,,,,,,,,,,,,,,,,,,,,,,,,,,,,,,,,,,,,,,,,,,,,,,,,,,,,,,,,,,,,,,,,,,,,,,,,,,,,,,,,,,,,,,,,,,,,,,,,,,,,,,,,,,,,,,,,,,,,,,,,,,,,,,,,,,,,,,,,,,,,,,,,,,,,,,,,,,,,,,,,,,,,,,FLAG: NEEDS_MANUAL_REVIEW (Low Confidence / Unmapped Taxonomy),,,,,,,,,
no source found,,,,,,,,,,,6009,6009 Whiteside Router Bit,,,,Whiteside Machine & Repair Co (WHIMA),Whiteside Machine Company,Whiteside,,6009,,,"Whiteside Machine Company Whiteside, Product, 6009",PRODUCT,Whiteside 6009 Product,Whiteside Product,Product,,,,,,,,,,,,,,,,,,,,,,,,,,,Product,,,,,,,,,,,,,,,,,,,,,,,,,,,,,,,,,,,,,,,,,,,,,,,,,,,,,,,,,,,,,,,,,,,,,,,,,,,,,,,,,,,,,,,,,,,,,,,,,,,,,,,,,,,,,,,,,,,,,,,,,,,,,,,,,,,,,,,,,,,,,,,,,,,,,,,,,,,,,,,,,,,,,,,,,,,,,,,,,,,,,,,,,,,,FLAG: NEEDS_MANUAL_REVIEW (Low Confidence / Unmapped Taxonomy),,,,,,,,,
no source found,,,,,,,,,,,3000A,3000A Whiteside Router Bit,,,,Whiteside Machine & Repair Co (WHIMA),Whiteside Machine Company,Whiteside,,3000A,,,"Whiteside Machine Company Whiteside, Product, 3000 A",PRODUCT,Whiteside 3000 A Product,Whiteside Product,Product,,,,,,,,,,,,,,,,,,,,,,,,,,,Product,,,,,,,,,,,,,,,,,,,,,,,,,,,,,,,,,,,,,,,,,,,,,,,,,,,,,,,,,,,,,,,,,,,,,,,,,,,,,,,,,,,,,,,,,,,,,,,,,,,,,,,,,,,,,,,,,,,,,,,,,,,,,,,,,,,,,,,,,,,,,,,,,,,,,,,,,,,,,,,,,,,,,,,,,,,,,,,,,,,,,,,,,,,,FLAG: NEEDS_MANUAL_REVIEW (Low Confidence / Unmapped Taxonomy),,,,,,,,,
no source found,,,,,,,,,,,MID6630201US,MID6630201US Deos663XCV Sander,,,,Mirka Abrasives Inc (MIRUS),Mirka USA Inc.,Mirka,,MID6630201US,,,"Mirka USA Inc. Mirka, Product, MID6630201US",PRODUCT,Mirka MID6630201US Product,Mirka Product,Product,,,,,,,,,,,,,,,,,,,,,,,,,,,Product,,,,,,,,,,,,,,,,,,,,,,,,,,,,,,,,,,,,,,,,,,,,,,,,,,,,,,,,,,,,,,,,,,,,,,,,,,,,,,,,,,,,,,,,,,,,,,,,,,,,,,,,,,,,,,,,,,,,,,,,,,,,,,,,,,,,,,,,,,,,,,,,,,,,,,,,,,,,,,,,,,,,,,,,,,,,,,,,,,,,,,,,,,,,FLAG: NEEDS_MANUAL_REVIEW (Low Confidence / Unmapped Taxonomy),,,,,,,,,
no source found,,,,,,,,,,,DCF6202,DCF6202 Dewalt Collated Attach,,,DEWALT,Black & Decker/dewlt (2585),Stanley Black & Decker,DEWALT,,DCF6202,,,"Stanley Black & Decker DEWALT, Product, DCF6202",PRODUCT,DEWALT DCF6202 Product,DEWALT Product,Product,,,,,,,,,,,,,,,,,,,,,,,,,,,Product,,,,,,,,,,,,,,,,,,,,,,,,,,,,,,,,,,,,,,,,,,,,,,,,,,,,,,,,,,,,,,,,,,,,,,,,,,,,,,,,,,,,,,,,,,,,,,,,,,,,,,,,,,,,,,,,,,,,,,,,,,,,,,,,,,,,,,,,,,,,,,,,,,,,,,,,,,,,,,,,,,,,,,,,,,,,,,,,,,,,,,,,,,,,FLAG: NEEDS_MANUAL_REVIEW (Low Confidence / Unmapped Taxonomy),,,,,,,,,
no source found,,,,,,,,,,,25468,25468 Mason Line Brd Green - 500',,,,U S Tape Company (6694),U.S. Tape Company,U.S. Tape,,25468,,,"U.S. Tape Company U.S. Tape, Product, 25468",PRODUCT,U.S. Tape 25468 Product,U.S. Tape Product,Product,,,,,,,,,,,,,,,,,,,,,,,,,,,Product,,,,,,,,,,,,,,,,,,,,,,,,,,,,,,,,,,,,,,,,,,,,,,,,,,,,,,,,,,,,,,,,,,,,,,,,,,,,,,,,,,,,,,,,,,,,,,,,,,,,,,,,,,,,,,,,,,,,,,,,,,,,,,,,,,,,,,,,,,,,,,,,,,,,,,,,,,,,,,,,,,,,,,,,,,,,,,,,,,,,,,,,,,,,FLAG: NEEDS_MANUAL_REVIEW (Low Confidence / Unmapped Taxonomy),,,,,,,,,
no source found,,,,,,,,,,,25762,25762 Mason Line Brd Pink - 1000',,,,U S Tape Company (6694),U.S. Tape Company,U.S. Tape,,25762,,,"U.S. Tape Company U.S. Tape, Product, 25762",PRODUCT,U.S. Tape 25762 Product,U.S. Tape Product,Product,,,,,,,,,,,,,,,,,,,,,,,,,,,Product,,,,,,,,,,,,,,,,,,,,,,,,,,,,,,,,,,,,,,,,,,,,,,,,,,,,,,,,,,,,,,,,,,,,,,,,,,,,,,,,,,,,,,,,,,,,,,,,,,,,,,,,,,,,,,,,,,,,,,,,,,,,,,,,,,,,,,,,,,,,,,,,,,,,,,,,,,,,,,,,,,,,,,,,,,,,,,,,,,,,,,,,,,,,FLAG: NEEDS_MANUAL_REVIEW (Low Confidence / Unmapped Taxonomy),,,,,,,,,
no source found,,,,,,,,,,,21839NN,"21839NN File Bstd Mill 10""",,,Nicholson,,,,,21839NN,,,", Product, 21839NN",PRODUCT,21839NN Product,Product,Product,,,,,,,,,,,,,,,,,,,,,,,,,,,Product,,,,,,,,,,,,,,,,,,,,,,,,,,,,,,,,,,,,,,,,,,,,,,,,,,,,,,,,,,,,,,,,,,,,,,,,,,,,,,,,,,,,,,,,,,,,,,,,,,,,,,,,,,,,,,,,,,,,,,,,,,,,,,,,,,,,,,,,,,,,,,,,,,,,,,,,,,,,,,,,,,,,,,,,,,,,,,,,,,,,,,,,,,,,FLAG: NEEDS_MANUAL_REVIEW (Low Confidence / Unmapped Taxonomy),,,,,,,,,
no source found,,,,,,,Hardware & Tools,Power Tools,Measuring & Layout,,VN56920,"VN56920 10 1/2"" Saw Blade",,,,Marshalltown Trowel (5155),Marshalltown Company,Marshalltown,,VN56920,,Hardware & Tools>Power Tools & Measuring>Levels & Rotary Tools,"Marshalltown Company Marshalltown, Measuring Tool, VN56920",MEASURING,Marshalltown VN56920 Measuring Tool,Marshalltown Measuring Tool,Measuring Tool,,,,,,,,,,,,,,,,,,,,,,,,,,,Measuring Tool,,,,,,,,,,,,,,,,,,,,,,,,,,,,,,,,,,,,,,,,,,,,,,,,,,,,,,,,,,,,,,,,,,,,,,,,,,,,,,,,,,,,,,,,,,,,,,,,,,,,,,,,,,,,,,,,,,,,,,,,,,,,,,,,,,,,,,,,,,,,,,,,,,,,,,,,,,,,,,,,,,,,,,,,,,,,,,,,,,,,,,,,,,,,,,,,,,,,,
no source found,,,,,,,,,,,133164,133164 950/9 Hex Plus Spks - Multicolor,,,,Wera Tools NA Inc (WERTO),Wera Tools Inc.,Wera,,133164,,,"Wera Tools Inc. Wera, Product, 133164",PRODUCT,Wera 133164 Product,Wera Product,Product,,,,,,,,,,,,,,,,,,,,,,,,,,,Product,,,,,,,,,,,,,,,,,,,,,,,,,,,,,,,,,,,,,,,,,,,,,,,,,,,,,,,,,,,,,,,,,,,,,,,,,,,,,,,,,,,,,,,,,,,,,,,,,,,,,,,,,,,,,,,,,,,,,,,,,,,,,,,,,,,,,,,,,,,,,,,,,,,,,,,,,,,,,,,,,,,,,,,,,,,,,,,,,,,,,,,,,,,,FLAG: NEEDS_MANUAL_REVIEW (Low Confidence / Unmapped Taxonomy),,,,,,,,,
no source found,,,,,,,,,,,DWHT10993,DWHT10993 Folding Knife,,,DEWALT,Black & Decker/dewlt (2585),Stanley Black & Decker,DEWALT,,DWHT10993,,,"Stanley Black & Decker DEWALT, Product, DWHT10993",PRODUCT,DEWALT DWHT10993 Product,DEWALT Product,Product,,,,,,,,,,,,,,,,,,,,,,,,,,,Product,,,,,,,,,,,,,,,,,,,,,,,,,,,,,,,,,,,,,,,,,,,,,,,,,,,,,,,,,,,,,,,,,,,,,,,,,,,,,,,,,,,,,,,,,,,,,,,,,,,,,,,,,,,,,,,,,,,,,,,,,,,,,,,,,,,,,,,,,,,,,,,,,,,,,,,,,,,,,,,,,,,,,,,,,,,,,,,,,,,,,,,,,,,,FLAG: NEEDS_MANUAL_REVIEW (Low Confidence / Unmapped Taxonomy),,,,,,,,,
no source found,,,,,,,,,,,DWHT10994,DWHT10994 Folding Knife,,,DEWALT,Black & Decker/dewlt (2585),Stanley Black & Decker,DEWALT,,DWHT10994,,,"Stanley Black & Decker DEWALT, Product, DWHT10994",PRODUCT,DEWALT DWHT10994 Product,DEWALT Product,Product,,,,,,,,,,,,,,,,,,,,,,,,,,,Product,,,,,,,,,,,,,,,,,,,,,,,,,,,,,,,,,,,,,,,,,,,,,,,,,,,,,,,,,,,,,,,,,,,,,,,,,,,,,,,,,,,,,,,,,,,,,,,,,,,,,,,,,,,,,,,,,,,,,,,,,,,,,,,,,,,,,,,,,,,,,,,,,,,,,,,,,,,,,,,,,,,,,,,,,,,,,,,,,,,,,,,,,,,,FLAG: NEEDS_MANUAL_REVIEW (Low Confidence / Unmapped Taxonomy),,,,,,,,,
no source found,,,,,,,,,,,QB22RU,QB22RU Vessel Carrying Bit Holder (Red),,,,Vessel Tools USA Inc (VESTO),Vessel Tools USA Inc.,Vessel,,QB22RU,,,"Vessel Tools USA Inc. Vessel, Product, QB22RU",PRODUCT,Vessel QB22RU Product,Vessel Product,Product,,,,,,,,,,,,,,,,,,,,,,,,,,,Product,,,,,,,,,,,,,,,,,,,,,,,,,,,,,,,,,,,,,,,,,,,,,,,,,,,,,,,,,,,,,,,,,,,,,,,,,,,,,,,,,,,,,,,,,,,,,,,,,,,,,,,,,,,,,,,,,,,,,,,,,,,,,,,,,,,,,,,,,,,,,,,,,,,,,,,,,,,,,,,,,,,,,,,,,,,,,,,,,,,,,,,,,,,,FLAG: NEEDS_MANUAL_REVIEW (Low Confidence / Unmapped Taxonomy),,,,,,,,,
no source found,,,,,,,,,,,QB22KU,QB22KU Vessel Carrying Bit Holder (Black),,,,Vessel Tools USA Inc (VESTO),Vessel Tools USA Inc.,Vessel,,QB22KU,,,"Vessel Tools USA Inc. Vessel, Product, QB22KU",PRODUCT,Vessel QB22KU Product,Vessel Product,Product,,,,,,,,,,,,,,,,,,,,,,,,,,,Product,,,,,,,,,,,,,,,,,,,,,,,,,,,,,,,,,,,,,,,,,,,,,,,,,,,,,,,,,,,,,,,,,,,,,,,,,,,,,,,,,,,,,,,,,,,,,,,,,,,,,,,,,,,,,,,,,,,,,,,,,,,,,,,,,,,,,,,,,,,,,,,,,,,,,,,,,,,,,,,,,,,,,,,,,,,,,,,,,,,,,,,,,,,,FLAG: NEEDS_MANUAL_REVIEW (Low Confidence / Unmapped Taxonomy),,,,,,,,,
no source found,,,,,,,,,,,AVM6EV,AVM6 EV Mini Snip Red,,,,Malco Prod (2370),"Malco Products, SBC",Malco,,AVM6EV,,,"Malco Products, SBC Malco, Product, AVM6EV",PRODUCT,Malco AVM6EV Product,Malco Product,Product,,,,,,,,,,,,,,,,,,,,,,,,,,,Product,,,,,,,,,,,,,,,,,,,,,,,,,,,,,,,,,,,,,,,,,,,,,,,,,,,,,,,,,,,,,,,,,,,,,,,,,,,,,,,,,,,,,,,,,,,,,,,,,,,,,,,,,,,,,,,,,,,,,,,,,,,,,,,,,,,,,,,,,,,,,,,,,,,,,,,,,,,,,,,,,,,,,,,,,,,,,,,,,,,,,,,,,,,,FLAG: NEEDS_MANUAL_REVIEW (Low Confidence / Unmapped Taxonomy),,,,,,,,,
no source found,,,,,,,,,,,AVM6EV,AVM7 EV Mini Snip Green,,,,Malco Prod (2370),"Malco Products, SBC",Malco,,AVM6EV,,,"Malco Products, SBC Malco, Product, AVM6EV",PRODUCT,Malco AVM6EV Product,Malco Product,Product,,,,,,,,,,,,,,,,,,,,,,,,,,,Product,,,,,,,,,,,,,,,,,,,,,,,,,,,,,,,,,,,,,,,,,,,,,,,,,,,,,,,,,,,,,,,,,,,,,,,,,,,,,,,,,,,,,,,,,,,,,,,,,,,,,,,,,,,,,,,,,,,,,,,,,,,,,,,,,,,,,,,,,,,,,,,,,,,,,,,,,,,,,,,,,,,,,,,,,,,,,,,,,,,,,,,,,,,,FLAG: NEEDS_MANUAL_REVIEW (Low Confidence / Unmapped Taxonomy),,,,,,,,,
no source found,,,,,,,,,,,DSA0250B,"DSA0250B 1/4"" Square x1/4"" Hex - Socket Adapter",,,Diablo,Freud Inc (2435),"Freud America, Inc.",Diablo,,DSA0250B,,,"Freud America, Inc. Diablo, Product, DSA0250B",PRODUCT,Diablo DSA0250B Product,Diablo Product,Product,,,,,,,,,,,,,,,,,,,,,,,,,,,Product,,,,,,,,,,,,,,,,,,,,,,,,,,,,,,,,,,,,,,,,,,,,,,,,,,,,,,,,,,,,,,,,,,,,,,,,,,,,,,,,,,,,,,,,,,,,,,,,,,,,,,,,,,,,,,,,,,,,,,,,,,,,,,,,,,,,,,,,,,,,,,,,,,,,,,,,,,,,,,,,,,,,,,,,,,,,,,,,,,,,,,,,,,,,FLAG: NEEDS_MANUAL_REVIEW (Low Confidence / Unmapped Taxonomy),,,,,,,,,
no source found,,,,,,,,,,,DSA0375B,"DSA0375B 3/8"" Square x1/4"" Hex - Socket Adapter",,,Diablo,Freud Inc (2435),"Freud America, Inc.",Diablo,,DSA0375B,,,"Freud America, Inc. Diablo, Product, DSA0375B",PRODUCT,Diablo DSA0375B Product,Diablo Product,Product,,,,,,,,,,,,,,,,,,,,,,,,,,,Product,,,,,,,,,,,,,,,,,,,,,,,,,,,,,,,,,,,,,,,,,,,,,,,,,,,,,,,,,,,,,,,,,,,,,,,,,,,,,,,,,,,,,,,,,,,,,,,,,,,,,,,,,,,,,,,,,,,,,,,,,,,,,,,,,,,,,,,,,,,,,,,,,,,,,,,,,,,,,,,,,,,,,,,,,,,,,,,,,,,,,,,,,,,,FLAG: NEEDS_MANUAL_REVIEW (Low Confidence / Unmapped Taxonomy),,,,,,,,,
no source found,,,,,,,,,,,DSA0500B,"DSA0500B 1/2"" Square x1/4"" Hex - Socket Adapter",,,Diablo,Freud Inc (2435),"Freud America, Inc.",Diablo,,DSA0500B,,,"Freud America, Inc. Diablo, Product, DSA0500B",PRODUCT,Diablo DSA0500B Product,Diablo Product,Product,,,,,,,,,,,,,,,,,,,,,,,,,,,Product,,,,,,,,,,,,,,,,,,,,,,,,,,,,,,,,,,,,,,,,,,,,,,,,,,,,,,,,,,,,,,,,,,,,,,,,,,,,,,,,,,,,,,,,,,,,,,,,,,,,,,,,,,,,,,,,,,,,,,,,,,,,,,,,,,,,,,,,,,,,,,,,,,,,,,,,,,,,,,,,,,,,,,,,,,,,,,,,,,,,,,,,,,,,FLAG: NEEDS_MANUAL_REVIEW (Low Confidence / Unmapped Taxonomy),,,,,,,,,
no source found,,,,,,,,,,,42-04-9107,"42-04-9107 Milw 3/8"" Drive Universal Joint",,,,Milwaukee Accessory (4031),Milwaukee Electric Tool Corp.,Milwaukee,,42-04-9107,,,"Milwaukee Electric Tool Corp. Milwaukee, Product, 42-04-9107",PRODUCT,Milwaukee 42-04-9107 Product,Milwaukee Product,Product,,,,,,,,,,,,,,,,,,,,,,,,,,,Product,,,,,,,,,,,,,,,,,,,,,,,,,,,,,,,,,,,,,,,,,,,,,,,,,,,,,,,,,,,,,,,,,,,,,,,,,,,,,,,,,,,,,,,,,,,,,,,,,,,,,,,,,,,,,,,,,,,,,,,,,,,,,,,,,,,,,,,,,,,,,,,,,,,,,,,,,,,,,,,,,,,,,,,,,,,,,,,,,,,,,,,,,,,,FLAG: NEEDS_MANUAL_REVIEW (Low Confidence / Unmapped Taxonomy),,,,,,,,,
no source found,,,,,,,,,,,48-22-9491,48-22-9491 Milw 242pc Ratchet & Socket Set 4-Drawer Tool Box,,,,Milwaukee Accessory (4031),Milwaukee Electric Tool Corp.,Milwaukee,,48-22-9491,,,"Milwaukee Electric Tool Corp. Milwaukee, Product, 48-22-9491",PRODUCT,Milwaukee 48-22-9491 Product,Milwaukee Product,Product,,,,,,,,,,,,,,,,,,,,,,,,,,,Product,,,,,,,,,,,,,,,,,,,,,,,,,,,,,,,,,,,,,,,,,,,,,,,,,,,,,,,,,,,,,,,,,,,,,,,,,,,,,,,,,,,,,,,,,,,,,,,,,,,,,,,,,,,,,,,,,,,,,,,,,,,,,,,,,,,,,,,,,,,,,,,,,,,,,,,,,,,,,,,,,,,,,,,,,,,,,,,,,,,,,,,,,,,,FLAG: NEEDS_MANUAL_REVIEW (Low Confidence / Unmapped Taxonomy),,,,,,,,,
no source found,,,,,,,,,,,DWMT45422,"DWMT45422 Dewalt 1/4"" Drive - 50pc Mechanics Set",,,,Black & Decker/dewlt (2585),Stanley Black & Decker,DEWALT,,DWMT45422,,,"Stanley Black & Decker DEWALT, Product, DWMT45422",PRODUCT,DEWALT DWMT45422 Product,DEWALT Product,Product,,,,,,,,,,,,,,,,,,,,,,,,,,,Product,,,,,,,,,,,,,,,,,,,,,,,,,,,,,,,,,,,,,,,,,,,,,,,,,,,,,,,,,,,,,,,,,,,,,,,,,,,,,,,,,,,,,,,,,,,,,,,,,,,,,,,,,,,,,,,,,,,,,,,,,,,,,,,,,,,,,,,,,,,,,,,,,,,,,,,,,,,,,,,,,,,,,,,,,,,,,,,,,,,,,,,,,,,,FLAG: NEEDS_MANUAL_REVIEW (Low Confidence / Unmapped Taxonomy),,,,,,,,,
no source found,,,,,,,,,,,DWMT45424,"DWMT45424 Dewalt 3/8"" Drive - 84pc Mechanics Set",,,,Black & Decker/dewlt (2585),Stanley Black & Decker,DEWALT,,DWMT45424,,,"Stanley Black & Decker DEWALT, Product, DWMT45424",PRODUCT,DEWALT DWMT45424 Product,DEWALT Product,Product,,,,,,,,,,,,,,,,,,,,,,,,,,,Product,,,,,,,,,,,,,,,,,,,,,,,,,,,,,,,,,,,,,,,,,,,,,,,,,,,,,,,,,,,,,,,,,,,,,,,,,,,,,,,,,,,,,,,,,,,,,,,,,,,,,,,,,,,,,,,,,,,,,,,,,,,,,,,,,,,,,,,,,,,,,,,,,,,,,,,,,,,,,,,,,,,,,,,,,,,,,,,,,,,,,,,,,,,,FLAG: NEEDS_MANUAL_REVIEW (Low Confidence / Unmapped Taxonomy),,,,,,,,,
no source found,,,,,,,,,,,48-22-9483,48-22-9483 Milw Packout 15pc - Metric Wrench Set,,,,Milwaukee Accessory (4031),Milwaukee Electric Tool Corp.,Milwaukee,,48-22-9483,,,"Milwaukee Electric Tool Corp. Milwaukee, Product, 48-22-9483",PRODUCT,Milwaukee 48-22-9483 Product,Milwaukee Product,Product,,,,,,,,,,,,,,,,,,,,,,,,,,,Product,,,,,,,,,,,,,,,,,,,,,,,,,,,,,,,,,,,,,,,,,,,,,,,,,,,,,,,,,,,,,,,,,,,,,,,,,,,,,,,,,,,,,,,,,,,,,,,,,,,,,,,,,,,,,,,,,,,,,,,,,,,,,,,,,,,,,,,,,,,,,,,,,,,,,,,,,,,,,,,,,,,,,,,,,,,,,,,,,,,,,,,,,,,,FLAG: NEEDS_MANUAL_REVIEW (Low Confidence / Unmapped Taxonomy),,,,,,,,,
no source found,,,,,,,,,,,48-22-9484,48-22-9484 Milw Packout 15pc - SAE Wrench Set,,,,Milwaukee Accessory (4031),Milwaukee Electric Tool Corp.,Milwaukee,,48-22-9484,,,"Milwaukee Electric Tool Corp. Milwaukee, Product, 48-22-9484",PRODUCT,Milwaukee 48-22-9484 Product,Milwaukee Product,Product,,,,,,,,,,,,,,,,,,,,,,,,,,,Product,,,,,,,,,,,,,,,,,,,,,,,,,,,,,,,,,,,,,,,,,,,,,,,,,,,,,,,,,,,,,,,,,,,,,,,,,,,,,,,,,,,,,,,,,,,,,,,,,,,,,,,,,,,,,,,,,,,,,,,,,,,,,,,,,,,,,,,,,,,,,,,,,,,,,,,,,,,,,,,,,,,,,,,,,,,,,,,,,,,,,,,,,,,,FLAG: NEEDS_MANUAL_REVIEW (Low Confidence / Unmapped Taxonomy),,,,,,,,,
no source found,,,,,,,,,,,48-22-9485,48-22-9485 Milw Packout 30pc - Metric & SAE Wrench Set,,,,Milwaukee Accessory (4031),Milwaukee Electric Tool Corp.,Milwaukee,,48-22-9485,,,"Milwaukee Electric Tool Corp. Milwaukee, Product, 48-22-9485",PRODUCT,Milwaukee 48-22-9485 Product,Milwaukee Product,Product,,,,,,,,,,,,,,,,,,,,,,,,,,,Product,,,,,,,,,,,,,,,,,,,,,,,,,,,,,,,,,,,,,,,,,,,,,,,,,,,,,,,,,,,,,,,,,,,,,,,,,,,,,,,,,,,,,,,,,,,,,,,,,,,,,,,,,,,,,,,,,,,,,,,,,,,,,,,,,,,,,,,,,,,,,,,,,,,,,,,,,,,,,,,,,,,,,,,,,,,,,,,,,,,,,,,,,,,,FLAG: NEEDS_MANUAL_REVIEW (Low Confidence / Unmapped Taxonomy),,,,,,,,,
no source found,,,,,,,,,,,48-44-2770,48-44-2770 Milw Pole Pruning - Shears Replacement Blade,,,,Milwaukee Accessory (4031),Milwaukee Electric Tool Corp.,Milwaukee,,48-44-2770,,,"Milwaukee Electric Tool Corp. Milwaukee, Product, 48-44-2770",PRODUCT,Milwaukee 48-44-2770 Product,Milwaukee Product,Product,,,,,,,,,,,,,,,,,,,,,,,,,,,Product,,,,,,,,,,,,,,,,,,,,,,,,,,,,,,,,,,,,,,,,,,,,,,,,,,,,,,,,,,,,,,,,,,,,,,,,,,,,,,,,,,,,,,,,,,,,,,,,,,,,,,,,,,,,,,,,,,,,,,,,,,,,,,,,,,,,,,,,,,,,,,,,,,,,,,,,,,,,,,,,,,,,,,,,,,,,,,,,,,,,,,,,,,,,FLAG: NEEDS_MANUAL_REVIEW (Low Confidence / Unmapped Taxonomy),,,,,,,,,
no source found,,,,,,,,,,,IWHT48441RC,IWHT48441RC Irwin 100ft - Red Chalk & Reel Set,,,Irwin,Irwin Industrial Tools (5863),Stanley Black & Decker (IRWIN),IRWIN,,IWHT48441RC,,,"Stanley Black & Decker (IRWIN) IRWIN, Product, IWHT48441RC",PRODUCT,IRWIN IWHT48441RC Product,IRWIN Product,Product,,,,,,,,,,,,,,,,,,,,,,,,,,,Product,,,,,,,,,,,,,,,,,,,,,,,,,,,,,,,,,,,,,,,,,,,,,,,,,,,,,,,,,,,,,,,,,,,,,,,,,,,,,,,,,,,,,,,,,,,,,,,,,,,,,,,,,,,,,,,,,,,,,,,,,,,,,,,,,,,,,,,,,,,,,,,,,,,,,,,,,,,,,,,,,,,,,,,,,,,,,,,,,,,,,,,,,,,,FLAG: NEEDS_MANUAL_REVIEW (Low Confidence / Unmapped Taxonomy),,,,,,,,,
no source found,,,,,,,,,,,XRU23SM1,"XRU23SM1 Makita 18V 13"" - String Trimmer Kit",,,,Makita Usa Inc (5142),"Makita U.S.A., Inc.",Makita,,XRU23SM1,,,"Makita U.S.A., Inc. Makita, Product, XRU23SM1",PRODUCT,Makita XRU23SM1 Product,Makita Product,Product,,,,,,,,,,,,,,,,,,,,,,,,,,,Product,,,,,,,,,,,,,,,,,,,,,,,,,,,,,,,,,,,,,,,,,,,,,,,,,,,,,,,,,,,,,,,,,,,,,,,,,,,,,,,,,,,,,,,,,,,,,,,,,,,,,,,,,,,,,,,,,,,,,,,,,,,,,,,,,,,,,,,,,,,,,,,,,,,,,,,,,,,,,,,,,,,,,,,,,,,,,,,,,,,,,,,,,,,,FLAG: NEEDS_MANUAL_REVIEW (Low Confidence / Unmapped Taxonomy),,,,,,,,,
no source found,,,,,,,,,,,XRU15PT1,XRU15PT1 Makita String Trimmer,,,,Makita Usa Inc (5142),"Makita U.S.A., Inc.",Makita,,XRU15PT1,,,"Makita U.S.A., Inc. Makita, Product, XRU15PT1",PRODUCT,Makita XRU15PT1 Product,Makita Product,Product,,,,,,,,,,,,,,,,,,,,,,,,,,,Product,,,,,,,,,,,,,,,,,,,,,,,,,,,,,,,,,,,,,,,,,,,,,,,,,,,,,,,,,,,,,,,,,,,,,,,,,,,,,,,,,,,,,,,,,,,,,,,,,,,,,,,,,,,,,,,,,,,,,,,,,,,,,,,,,,,,,,,,,,,,,,,,,,,,,,,,,,,,,,,,,,,,,,,,,,,,,,,,,,,,,,,,,,,,FLAG: NEEDS_MANUAL_REVIEW (Low Confidence / Unmapped Taxonomy),,,,,,,,,
no source found,,,,,,,,,,,XRU23Z,XRU23Z Makita 18V Trimmer Tool - Only,,,,Makita Usa Inc (5142),"Makita U.S.A., Inc.",Makita,,XRU23Z,,,"Makita U.S.A., Inc. Makita, Product, XRU23Z",PRODUCT,Makita XRU23Z Product,Makita Product,Product,,,,,,,,,,,,,,,,,,,,,,,,,,,Product,,,,,,,,,,,,,,,,,,,,,,,,,,,,,,,,,,,,,,,,,,,,,,,,,,,,,,,,,,,,,,,,,,,,,,,,,,,,,,,,,,,,,,,,,,,,,,,,,,,,,,,,,,,,,,,,,,,,,,,,,,,,,,,,,,,,,,,,,,,,,,,,,,,,,,,,,,,,,,,,,,,,,,,,,,,,,,,,,,,,,,,,,,,,FLAG: NEEDS_MANUAL_REVIEW (Low Confidence / Unmapped Taxonomy),,,,,,,,,
no source found,,,,,,,,,,,0887-20,0887-20 Milw M18 Brushless Precision Blower,,,,Milwaukee Accessory (4031),Milwaukee Electric Tool Corp.,Milwaukee,,0887-20,,,"Milwaukee Electric Tool Corp. Milwaukee, Product, 0887-20",PRODUCT,Milwaukee 0887-20 Product,Milwaukee Product,Product,,,,,,,,,,,,,,,,,,,,,,,,,,,Product,,,,,,,,,,,,,,,,,,,,,,,,,,,,,,,,,,,,,,,,,,,,,,,,,,,,,,,,,,,,,,,,,,,,,,,,,,,,,,,,,,,,,,,,,,,,,,,,,,,,,,,,,,,,,,,,,,,,,,,,,,,,,,,,,,,,,,,,,,,,,,,,,,,,,,,,,,,,,,,,,,,,,,,,,,,,,,,,,,,,,,,,,,,,FLAG: NEEDS_MANUAL_REVIEW (Low Confidence / Unmapped Taxonomy),,,,,,,,,
no source found,,,,,,,,,,,DCBL724B,DCBL724B Dewalt 20V Max XR Blower (Bare),,,,Black & Decker/dewlt (2585),Stanley Black & Decker,DEWALT,,DCBL724B,,,"Stanley Black & Decker DEWALT, Product, DCBL724B",PRODUCT,DEWALT DCBL724B Product,DEWALT Product,Product,,,,,,,,,,,,,,,,,,,,,,,,,,,Product,,,,,,,,,,,,,,,,,,,,,,,,,,,,,,,,,,,,,,,,,,,,,,,,,,,,,,,,,,,,,,,,,,,,,,,,,,,,,,,,,,,,,,,,,,,,,,,,,,,,,,,,,,,,,,,,,,,,,,,,,,,,,,,,,,,,,,,,,,,,,,,,,,,,,,,,,,,,,,,,,,,,,,,,,,,,,,,,,,,,,,,,,,,,FLAG: NEEDS_MANUAL_REVIEW (Low Confidence / Unmapped Taxonomy),,,,,,,,,
no source found,,,,,,,,,,,2954-20,2954-20 Milw M18 Bluetooth Jobsite Speaker,,,,Milwaukee Accessory (4031),Milwaukee Electric Tool Corp.,Milwaukee,,2954-20,,,"Milwaukee Electric Tool Corp. Milwaukee, Product, 2954-20",PRODUCT,Milwaukee 2954-20 Product,Milwaukee Product,Product,,,,,,,,,,,,,,,,,,,,,,,,,,,Product,,,,,,,,,,,,,,,,,,,,,,,,,,,,,,,,,,,,,,,,,,,,,,,,,,,,,,,,,,,,,,,,,,,,,,,,,,,,,,,,,,,,,,,,,,,,,,,,,,,,,,,,,,,,,,,,,,,,,,,,,,,,,,,,,,,,,,,,,,,,,,,,,,,,,,,,,,,,,,,,,,,,,,,,,,,,,,,,,,,,,,,,,,,,FLAG: NEEDS_MANUAL_REVIEW (Low Confidence / Unmapped Taxonomy),,,,,,,,,
no source found,,,,,,,,,,,2955-20,2955-20 Milw M12 Bluetooth - Jobsite Speaker w/Packout,,,,Milwaukee Accessory (4031),Milwaukee Electric Tool Corp.,Milwaukee,,2955-20,,,"Milwaukee Electric Tool Corp. Milwaukee, Product, 2955-20",PRODUCT,Milwaukee 2955-20 Product,Milwaukee Product,Product,,,,,,,,,,,,,,,,,,,,,,,,,,,Product,,,,,,,,,,,,,,,,,,,,,,,,,,,,,,,,,,,,,,,,,,,,,,,,,,,,,,,,,,,,,,,,,,,,,,,,,,,,,,,,,,,,,,,,,,,,,,,,,,,,,,,,,,,,,,,,,,,,,,,,,,,,,,,,,,,,,,,,,,,,,,,,,,,,,,,,,,,,,,,,,,,,,,,,,,,,,,,,,,,,,,,,,,,,FLAG: NEEDS_MANUAL_REVIEW (Low Confidence / Unmapped Taxonomy),,,,,,,,,
no source found,,,,,,,Hardware & Tools,Abrasives,Discs & Belts,,9A-219-180,9A-219-180 Abranet 4x6x6,,,,Mirka Abrasives Inc (MIRUS),Mirka USA Inc.,Mirka,,9A-219-180,,Hardware & Tools>Abrasives & Cutting Wheels>Sanding Discs & Belts,"Mirka USA Inc. Mirka, Abrasive Product, 9 A-219-180",SNDG BELT,Mirka 9 A-219-180 Abrasive Product,Mirka Abrasive Product,Abrasive Product,,,,,,,,,,,,,,,,,,,,,,,,,,,Abrasive Product,,,,,,,,,,,,,,,,,,,,,,,,,,,,,,,,,,,,,,,,,,,,,,,,,,,,,,,,,,,,,,,,,,,,,,,,,,,,,,,,,,,,,,,,,,,,,,,,,,,,,,,,,,,,,,,,,,,,,,,,,,,,,,,,,,,,,,,,,,,,,,,,,,,,,,,,,,,,,,,,,,,,,,,,,,,,,,,,,,,,,,,,,,,,,,,,,,,,,
no source found,,,,,,,Hardware & Tools,Abrasives,Discs & Belts,,9A-219-120RP,9A-219-120RP Abranet 4x6x6,,,,Mirka Abrasives Inc (MIRUS),Mirka USA Inc.,Mirka,,9A-219-120RP,,Hardware & Tools>Abrasives & Cutting Wheels>Sanding Discs & Belts,"Mirka USA Inc. Mirka, Abrasive Product, 9 A-219-120RP",SNDG BELT,Mirka 9 A-219-120RP Abrasive Product,Mirka Abrasive Product,Abrasive Product,,,,,,,,,,,,,,,,,,,,,,,,,,,Abrasive Product,,,,,,,,,,,,,,,,,,,,,,,,,,,,,,,,,,,,,,,,,,,,,,,,,,,,,,,,,,,,,,,,,,,,,,,,,,,,,,,,,,,,,,,,,,,,,,,,,,,,,,,,,,,,,,,,,,,,,,,,,,,,,,,,,,,,,,,,,,,,,,,,,,,,,,,,,,,,,,,,,,,,,,,,,,,,,,,,,,,,,,,,,,,,,,,,,,,,,
no source found,,,,,,,,,,,3033-20,"3033-20 Milw M18 24"" - Hedge Trimmer",,,Milwaukee,Milwaukee Accessory (4031),Milwaukee Electric Tool Corp.,Milwaukee,,3033-20,,,"Milwaukee Electric Tool Corp. Milwaukee, Product, 3033-20",PRODUCT,Milwaukee 3033-20 Product,Milwaukee Product,Product,,,,,,,,,,,,,,,,,,,,,,,,,,,Product,,,,,,,,,,,,,,,,,,,,,,,,,,,,,,,,,,,,,,,,,,,,,,,,,,,,,,,,,,,,,,,,,,,,,,,,,,,,,,,,,,,,,,,,,,,,,,,,,,,,,,,,,,,,,,,,,,,,,,,,,,,,,,,,,,,,,,,,,,,,,,,,,,,,,,,,,,,,,,,,,,,,,,,,,,,,,,,,,,,,,,,,,,,,FLAG: NEEDS_MANUAL_REVIEW (Low Confidence / Unmapped Taxonomy),,,,,,,,,
no source found,,,,,,,,,,,3033-21,"3033-21 Milw M18 24"" - Hedge Trimmer Kit",,,,Milwaukee Accessory (4031),Milwaukee Electric Tool Corp.,Milwaukee,,3033-21,,,"Milwaukee Electric Tool Corp. Milwaukee, Product, 3033-21",PRODUCT,Milwaukee 3033-21 Product,Milwaukee Product,Product,,,,,,,,,,,,,,,,,,,,,,,,,,,Product,,,,,,,,,,,,,,,,,,,,,,,,,,,,,,,,,,,,,,,,,,,,,,,,,,,,,,,,,,,,,,,,,,,,,,,,,,,,,,,,,,,,,,,,,,,,,,,,,,,,,,,,,,,,,,,,,,,,,,,,,,,,,,,,,,,,,,,,,,,,,,,,,,,,,,,,,,,,,,,,,,,,,,,,,,,,,,,,,,,,,,,,,,,,FLAG: NEEDS_MANUAL_REVIEW (Low Confidence / Unmapped Taxonomy),,,,,,,,,
no source found,,,,,,,,,,,3034-20,"3034-20 Milw M18 30"" - Hedge Trimmer",,,Milwaukee,Milwaukee Accessory (4031),Milwaukee Electric Tool Corp.,Milwaukee,,3034-20,,,"Milwaukee Electric Tool Corp. Milwaukee, Product, 3034-20",PRODUCT,Milwaukee 3034-20 Product,Milwaukee Product,Product,,,,,,,,,,,,,,,,,,,,,,,,,,,Product,,,,,,,,,,,,,,,,,,,,,,,,,,,,,,,,,,,,,,,,,,,,,,,,,,,,,,,,,,,,,,,,,,,,,,,,,,,,,,,,,,,,,,,,,,,,,,,,,,,,,,,,,,,,,,,,,,,,,,,,,,,,,,,,,,,,,,,,,,,,,,,,,,,,,,,,,,,,,,,,,,,,,,,,,,,,,,,,,,,,,,,,,,,,FLAG: NEEDS_MANUAL_REVIEW (Low Confidence / Unmapped Taxonomy),,,,,,,,,
no source found,,,,,,,Hardware & Tools,Power Tools,Measuring & Layout,,D25333K,D25333K Dewalt Hammer Drill,,,,Black & Decker/dewlt (2585),Stanley Black & Decker,DEWALT,,D25333K,,Hardware & Tools>Power Tools & Measuring>Levels & Rotary Tools,"Stanley Black & Decker DEWALT, Measuring Tool, D25333K",MEASURING,DEWALT D25333K Measuring Tool,DEWALT Measuring Tool,Measuring Tool,,,,,,,,,,,,,,,,,,,,,,,,,,,Measuring Tool,,,,,,,,,,,,,,,,,,,,,,,,,,,,,,,,,,,,,,,,,,,,,,,,,,,,,,,,,,,,,,,,,,,,,,,,,,,,,,,,,,,,,,,,,,,,,,,,,,,,,,,,,,,,,,,,,,,,,,,,,,,,,,,,,,,,,,,,,,,,,,,,,,,,,,,,,,,,,,,,,,,,,,,,,,,,,,,,,,,,,,,,,,,,,,,,,,,,,
no source found,,,,,,,Hardware & Tools,Power Tools,Measuring & Layout,,DCD803B,DCD803B Dewalt Multi-Head Drill Driver,,,,Black & Decker/dewlt (2585),Stanley Black & Decker,DEWALT,,DCD803B,,Hardware & Tools>Power Tools & Measuring>Levels & Rotary Tools,"Stanley Black & Decker DEWALT, Measuring Tool, DCD803B",MEASURING,DEWALT DCD803B Measuring Tool,DEWALT Measuring Tool,Measuring Tool,,,,,,,,,,,,,,,,,,,,,,,,,,,Measuring Tool,,,,,,,,,,,,,,,,,,,,,,,,,,,,,,,,,,,,,,,,,,,,,,,,,,,,,,,,,,,,,,,,,,,,,,,,,,,,,,,,,,,,,,,,,,,,,,,,,,,,,,,,,,,,,,,,,,,,,,,,,,,,,,,,,,,,,,,,,,,,,,,,,,,,,,,,,,,,,,,,,,,,,,,,,,,,,,,,,,,,,,,,,,,,,,,,,,,,,
no source found,,,,,,,Hardware & Tools,Power Tools,Measuring & Layout,,DCF860B,DCF860B Dewalt 20V Impact - Driver Drill,,,,Black & Decker/dewlt (2585),Stanley Black & Decker,DEWALT,,DCF860B,,Hardware & Tools>Power Tools & Measuring>Levels & Rotary Tools,"Stanley Black & Decker DEWALT, Measuring Tool, DCF860B",MEASURING,DEWALT DCF860B Measuring Tool,DEWALT Measuring Tool,Measuring Tool,,,,,,,,,,,,,,,,,,,,,,,,,,,Measuring Tool,,,,,,,,,,,,,,,,,,,,,,,,,,,,,,,,,,,,,,,,,,,,,,,,,,,,,,,,,,,,,,,,,,,,,,,,,,,,,,,,,,,,,,,,,,,,,,,,,,,,,,,,,,,,,,,,,,,,,,,,,,,,,,,,,,,,,,,,,,,,,,,,,,,,,,,,,,,,,,,,,,,,,,,,,,,,,,,,,,,,,,,,,,,,,,,,,,,,,
no source found,,,,,,,Hardware & Tools,Power Tools,Measuring & Layout,,3401-20,3401-20 Milw M12 Drill Driver - Brushless Compact (Bare),,,,Milwaukee Accessory (4031),Milwaukee Electric Tool Corp.,Milwaukee,,3401-20,,Hardware & Tools>Power Tools & Measuring>Levels & Rotary Tools,"Milwaukee Electric Tool Corp. Milwaukee, Measuring Tool, 3401-20",MEASURING,Milwaukee 3401-20 Measuring Tool,Milwaukee Measuring Tool,Measuring Tool,,,,,,,,,,,,,,,,,,,,,,,,,,,Measuring Tool,,,,,,,,,,,,,,,,,,,,,,,,,,,,,,,,,,,,,,,,,,,,,,,,,,,,,,,,,,,,,,,,,,,,,,,,,,,,,,,,,,,,,,,,,,,,,,,,,,,,,,,,,,,,,,,,,,,,,,,,,,,,,,,,,,,,,,,,,,,,,,,,,,,,,,,,,,,,,,,,,,,,,,,,,,,,,,,,,,,,,,,,,,,,,,,,,,,,,
no source found,,,,,,,Hardware & Tools,Power Tools,Measuring & Layout,,KPTDR050A,KPTDR050A Kreg 20V Ionic Compact Drill,,,,Kreg Tool Company (KRETO),Kreg Tool Company,Kreg,,KPTDR050A,,Hardware & Tools>Power Tools & Measuring>Levels & Rotary Tools,"Kreg Tool Company Kreg, Measuring Tool, KPTDR050A",MEASURING,Kreg KPTDR050A Measuring Tool,Kreg Measuring Tool,Measuring Tool,,,,,,,,,,,,,,,,,,,,,,,,,,,Measuring Tool,,,,,,,,,,,,,,,,,,,,,,,,,,,,,,,,,,,,,,,,,,,,,,,,,,,,,,,,,,,,,,,,,,,,,,,,,,,,,,,,,,,,,,,,,,,,,,,,,,,,,,,,,,,,,,,,,,,,,,,,,,,,,,,,,,,,,,,,,,,,,,,,,,,,,,,,,,,,,,,,,,,,,,,,,,,,,,,,,,,,,,,,,,,,,,,,,,,,,
no source found,,,,,,,Hardware & Tools,Power Tools,Measuring & Layout,,DCD1007B,"DCD1007B Dewalt 20V Cordless - 1/2"" Hammer Drill (Bare)",,,DEWALT,Black & Decker/dewlt (2585),Stanley Black & Decker,DEWALT,,DCD1007B,,Hardware & Tools>Power Tools & Measuring>Levels & Rotary Tools,"Stanley Black & Decker DEWALT, Measuring Tool, DCD1007B",MEASURING,DEWALT DCD1007B Measuring Tool,DEWALT Measuring Tool,Measuring Tool,,,,,,,,,,,,,,,,,,,,,,,,,,,Measuring Tool,,,,,,,,,,,,,,,,,,,,,,,,,,,,,,,,,,,,,,,,,,,,,,,,,,,,,,,,,,,,,,,,,,,,,,,,,,,,,,,,,,,,,,,,,,,,,,,,,,,,,,,,,,,,,,,,,,,,,,,,,,,,,,,,,,,,,,,,,,,,,,,,,,,,,,,,,,,,,,,,,,,,,,,,,,,,,,,,,,,,,,,,,,,,,,,,,,,,,
no source found,,,,,,,Hardware & Tools,Power Tools,Measuring & Layout,,DCD799B,DCD799B Dewalt Drill,,,,Black & Decker/dewlt (2585),Stanley Black & Decker,DEWALT,,DCD799B,,Hardware & Tools>Power Tools & Measuring>Levels & Rotary Tools,"Stanley Black & Decker DEWALT, Measuring Tool, DCD799B",MEASURING,DEWALT DCD799B Measuring Tool,DEWALT Measuring Tool,Measuring Tool,,,,,,,,,,,,,,,,,,,,,,,,,,,Measuring Tool,,,,,,,,,,,,,,,,,,,,,,,,,,,,,,,,,,,,,,,,,,,,,,,,,,,,,,,,,,,,,,,,,,,,,,,,,,,,,,,,,,,,,,,,,,,,,,,,,,,,,,,,,,,,,,,,,,,,,,,,,,,,,,,,,,,,,,,,,,,,,,,,,,,,,,,,,,,,,,,,,,,,,,,,,,,,,,,,,,,,,,,,,,,,,,,,,,,,,
no source found,,,,,,,Hardware & Tools,Power Tools,Measuring & Layout,,58006,58006 Voyager Drill Press,,,,King Canada Inc (KINCA),King Canada Inc.,King Canada,,58006,,Hardware & Tools>Power Tools & Measuring>Levels & Rotary Tools,"King Canada Inc. King Canada, Measuring Tool, 58006",MEASURING,King Canada 58006 Measuring Tool,King Canada Measuring Tool,Measuring Tool,,,,,,,,,,,,,,,,,,,,,,,,,,,Measuring Tool,,,,,,,,,,,,,,,,,,,,,,,,,,,,,,,,,,,,,,,,,,,,,,,,,,,,,,,,,,,,,,,,,,,,,,,,,,,,,,,,,,,,,,,,,,,,,,,,,,,,,,,,,,,,,,,,,,,,,,,,,,,,,,,,,,,,,,,,,,,,,,,,,,,,,,,,,,,,,,,,,,,,,,,,,,,,,,,,,,,,,,,,,,,,,,,,,,,,,
no source found,,,,,,,Building Materials,Fasteners,Collated Fasteners,,2909-20,2909-20 Milw Roofing Nailer - M18,,,Milwaukee,Milwaukee Accessory (4031),Milwaukee Electric Tool Corp.,Milwaukee,,2909-20,,Building Materials>Fasteners & Hardware>Nails & Staples,"Milwaukee Electric Tool Corp. Milwaukee, Collated Nails, 2909-20",NAIL,Milwaukee 2909-20 Collated Nails,Milwaukee Collated Nails,Collated Nails,,,,,,,,,,,,,,,,,,,,,,,,,,,Collated Nails,,,,,,,,,,,,,,,,,,,,,,,,,,,,,,,,,,,,,,,,,,,,,,,,,,,,,,,,,,,,,,,,,,,,,,,,,,,,,,,,,,,,,,,,,,,,,,,,,,,,,,,,,,,,,,,,,,,,,,,,,,,,,,,,,,,,,,,,,,,,,,,,,,,,,,,,,,,,,,,,,,,,,,,,,,,,,,,,,,,,,,,,,,,,,,,,,,,,,
no source found,,,,,,,,,,,2909-21,2909-21 Milw M18 Coil Roofing - Nailer Kit,,,Milwaukee,Milwaukee Accessory (4031),Milwaukee Electric Tool Corp.,Milwaukee,,2909-21,,,"Milwaukee Electric Tool Corp. Milwaukee, Collated Nails, 2909-21",NAIL,Milwaukee 2909-21 Collated Nails,Milwaukee Collated Nails,Collated Nails,,,,,,,,,,,,,,,,,,,,,,,,,,,Collated Nails,,,,,,,,,,,,,,,,,,,,,,,,,,,,,,,,,,,,,,,,,,,,,,,,,,,,,,,,,,,,,,,,,,,,,,,,,,,,,,,,,,,,,,,,,,,,,,,,,,,,,,,,,,,,,,,,,,,,,,,,,,,,,,,,,,,,,,,,,,,,,,,,,,,,,,,,,,,,,,,,,,,,,,,,,,,,,,,,,,,,,,,,,,,,FLAG: NEEDS_MANUAL_REVIEW (Low Confidence / Unmapped Taxonomy),,,,,,,,,
no source found,,,,,,,Building Materials,Fasteners,Collated Fasteners,,918200,918200 Paslode CT200S24 18Ga ST Brad Nailer,,,,National Nail Corp (7439),Illinois Tool Works Inc. (Paslode),Paslode,,918200,,Building Materials>Fasteners & Hardware>Nails & Staples,"Illinois Tool Works Inc. (Paslode) Paslode, Collated Nails, 918200",NAIL,Paslode 918200 Collated Nails,Paslode Collated Nails,Collated Nails,,,,,,,,,,,,,,,,,,,,,,,,,,,Collated Nails,,,,,,,,,,,,,,,,,,,,,,,,,,,,,,,,,,,,,,,,,,,,,,,,,,,,,,,,,,,,,,,,,,,,,,,,,,,,,,,,,,,,,,,,,,,,,,,,,,,,,,,,,,,,,,,,,,,,,,,,,,,,,,,,,,,,,,,,,,,,,,,,,,,,,,,,,,,,,,,,,,,,,,,,,,,,,,,,,,,,,,,,,,,,,,,,,,,,,
no source found,,,,,,,Building Materials,Fasteners,Collated Fasteners,,2541-20,2541-20 Milw M12 - Compact Brad Nailer (Bare),,,,Milwaukee Accessory (4031),Milwaukee Electric Tool Corp.,Milwaukee,,2541-20,,Building Materials>Fasteners & Hardware>Nails & Staples,"Milwaukee Electric Tool Corp. Milwaukee, Collated Nails, 2541-20",NAIL,Milwaukee 2541-20 Collated Nails,Milwaukee Collated Nails,Collated Nails,,,,,,,,,,,,,,,,,,,,,,,,,,,Collated Nails,,,,,,,,,,,,,,,,,,,,,,,,,,,,,,,,,,,,,,,,,,,,,,,,,,,,,,,,,,,,,,,,,,,,,,,,,,,,,,,,,,,,,,,,,,,,,,,,,,,,,,,,,,,,,,,,,,,,,,,,,,,,,,,,,,,,,,,,,,,,,,,,,,,,,,,,,,,,,,,,,,,,,,,,,,,,,,,,,,,,,,,,,,,,,,,,,,,,,
no source found,,,,,,,Building Materials,Fasteners,Collated Fasteners,,DCN930B,DCN930B Dewalt 20V 30 Degree - Framing Nailer,,,DEWALT,Black & Decker/dewlt (2585),Stanley Black & Decker,DEWALT,,DCN930B,,Building Materials>Fasteners & Hardware>Nails & Staples,"Stanley Black & Decker DEWALT, Collated Nails, DCN930B",NAIL,DEWALT DCN930B Collated Nails,DEWALT Collated Nails,Collated Nails,,,,,,,,,,,,,,,,,,,,,,,,,,,Collated Nails,,,,,,,,,,,,,,,,,,,,,,,,,,,,,,,,,,,,,,,,,,,,,,,,,,,,,,,,,,,,,,,,,,,,,,,,,,,,,,,,,,,,,,,,,,,,,,,,,,,,,,,,,,,,,,,,,,,,,,,,,,,,,,,,,,,,,,,,,,,,,,,,,,,,,,,,,,,,,,,,,,,,,,,,,,,,,,,,,,,,,,,,,,,,,,,,,,,,,
no source found,,,,,,,Building Materials,Fasteners,Collated Fasteners,,DCN930P1,DCN930P1 Dewalt 20V 30 Degree - Framing Nailer Kit,,,DEWALT,Black & Decker/dewlt (2585),Stanley Black & Decker,DEWALT,,DCN930P1,,Building Materials>Fasteners & Hardware>Nails & Staples,"Stanley Black & Decker DEWALT, Collated Nails, DCN930P1",NAIL,DEWALT DCN930P1 Collated Nails,DEWALT Collated Nails,Collated Nails,,,,,,,,,,,,,,,,,,,,,,,,,,,Collated Nails,,,,,,,,,,,,,,,,,,,,,,,,,,,,,,,,,,,,,,,,,,,,,,,,,,,,,,,,,,,,,,,,,,,,,,,,,,,,,,,,,,,,,,,,,,,,,,,,,,,,,,,,,,,,,,,,,,,,,,,,,,,,,,,,,,,,,,,,,,,,,,,,,,,,,,,,,,,,,,,,,,,,,,,,,,,,,,,,,,,,,,,,,,,,,,,,,,,,,
no source found,,,,,,,Building Materials,Fasteners,Collated Fasteners,,XNB04Z,"XNB04Z Makita 18V 2"" Brad Nailer 18GA (Bare)",,,,Makita Usa Inc (5142),"Makita U.S.A., Inc.",Makita,,XNB04Z,,Building Materials>Fasteners & Hardware>Nails & Staples,"Makita U.S.A., Inc. Makita, Collated Nails, XNB04Z",NAIL,Makita XNB04Z Collated Nails,Makita Collated Nails,Collated Nails,,,,,,,,,,,,,,,,,,,,,,,,,,,Collated Nails,,,,,,,,,,,,,,,,,,,,,,,,,,,,,,,,,,,,,,,,,,,,,,,,,,,,,,,,,,,,,,,,,,,,,,,,,,,,,,,,,,,,,,,,,,,,,,,,,,,,,,,,,,,,,,,,,,,,,,,,,,,,,,,,,,,,,,,,,,,,,,,,,,,,,,,,,,,,,,,,,,,,,,,,,,,,,,,,,,,,,,,,,,,,,,,,,,,,,
no source found,,,,,,,Building Materials,Fasteners,Collated Fasteners,,XNB05Z,"XNB05Z Makita 18V 2-1/2"" Straight Finish Nailer 16GA",,,,Makita Usa Inc (5142),"Makita U.S.A., Inc.",Makita,,XNB05Z,,Building Materials>Fasteners & Hardware>Nails & Staples,"Makita U.S.A., Inc. Makita, Collated Nails, XNB05Z",NAIL,Makita XNB05Z Collated Nails,Makita Collated Nails,Collated Nails,,,,,,,,,,,,,,,,,,,,,,,,,,,Collated Nails,,,,,,,,,,,,,,,,,,,,,,,,,,,,,,,,,,,,,,,,,,,,,,,,,,,,,,,,,,,,,,,,,,,,,,,,,,,,,,,,,,,,,,,,,,,,,,,,,,,,,,,,,,,,,,,,,,,,,,,,,,,,,,,,,,,,,,,,,,,,,,,,,,,,,,,,,,,,,,,,,,,,,,,,,,,,,,,,,,,,,,,,,,,,,,,,,,,,,
no source found,,,,,,,Building Materials,Fasteners,Collated Fasteners,,XNB06Z,"XNB06Z Makita 18V 2-1/2"" Angled Finish Nailer 16GA",,,,Makita Usa Inc (5142),"Makita U.S.A., Inc.",Makita,,XNB06Z,,Building Materials>Fasteners & Hardware>Nails & Staples,"Makita U.S.A., Inc. Makita, LED Lamp, XNB06Z",LED LAMP,Makita XNB06Z LED Lamp,Makita LED Lamp,LED Lamp,,,,,,,,,,,,,,,,,,,,,,,,,,,LED Lamp,,,,,,,,,,,,,,,,,,,,,,,,,,,,,,,,,,,,,,,,,,,,,,,,,,,,,,,,,,,,,,,,,,,,,,,,,,,,,,,,,,,,,,,,,,,,,,,,,,,,,,,,,,,,,,,,,,,,,,,,,,,,,,,,,,,,,,,,,,,,,,,,,,,,,,,,,,,,,,,,,,,,,,,,,,,,,,,,,,,,,,,,,,,,,,,,,,,,,
no source found,,,,,,,,,,,XNB07Z,XNB07Z Makita 18V LXT BL 30 Nailer (Bare),,,,Makita Usa Inc (5142),"Makita U.S.A., Inc.",Makita,,XNB07Z,,,"Makita U.S.A., Inc. Makita, Collated Nails, XNB07Z",NAIL,Makita XNB07Z Collated Nails,Makita Collated Nails,Collated Nails,,,,,,,,,,,,,,,,,,,,,,,,,,,Collated Nails,,,,,,,,,,,,,,,,,,,,,,,,,,,,,,,,,,,,,,,,,,,,,,,,,,,,,,,,,,,,,,,,,,,,,,,,,,,,,,,,,,,,,,,,,,,,,,,,,,,,,,,,,,,,,,,,,,,,,,,,,,,,,,,,,,,,,,,,,,,,,,,,,,,,,,,,,,,,,,,,,,,,,,,,,,,,,,,,,,,,,,,,,,,,FLAG: NEEDS_MANUAL_REVIEW (Low Confidence / Unmapped Taxonomy),,,,,,,,,
no source found,,,,,,,,,,,DZN930,DZN930 Dewalt 30 Degree - Framing Magazine,,,,Black & Decker/dewlt (2585),Stanley Black & Decker,DEWALT,,DZN930,,,"Stanley Black & Decker DEWALT, Product, DZN930",PRODUCT,DEWALT DZN930 Product,DEWALT Product,Product,,,,,,,,,,,,,,,,,,,,,,,,,,,Product,,,,,,,,,,,,,,,,,,,,,,,,,,,,,,,,,,,,,,,,,,,,,,,,,,,,,,,,,,,,,,,,,,,,,,,,,,,,,,,,,,,,,,,,,,,,,,,,,,,,,,,,,,,,,,,,,,,,,,,,,,,,,,,,,,,,,,,,,,,,,,,,,,,,,,,,,,,,,,,,,,,,,,,,,,,,,,,,,,,,,,,,,,,,FLAG: NEEDS_MANUAL_REVIEW (Low Confidence / Unmapped Taxonomy),,,,,,,,,
no source found,,,,,,,Building Materials,Fasteners,Collated Fasteners,,220USB25U,220USB25U Vessel Screwdriver w/25pc Bit Set,,,,Vessel Tools USA Inc (VESTO),Vessel Tools USA Inc.,Vessel,,220USB25U,,Building Materials>Fasteners & Hardware>Nails & Staples,"Vessel Tools USA Inc. Vessel, Fastener Screws, 220USB25U",FASTENER,Vessel 220USB25U Fastener Screws,Vessel Fastener Screws,Fastener Screws,,,,,,,,,,,,,,,,,,,,,,,,,,,Fastener Screws,,,,,,,,,,,,,,,,,,,,,,,,,,,,,,,,,,,,,,,,,,,,,,,,,,,,,,,,,,,,,,,,,,,,,,,,,,,,,,,,,,,,,,,,,,,,,,,,,,,,,,,,,,,,,,,,,,,,,,,,,,,,,,,,,,,,,,,,,,,,,,,,,,,,,,,,,,,,,,,,,,,,,,,,,,,,,,,,,,,,,,,,,,,,,,,,,,,,,
no source found,,,,,,,Building Materials,Fasteners,Collated Fasteners,,XRF03Z,XRF03Z Makita 18V Screwdriver - Autofeed,,,,Makita Usa Inc (5142),"Makita U.S.A., Inc.",Makita,,XRF03Z,,Building Materials>Fasteners & Hardware>Nails & Staples,"Makita U.S.A., Inc. Makita, Fastener Screws, XRF03Z",FASTENER,Makita XRF03Z Fastener Screws,Makita Fastener Screws,Fastener Screws,,,,,,,,,,,,,,,,,,,,,,,,,,,Fastener Screws,,,,,,,,,,,,,,,,,,,,,,,,,,,,,,,,,,,,,,,,,,,,,,,,,,,,,,,,,,,,,,,,,,,,,,,,,,,,,,,,,,,,,,,,,,,,,,,,,,,,,,,,,,,,,,,,,,,,,,,,,,,,,,,,,,,,,,,,,,,,,,,,,,,,,,,,,,,,,,,,,,,,,,,,,,,,,,,,,,,,,,,,,,,,,,,,,,,,,
no source found,,,,,,,Building Materials,Fasteners,Collated Fasteners,,220USBP5U,220USBP5U Vessel Screwdriver Plus w/5pc Bit Set,,,,Vessel Tools USA Inc (VESTO),Vessel Tools USA Inc.,Vessel,,220USBP5U,,Building Materials>Fasteners & Hardware>Nails & Staples,"Vessel Tools USA Inc. Vessel, Fastener Screws, 220USBP5U",FASTENER,Vessel 220USBP5U Fastener Screws,Vessel Fastener Screws,Fastener Screws,,,,,,,,,,,,,,,,,,,,,,,,,,,Fastener Screws,,,,,,,,,,,,,,,,,,,,,,,,,,,,,,,,,,,,,,,,,,,,,,,,,,,,,,,,,,,,,,,,,,,,,,,,,,,,,,,,,,,,,,,,,,,,,,,,,,,,,,,,,,,,,,,,,,,,,,,,,,,,,,,,,,,,,,,,,,,,,,,,,,,,,,,,,,,,,,,,,,,,,,,,,,,,,,,,,,,,,,,,,,,,,,,,,,,,,
no source found,,,,,,,Hardware & Tools,Power Tools,Measuring & Layout,,49-66-4567,"49-66-4567 Milw 6"" Magnetic - Impact Driver Set 6pc",,,,Milwaukee Accessory (4031),Milwaukee Electric Tool Corp.,Milwaukee,,49-66-4567,,Hardware & Tools>Power Tools & Measuring>Levels & Rotary Tools,"Milwaukee Electric Tool Corp. Milwaukee, Measuring Tool, 49-66-4567",MEASURING,Milwaukee 49-66-4567 Measuring Tool,Milwaukee Measuring Tool,Measuring Tool,,,,,,,,,,,,,,,,,,,,,,,,,,,Measuring Tool,,,,,,,,,,,,,,,,,,,,,,,,,,,,,,,,,,,,,,,,,,,,,,,,,,,,,,,,,,,,,,,,,,,,,,,,,,,,,,,,,,,,,,,,,,,,,,,,,,,,,,,,,,,,,,,,,,,,,,,,,,,,,,,,,,,,,,,,,,,,,,,,,,,,,,,,,,,,,,,,,,,,,,,,,,,,,,,,,,,,,,,,,,,,,,,,,,,,,
no source found,,,,,,,,,,,IBMG90K003,"IBMG90K003 Vessel Impact Ball Torsion Bit Assort 5pc 3.5""",,,,Vessel Tools USA Inc (VESTO),Vessel Tools USA Inc.,Vessel,,IBMG90K003,,,"Vessel Tools USA Inc. Vessel, Product, IBMG90K003",PRODUCT,Vessel IBMG90K003 Product,Vessel Product,Product,,,,,,,,,,,,,,,,,,,,,,,,,,,Product,,,,,,,,,,,,,,,,,,,,,,,,,,,,,,,,,,,,,,,,,,,,,,,,,,,,,,,,,,,,,,,,,,,,,,,,,,,,,,,,,,,,,,,,,,,,,,,,,,,,,,,,,,,,,,,,,,,,,,,,,,,,,,,,,,,,,,,,,,,,,,,,,,,,,,,,,,,,,,,,,,,,,,,,,,,,,,,,,,,,,,,,,,,,FLAG: NEEDS_MANUAL_REVIEW (Low Confidence / Unmapped Taxonomy),,,,,,,,,
no source found,,,,,,,,,,,IBPH250P15T,"IBPH250P15T Vessel Torsion Bit 2"" 15pc",,,,Vessel Tools USA Inc (VESTO),Vessel Tools USA Inc.,Vessel,,IBPH250P15T,,,"Vessel Tools USA Inc. Vessel, Product, IBPH250P15T",PRODUCT,Vessel IBPH250P15T Product,Vessel Product,Product,,,,,,,,,,,,,,,,,,,,,,,,,,,Product,,,,,,,,,,,,,,,,,,,,,,,,,,,,,,,,,,,,,,,,,,,,,,,,,,,,,,,,,,,,,,,,,,,,,,,,,,,,,,,,,,,,,,,,,,,,,,,,,,,,,,,,,,,,,,,,,,,,,,,,,,,,,,,,,,,,,,,,,,,,,,,,,,,,,,,,,,,,,,,,,,,,,,,,,,,,,,,,,,,,,,,,,,,,FLAG: NEEDS_MANUAL_REVIEW (Low Confidence / Unmapped Taxonomy),,,,,,,,,
no source found,,,,,,,,,,,DPH12B,"DPH12B 2"" #1 Phillips Drive - Bit",,,Diablo,Freud Inc (2435),"Freud America, Inc.",Diablo,,DPH12B,,,"Freud America, Inc. Diablo, Product, DPH12B",PRODUCT,Diablo DPH12B Product,Diablo Product,Product,,,,,,,,,,,,,,,,,,,,,,,,,,,Product,,,,,,,,,,,,,,,,,,,,,,,,,,,,,,,,,,,,,,,,,,,,,,,,,,,,,,,,,,,,,,,,,,,,,,,,,,,,,,,,,,,,,,,,,,,,,,,,,,,,,,,,,,,,,,,,,,,,,,,,,,,,,,,,,,,,,,,,,,,,,,,,,,,,,,,,,,,,,,,,,,,,,,,,,,,,,,,,,,,,,,,,,,,,FLAG: NEEDS_MANUAL_REVIEW (Low Confidence / Unmapped Taxonomy),,,,,,,,,
no source found,,,,,,,,,,,DPH135B,"DPH135B 3-1/2"" #1 Phillips - Drive Bit",,,Diablo,Freud Inc (2435),"Freud America, Inc.",Diablo,,DPH135B,,,"Freud America, Inc. Diablo, Product, DPH135B",PRODUCT,Diablo DPH135B Product,Diablo Product,Product,,,,,,,,,,,,,,,,,,,,,,,,,,,Product,,,,,,,,,,,,,,,,,,,,,,,,,,,,,,,,,,,,,,,,,,,,,,,,,,,,,,,,,,,,,,,,,,,,,,,,,,,,,,,,,,,,,,,,,,,,,,,,,,,,,,,,,,,,,,,,,,,,,,,,,,,,,,,,,,,,,,,,,,,,,,,,,,,,,,,,,,,,,,,,,,,,,,,,,,,,,,,,,,,,,,,,,,,,FLAG: NEEDS_MANUAL_REVIEW (Low Confidence / Unmapped Taxonomy),,,,,,,,,
no source found,,,,,,,,,,,DPH21B,"DPH21B 1"" #2 Phillips Drive - Bit",,,Diablo,Freud Inc (2435),"Freud America, Inc.",Diablo,,DPH21B,,,"Freud America, Inc. Diablo, Product, DPH21B",PRODUCT,Diablo DPH21B Product,Diablo Product,Product,,,,,,,,,,,,,,,,,,,,,,,,,,,Product,,,,,,,,,,,,,,,,,,,,,,,,,,,,,,,,,,,,,,,,,,,,,,,,,,,,,,,,,,,,,,,,,,,,,,,,,,,,,,,,,,,,,,,,,,,,,,,,,,,,,,,,,,,,,,,,,,,,,,,,,,,,,,,,,,,,,,,,,,,,,,,,,,,,,,,,,,,,,,,,,,,,,,,,,,,,,,,,,,,,,,,,,,,,FLAG: NEEDS_MANUAL_REVIEW (Low Confidence / Unmapped Taxonomy),,,,,,,,,
no source found,,,,,,,,,,,DPH22B,"DPH22B 2"" #2 Phillips Drive - Bit",,,Diablo,Freud Inc (2435),"Freud America, Inc.",Diablo,,DPH22B,,,"Freud America, Inc. Diablo, Product, DPH22B",PRODUCT,Diablo DPH22B Product,Diablo Product,Product,,,,,,,,,,,,,,,,,,,,,,,,,,,Product,,,,,,,,,,,,,,,,,,,,,,,,,,,,,,,,,,,,,,,,,,,,,,,,,,,,,,,,,,,,,,,,,,,,,,,,,,,,,,,,,,,,,,,,,,,,,,,,,,,,,,,,,,,,,,,,,,,,,,,,,,,,,,,,,,,,,,,,,,,,,,,,,,,,,,,,,,,,,,,,,,,,,,,,,,,,,,,,,,,,,,,,,,,,FLAG: NEEDS_MANUAL_REVIEW (Low Confidence / Unmapped Taxonomy),,,,,,,,,
no source found,,,,,,,,,,,DPH235B,"DPH235B 3-1/2"" #2 Phillips - Drive Bit",,,Diablo,Freud Inc (2435),"Freud America, Inc.",Diablo,,DPH235B,,,"Freud America, Inc. Diablo, Product, DPH235B",PRODUCT,Diablo DPH235B Product,Diablo Product,Product,,,,,,,,,,,,,,,,,,,,,,,,,,,Product,,,,,,,,,,,,,,,,,,,,,,,,,,,,,,,,,,,,,,,,,,,,,,,,,,,,,,,,,,,,,,,,,,,,,,,,,,,,,,,,,,,,,,,,,,,,,,,,,,,,,,,,,,,,,,,,,,,,,,,,,,,,,,,,,,,,,,,,,,,,,,,,,,,,,,,,,,,,,,,,,,,,,,,,,,,,,,,,,,,,,,,,,,,,FLAG: NEEDS_MANUAL_REVIEW (Low Confidence / Unmapped Taxonomy),,,,,,,,,
no source found,,,,,,,,,,,DPH26B,"DPH26B 6"" #2 Phillips Drive - Bit",,,Diablo,Freud Inc (2435),"Freud America, Inc.",Diablo,,DPH26B,,,"Freud America, Inc. Diablo, Product, DPH26B",PRODUCT,Diablo DPH26B Product,Diablo Product,Product,,,,,,,,,,,,,,,,,,,,,,,,,,,Product,,,,,,,,,,,,,,,,,,,,,,,,,,,,,,,,,,,,,,,,,,,,,,,,,,,,,,,,,,,,,,,,,,,,,,,,,,,,,,,,,,,,,,,,,,,,,,,,,,,,,,,,,,,,,,,,,,,,,,,,,,,,,,,,,,,,,,,,,,,,,,,,,,,,,,,,,,,,,,,,,,,,,,,,,,,,,,,,,,,,,,,,,,,,FLAG: NEEDS_MANUAL_REVIEW (Low Confidence / Unmapped Taxonomy),,,,,,,,,
no source found,,,,,,,Building Materials,Fasteners,Collated Fasteners,,DPH2R1B,"DPH2R1B 1"" #2 Phillips Drywall - Screws Drive Bit",,,Diablo,Freud Inc (2435),"Freud America, Inc.",Diablo,,DPH2R1B,,Building Materials>Fasteners & Hardware>Nails & Staples,"Freud America, Inc. Diablo, Fastener Screws, DPH2R1B",FASTENER,Diablo DPH2R1B Fastener Screws,Diablo Fastener Screws,Fastener Screws,,,,,,,,,,,,,,,,,,,,,,,,,,,Fastener Screws,,,,,,,,,,,,,,,,,,,,,,,,,,,,,,,,,,,,,,,,,,,,,,,,,,,,,,,,,,,,,,,,,,,,,,,,,,,,,,,,,,,,,,,,,,,,,,,,,,,,,,,,,,,,,,,,,,,,,,,,,,,,,,,,,,,,,,,,,,,,,,,,,,,,,,,,,,,,,,,,,,,,,,,,,,,,,,,,,,,,,,,,,,,,,,,,,,,,,
no source found,,,,,,,,,,,DPH31B,"DPH31B 1"" #3 Phillips Drive - Bit",,,Diablo,Freud Inc (2435),"Freud America, Inc.",Diablo,,DPH31B,,,"Freud America, Inc. Diablo, Product, DPH31B",PRODUCT,Diablo DPH31B Product,Diablo Product,Product,,,,,,,,,,,,,,,,,,,,,,,,,,,Product,,,,,,,,,,,,,,,,,,,,,,,,,,,,,,,,,,,,,,,,,,,,,,,,,,,,,,,,,,,,,,,,,,,,,,,,,,,,,,,,,,,,,,,,,,,,,,,,,,,,,,,,,,,,,,,,,,,,,,,,,,,,,,,,,,,,,,,,,,,,,,,,,,,,,,,,,,,,,,,,,,,,,,,,,,,,,,,,,,,,,,,,,,,,FLAG: NEEDS_MANUAL_REVIEW (Low Confidence / Unmapped Taxonomy),,,,,,,,,
no source found,,,,,,,,,,,DPH32B,"DPH32B 2"" #3 Phillips Drive - Bit",,,Diablo,Freud Inc (2435),"Freud America, Inc.",Diablo,,DPH32B,,,"Freud America, Inc. Diablo, Product, DPH32B",PRODUCT,Diablo DPH32B Product,Diablo Product,Product,,,,,,,,,,,,,,,,,,,,,,,,,,,Product,,,,,,,,,,,,,,,,,,,,,,,,,,,,,,,,,,,,,,,,,,,,,,,,,,,,,,,,,,,,,,,,,,,,,,,,,,,,,,,,,,,,,,,,,,,,,,,,,,,,,,,,,,,,,,,,,,,,,,,,,,,,,,,,,,,,,,,,,,,,,,,,,,,,,,,,,,,,,,,,,,,,,,,,,,,,,,,,,,,,,,,,,,,,FLAG: NEEDS_MANUAL_REVIEW (Low Confidence / Unmapped Taxonomy),,,,,,,,,
no source found,,,,,,,,,,,DPH335B,"DPH335B 3-1/2"" #3 Phillips - Drive Bit",,,Diablo,Freud Inc (2435),"Freud America, Inc.",Diablo,,DPH335B,,,"Freud America, Inc. Diablo, Product, DPH335B",PRODUCT,Diablo DPH335B Product,Diablo Product,Product,,,,,,,,,,,,,,,,,,,,,,,,,,,Product,,,,,,,,,,,,,,,,,,,,,,,,,,,,,,,,,,,,,,,,,,,,,,,,,,,,,,,,,,,,,,,,,,,,,,,,,,,,,,,,,,,,,,,,,,,,,,,,,,,,,,,,,,,,,,,,,,,,,,,,,,,,,,,,,,,,,,,,,,,,,,,,,,,,,,,,,,,,,,,,,,,,,,,,,,,,,,,,,,,,,,,,,,,,FLAG: NEEDS_MANUAL_REVIEW (Low Confidence / Unmapped Taxonomy),,,,,,,,,
no source found,,,,,,,,,,,DSQ12B,"DSQ12B 2"" #1 Square Drive Bit",,,Diablo,Freud Inc (2435),"Freud America, Inc.",Diablo,,DSQ12B,,,"Freud America, Inc. Diablo, Product, DSQ12B",PRODUCT,Diablo DSQ12B Product,Diablo Product,Product,,,,,,,,,,,,,,,,,,,,,,,,,,,Product,,,,,,,,,,,,,,,,,,,,,,,,,,,,,,,,,,,,,,,,,,,,,,,,,,,,,,,,,,,,,,,,,,,,,,,,,,,,,,,,,,,,,,,,,,,,,,,,,,,,,,,,,,,,,,,,,,,,,,,,,,,,,,,,,,,,,,,,,,,,,,,,,,,,,,,,,,,,,,,,,,,,,,,,,,,,,,,,,,,,,,,,,,,,FLAG: NEEDS_MANUAL_REVIEW (Low Confidence / Unmapped Taxonomy),,,,,,,,,
no source found,,,,,,,,,,,DSQ22B,"DSQ22B 2"" #2 Square Drive Bit",,,Diablo,Freud Inc (2435),"Freud America, Inc.",Diablo,,DSQ22B,,,"Freud America, Inc. Diablo, Product, DSQ22B",PRODUCT,Diablo DSQ22B Product,Diablo Product,Product,,,,,,,,,,,,,,,,,,,,,,,,,,,Product,,,,,,,,,,,,,,,,,,,,,,,,,,,,,,,,,,,,,,,,,,,,,,,,,,,,,,,,,,,,,,,,,,,,,,,,,,,,,,,,,,,,,,,,,,,,,,,,,,,,,,,,,,,,,,,,,,,,,,,,,,,,,,,,,,,,,,,,,,,,,,,,,,,,,,,,,,,,,,,,,,,,,,,,,,,,,,,,,,,,,,,,,,,,FLAG: NEEDS_MANUAL_REVIEW (Low Confidence / Unmapped Taxonomy),,,,,,,,,
no source found,,,,,,,,,,,DSQ26B,"DSQ26B 6"" #2 Square Drive Bit",,,Diablo,Freud Inc (2435),"Freud America, Inc.",Diablo,,DSQ26B,,,"Freud America, Inc. Diablo, Product, DSQ26B",PRODUCT,Diablo DSQ26B Product,Diablo Product,Product,,,,,,,,,,,,,,,,,,,,,,,,,,,Product,,,,,,,,,,,,,,,,,,,,,,,,,,,,,,,,,,,,,,,,,,,,,,,,,,,,,,,,,,,,,,,,,,,,,,,,,,,,,,,,,,,,,,,,,,,,,,,,,,,,,,,,,,,,,,,,,,,,,,,,,,,,,,,,,,,,,,,,,,,,,,,,,,,,,,,,,,,,,,,,,,,,,,,,,,,,,,,,,,,,,,,,,,,,FLAG: NEEDS_MANUAL_REVIEW (Low Confidence / Unmapped Taxonomy),,,,,,,,,
no source found,,,,,,,,,,,DSQ32B,"DSQ32B 2"" #3 Square Drive Bit",,,Diablo,Freud Inc (2435),"Freud America, Inc.",Diablo,,DSQ32B,,,"Freud America, Inc. Diablo, Product, DSQ32B",PRODUCT,Diablo DSQ32B Product,Diablo Product,Product,,,,,,,,,,,,,,,,,,,,,,,,,,,Product,,,,,,,,,,,,,,,,,,,,,,,,,,,,,,,,,,,,,,,,,,,,,,,,,,,,,,,,,,,,,,,,,,,,,,,,,,,,,,,,,,,,,,,,,,,,,,,,,,,,,,,,,,,,,,,,,,,,,,,,,,,,,,,,,,,,,,,,,,,,,,,,,,,,,,,,,,,,,,,,,,,,,,,,,,,,,,,,,,,,,,,,,,,,FLAG: NEEDS_MANUAL_REVIEW (Low Confidence / Unmapped Taxonomy),,,,,,,,,
no source found,,,,,,,,,,,DT102B,"DT102B 2"" #10 Torx Drive Bit",,,Diablo,Freud Inc (2435),"Freud America, Inc.",Diablo,,DT102B,,,"Freud America, Inc. Diablo, Product, DT102B",PRODUCT,Diablo DT102B Product,Diablo Product,Product,,,,,,,,,,,,,,,,,,,,,,,,,,,Product,,,,,,,,,,,,,,,,,,,,,,,,,,,,,,,,,,,,,,,,,,,,,,,,,,,,,,,,,,,,,,,,,,,,,,,,,,,,,,,,,,,,,,,,,,,,,,,,,,,,,,,,,,,,,,,,,,,,,,,,,,,,,,,,,,,,,,,,,,,,,,,,,,,,,,,,,,,,,,,,,,,,,,,,,,,,,,,,,,,,,,,,,,,,FLAG: NEEDS_MANUAL_REVIEW (Low Confidence / Unmapped Taxonomy),,,,,,,,,
no source found,,,,,,,,,,,DT152B,"DT152B 2"" #15 Torx Drive Bit",,,Diablo,Freud Inc (2435),"Freud America, Inc.",Diablo,,DT152B,,,"Freud America, Inc. Diablo, Product, DT152B",PRODUCT,Diablo DT152B Product,Diablo Product,Product,,,,,,,,,,,,,,,,,,,,,,,,,,,Product,,,,,,,,,,,,,,,,,,,,,,,,,,,,,,,,,,,,,,,,,,,,,,,,,,,,,,,,,,,,,,,,,,,,,,,,,,,,,,,,,,,,,,,,,,,,,,,,,,,,,,,,,,,,,,,,,,,,,,,,,,,,,,,,,,,,,,,,,,,,,,,,,,,,,,,,,,,,,,,,,,,,,,,,,,,,,,,,,,,,,,,,,,,,FLAG: NEEDS_MANUAL_REVIEW (Low Confidence / Unmapped Taxonomy),,,,,,,,,
no source found,,,,,,,,,,,DT1535B,"DT1535B 3-1/2"" #15 Torx Drive - Bit",,,Diablo,Freud Inc (2435),"Freud America, Inc.",Diablo,,DT1535B,,,"Freud America, Inc. Diablo, Product, DT1535B",PRODUCT,Diablo DT1535B Product,Diablo Product,Product,,,,,,,,,,,,,,,,,,,,,,,,,,,Product,,,,,,,,,,,,,,,,,,,,,,,,,,,,,,,,,,,,,,,,,,,,,,,,,,,,,,,,,,,,,,,,,,,,,,,,,,,,,,,,,,,,,,,,,,,,,,,,,,,,,,,,,,,,,,,,,,,,,,,,,,,,,,,,,,,,,,,,,,,,,,,,,,,,,,,,,,,,,,,,,,,,,,,,,,,,,,,,,,,,,,,,,,,,FLAG: NEEDS_MANUAL_REVIEW (Low Confidence / Unmapped Taxonomy),,,,,,,,,
no source found,,,,,,,,,,,DT202B,"DT202B 2"" #20 Torx Drive Bit",,,Diablo,Freud Inc (2435),"Freud America, Inc.",Diablo,,DT202B,,,"Freud America, Inc. Diablo, Product, DT202B",PRODUCT,Diablo DT202B Product,Diablo Product,Product,,,,,,,,,,,,,,,,,,,,,,,,,,,Product,,,,,,,,,,,,,,,,,,,,,,,,,,,,,,,,,,,,,,,,,,,,,,,,,,,,,,,,,,,,,,,,,,,,,,,,,,,,,,,,,,,,,,,,,,,,,,,,,,,,,,,,,,,,,,,,,,,,,,,,,,,,,,,,,,,,,,,,,,,,,,,,,,,,,,,,,,,,,,,,,,,,,,,,,,,,,,,,,,,,,,,,,,,,FLAG: NEEDS_MANUAL_REVIEW (Low Confidence / Unmapped Taxonomy),,,,,,,,,
no source found,,,,,,,,,,,DT2035B,"DT2035B 3-1/2"" #20 Torx Drive - Bit",,,Diablo,Freud Inc (2435),"Freud America, Inc.",Diablo,,DT2035B,,,"Freud America, Inc. Diablo, Product, DT2035B",PRODUCT,Diablo DT2035B Product,Diablo Product,Product,,,,,,,,,,,,,,,,,,,,,,,,,,,Product,,,,,,,,,,,,,,,,,,,,,,,,,,,,,,,,,,,,,,,,,,,,,,,,,,,,,,,,,,,,,,,,,,,,,,,,,,,,,,,,,,,,,,,,,,,,,,,,,,,,,,,,,,,,,,,,,,,,,,,,,,,,,,,,,,,,,,,,,,,,,,,,,,,,,,,,,,,,,,,,,,,,,,,,,,,,,,,,,,,,,,,,,,,,FLAG: NEEDS_MANUAL_REVIEW (Low Confidence / Unmapped Taxonomy),,,,,,,,,
no source found,,,,,,,,,,,DT206B,"DT206B 6"" #20 Torx Drive Bit",,,Diablo,Freud Inc (2435),"Freud America, Inc.",Diablo,,DT206B,,,"Freud America, Inc. Diablo, Product, DT206B",PRODUCT,Diablo DT206B Product,Diablo Product,Product,,,,,,,,,,,,,,,,,,,,,,,,,,,Product,,,,,,,,,,,,,,,,,,,,,,,,,,,,,,,,,,,,,,,,,,,,,,,,,,,,,,,,,,,,,,,,,,,,,,,,,,,,,,,,,,,,,,,,,,,,,,,,,,,,,,,,,,,,,,,,,,,,,,,,,,,,,,,,,,,,,,,,,,,,,,,,,,,,,,,,,,,,,,,,,,,,,,,,,,,,,,,,,,,,,,,,,,,,FLAG: NEEDS_MANUAL_REVIEW (Low Confidence / Unmapped Taxonomy),,,,,,,,,
no source found,,,,,,,,,,,DT252B,"DT252B 2"" #25 Trox Drive Bit",,,Diablo,Freud Inc (2435),"Freud America, Inc.",Diablo,,DT252B,,,"Freud America, Inc. Diablo, Product, DT252B",PRODUCT,Diablo DT252B Product,Diablo Product,Product,,,,,,,,,,,,,,,,,,,,,,,,,,,Product,,,,,,,,,,,,,,,,,,,,,,,,,,,,,,,,,,,,,,,,,,,,,,,,,,,,,,,,,,,,,,,,,,,,,,,,,,,,,,,,,,,,,,,,,,,,,,,,,,,,,,,,,,,,,,,,,,,,,,,,,,,,,,,,,,,,,,,,,,,,,,,,,,,,,,,,,,,,,,,,,,,,,,,,,,,,,,,,,,,,,,,,,,,,FLAG: NEEDS_MANUAL_REVIEW (Low Confidence / Unmapped Taxonomy),,,,,,,,,
no source found,,,,,,,,,,,DT2535B,"DT2535B 3-1/4"" #25 Torx Drive - Bit",,,Diablo,Freud Inc (2435),"Freud America, Inc.",Diablo,,DT2535B,,,"Freud America, Inc. Diablo, Product, DT2535B",PRODUCT,Diablo DT2535B Product,Diablo Product,Product,,,,,,,,,,,,,,,,,,,,,,,,,,,Product,,,,,,,,,,,,,,,,,,,,,,,,,,,,,,,,,,,,,,,,,,,,,,,,,,,,,,,,,,,,,,,,,,,,,,,,,,,,,,,,,,,,,,,,,,,,,,,,,,,,,,,,,,,,,,,,,,,,,,,,,,,,,,,,,,,,,,,,,,,,,,,,,,,,,,,,,,,,,,,,,,,,,,,,,,,,,,,,,,,,,,,,,,,,FLAG: NEEDS_MANUAL_REVIEW (Low Confidence / Unmapped Taxonomy),,,,,,,,,
no source found,,,,,,,,,,,DT256B,"DT256B 6"" #25 Torx Drive Bit",,,Diablo,Freud Inc (2435),"Freud America, Inc.",Diablo,,DT256B,,,"Freud America, Inc. Diablo, Product, DT256B",PRODUCT,Diablo DT256B Product,Diablo Product,Product,,,,,,,,,,,,,,,,,,,,,,,,,,,Product,,,,,,,,,,,,,,,,,,,,,,,,,,,,,,,,,,,,,,,,,,,,,,,,,,,,,,,,,,,,,,,,,,,,,,,,,,,,,,,,,,,,,,,,,,,,,,,,,,,,,,,,,,,,,,,,,,,,,,,,,,,,,,,,,,,,,,,,,,,,,,,,,,,,,,,,,,,,,,,,,,,,,,,,,,,,,,,,,,,,,,,,,,,,FLAG: NEEDS_MANUAL_REVIEW (Low Confidence / Unmapped Taxonomy),,,,,,,,,
no source found,,,,,,,,,,,DT302B,"DT302B 2"" #30 Torx Drive Bit",,,Diablo,Freud Inc (2435),"Freud America, Inc.",Diablo,,DT302B,,,"Freud America, Inc. Diablo, Product, DT302B",PRODUCT,Diablo DT302B Product,Diablo Product,Product,,,,,,,,,,,,,,,,,,,,,,,,,,,Product,,,,,,,,,,,,,,,,,,,,,,,,,,,,,,,,,,,,,,,,,,,,,,,,,,,,,,,,,,,,,,,,,,,,,,,,,,,,,,,,,,,,,,,,,,,,,,,,,,,,,,,,,,,,,,,,,,,,,,,,,,,,,,,,,,,,,,,,,,,,,,,,,,,,,,,,,,,,,,,,,,,,,,,,,,,,,,,,,,,,,,,,,,,,FLAG: NEEDS_MANUAL_REVIEW (Low Confidence / Unmapped Taxonomy),,,,,,,,,
no source found,,,,,,,,,,,DT402B,"DT402B 2"" #40 Torx Drive Bit",,,Diablo,Freud Inc (2435),"Freud America, Inc.",Diablo,,DT402B,,,"Freud America, Inc. Diablo, Product, DT402B",PRODUCT,Diablo DT402B Product,Diablo Product,Product,,,,,,,,,,,,,,,,,,,,,,,,,,,Product,,,,,,,,,,,,,,,,,,,,,,,,,,,,,,,,,,,,,,,,,,,,,,,,,,,,,,,,,,,,,,,,,,,,,,,,,,,,,,,,,,,,,,,,,,,,,,,,,,,,,,,,,,,,,,,,,,,,,,,,,,,,,,,,,,,,,,,,,,,,,,,,,,,,,,,,,,,,,,,,,,,,,,,,,,,,,,,,,,,,,,,,,,,,FLAG: NEEDS_MANUAL_REVIEW (Low Confidence / Unmapped Taxonomy),,,,,,,,,
no source found,,,,,,,Building Materials,Fasteners,Collated Fasteners,,DDWSSB,DDWSSB #2 Drywall Screw Setter,,,Diablo,Freud Inc (2435),"Freud America, Inc.",Diablo,,DDWSSB,,Building Materials>Fasteners & Hardware>Nails & Staples,"Freud America, Inc. Diablo, Fastener Screws, DDWSSB",FASTENER,Diablo DDWSSB Fastener Screws,Diablo Fastener Screws,Fastener Screws,,,,,,,,,,,,,,,,,,,,,,,,,,,Fastener Screws,,,,,,,,,,,,,,,,,,,,,,,,,,,,,,,,,,,,,,,,,,,,,,,,,,,,,,,,,,,,,,,,,,,,,,,,,,,,,,,,,,,,,,,,,,,,,,,,,,,,,,,,,,,,,,,,,,,,,,,,,,,,,,,,,,,,,,,,,,,,,,,,,,,,,,,,,,,,,,,,,,,,,,,,,,,,,,,,,,,,,,,,,,,,,,,,,,,,,
no source found,,,,,,,,,,,191V02-0,191V02-0 Makita #2 Phillips Bit 5pk,,,,Makita Usa Inc (5142),"Makita U.S.A., Inc.",Makita,,191V02-0,,,"Makita U.S.A., Inc. Makita, Product, 191V02-0",PRODUCT,Makita 191V02-0 Product,Makita Product,Product,,,,,,,,,,,,,,,,,,,,,,,,,,,Product,,,,,,,,,,,,,,,,,,,,,,,,,,,,,,,,,,,,,,,,,,,,,,,,,,,,,,,,,,,,,,,,,,,,,,,,,,,,,,,,,,,,,,,,,,,,,,,,,,,,,,,,,,,,,,,,,,,,,,,,,,,,,,,,,,,,,,,,,,,,,,,,,,,,,,,,,,,,,,,,,,,,,,,,,,,,,,,,,,,,,,,,,,,,FLAG: NEEDS_MANUAL_REVIEW (Low Confidence / Unmapped Taxonomy),,,,,,,,,
no source found,,,,,,,Building Materials,Fasteners,Collated Fasteners,,XTS02Z,"XTS02Z Makita 18V 1/4"" Narrow Crown Stapler 18GA",,,,Makita Usa Inc (5142),"Makita U.S.A., Inc.",Makita,,XTS02Z,,Building Materials>Fasteners & Hardware>Nails & Staples,"Makita U.S.A., Inc. Makita, Heavy Duty Staples, XTS02Z",STAPLE,Makita XTS02Z Heavy Duty Staples,Makita Heavy Duty Staples,Heavy Duty Staples,,,,,,,,,,,,,,,,,,,,,,,,,,,Heavy Duty Staples,,,,,,,,,,,,,,,,,,,,,,,,,,,,,,,,,,,,,,,,,,,,,,,,,,,,,,,,,,,,,,,,,,,,,,,,,,,,,,,,,,,,,,,,,,,,,,,,,,,,,,,,,,,,,,,,,,,,,,,,,,,,,,,,,,,,,,,,,,,,,,,,,,,,,,,,,,,,,,,,,,,,,,,,,,,,,,,,,,,,,,,,,,,,,,,,,,,,,
no source found,,,,,,,Hardware & Tools,Power Tools,Measuring & Layout,,DCF809D1,"DCF809D1 Dewalt Atomic 20V 1/4"" Impact Driver Kit",,,DEWALT,Black & Decker/dewlt (2585),Stanley Black & Decker,DEWALT,,DCF809D1,,Hardware & Tools>Power Tools & Measuring>Levels & Rotary Tools,"Stanley Black & Decker DEWALT, Measuring Tool, DCF809D1",MEASURING,DEWALT DCF809D1 Measuring Tool,DEWALT Measuring Tool,Measuring Tool,,,,,,,,,,,,,,,,,,,,,,,,,,,Measuring Tool,,,,,,,,,,,,,,,,,,,,,,,,,,,,,,,,,,,,,,,,,,,,,,,,,,,,,,,,,,,,,,,,,,,,,,,,,,,,,,,,,,,,,,,,,,,,,,,,,,,,,,,,,,,,,,,,,,,,,,,,,,,,,,,,,,,,,,,,,,,,,,,,,,,,,,,,,,,,,,,,,,,,,,,,,,,,,,,,,,,,,,,,,,,,,,,,,,,,,
no source found,,,,,,,,,,,2761-20,"2761-20 Milw M18 1/4"" Hex Hydraulic Driver",,,,Milwaukee Accessory (4031),Milwaukee Electric Tool Corp.,Milwaukee,,2761-20,,,"Milwaukee Electric Tool Corp. Milwaukee, Product, 2761-20",PRODUCT,Milwaukee 2761-20 Product,Milwaukee Product,Product,,,,,,,,,,,,,,,,,,,,,,,,,,,Product,,,,,,,,,,,,,,,,,,,,,,,,,,,,,,,,,,,,,,,,,,,,,,,,,,,,,,,,,,,,,,,,,,,,,,,,,,,,,,,,,,,,,,,,,,,,,,,,,,,,,,,,,,,,,,,,,,,,,,,,,,,,,,,,,,,,,,,,,,,,,,,,,,,,,,,,,,,,,,,,,,,,,,,,,,,,,,,,,,,,,,,,,,,,FLAG: NEEDS_MANUAL_REVIEW (Low Confidence / Unmapped Taxonomy),,,,,,,,,
no source found,,,,,,,,,,,2761-22,2761-22 Milw M18 Surge Kit,,,,Milwaukee Accessory (4031),Milwaukee Electric Tool Corp.,Milwaukee,,2761-22,,,"Milwaukee Electric Tool Corp. Milwaukee, Product, 2761-22",PRODUCT,Milwaukee 2761-22 Product,Milwaukee Product,Product,,,,,,,,,,,,,,,,,,,,,,,,,,,Product,,,,,,,,,,,,,,,,,,,,,,,,,,,,,,,,,,,,,,,,,,,,,,,,,,,,,,,,,,,,,,,,,,,,,,,,,,,,,,,,,,,,,,,,,,,,,,,,,,,,,,,,,,,,,,,,,,,,,,,,,,,,,,,,,,,,,,,,,,,,,,,,,,,,,,,,,,,,,,,,,,,,,,,,,,,,,,,,,,,,,,,,,,,,FLAG: NEEDS_MANUAL_REVIEW (Low Confidence / Unmapped Taxonomy),,,,,,,,,
no source found,,,,,,,Hardware & Tools,Power Tools,Measuring & Layout,,3450-20,3450-20 Milw M12 Impact Driver - Brushless Compact (Bare),,,,Milwaukee Accessory (4031),Milwaukee Electric Tool Corp.,Milwaukee,,3450-20,,Hardware & Tools>Power Tools & Measuring>Levels & Rotary Tools,"Milwaukee Electric Tool Corp. Milwaukee, Measuring Tool, 3450-20",MEASURING,Milwaukee 3450-20 Measuring Tool,Milwaukee Measuring Tool,Measuring Tool,,,,,,,,,,,,,,,,,,,,,,,,,,,Measuring Tool,,,,,,,,,,,,,,,,,,,,,,,,,,,,,,,,,,,,,,,,,,,,,,,,,,,,,,,,,,,,,,,,,,,,,,,,,,,,,,,,,,,,,,,,,,,,,,,,,,,,,,,,,,,,,,,,,,,,,,,,,,,,,,,,,,,,,,,,,,,,,,,,,,,,,,,,,,,,,,,,,,,,,,,,,,,,,,,,,,,,,,,,,,,,,,,,,,,,,
no source found,,,,,,,Hardware & Tools,Power Tools,Measuring & Layout,,KPTDV025A,KPTDV025A Kreg 20V Ionic Compact Impact Driver,,,,Kreg Tool Company (KRETO),Kreg Tool Company,Kreg,,KPTDV025A,,Hardware & Tools>Power Tools & Measuring>Levels & Rotary Tools,"Kreg Tool Company Kreg, Measuring Tool, KPTDV025A",MEASURING,Kreg KPTDV025A Measuring Tool,Kreg Measuring Tool,Measuring Tool,,,,,,,,,,,,,,,,,,,,,,,,,,,Measuring Tool,,,,,,,,,,,,,,,,,,,,,,,,,,,,,,,,,,,,,,,,,,,,,,,,,,,,,,,,,,,,,,,,,,,,,,,,,,,,,,,,,,,,,,,,,,,,,,,,,,,,,,,,,,,,,,,,,,,,,,,,,,,,,,,,,,,,,,,,,,,,,,,,,,,,,,,,,,,,,,,,,,,,,,,,,,,,,,,,,,,,,,,,,,,,,,,,,,,,,
no source found,,,,,,,,,,,3048-20,"3048-20 Milw M12 1/4"" Impact Wrench w/Friction Ring",,,,Milwaukee Accessory (4031),Milwaukee Electric Tool Corp.,Milwaukee,,3048-20,,,"Milwaukee Electric Tool Corp. Milwaukee, Product, 3048-20",PRODUCT,Milwaukee 3048-20 Product,Milwaukee Product,Product,,,,,,,,,,,,,,,,,,,,,,,,,,,Product,,,,,,,,,,,,,,,,,,,,,,,,,,,,,,,,,,,,,,,,,,,,,,,,,,,,,,,,,,,,,,,,,,,,,,,,,,,,,,,,,,,,,,,,,,,,,,,,,,,,,,,,,,,,,,,,,,,,,,,,,,,,,,,,,,,,,,,,,,,,,,,,,,,,,,,,,,,,,,,,,,,,,,,,,,,,,,,,,,,,,,,,,,,,FLAG: NEEDS_MANUAL_REVIEW (Low Confidence / Unmapped Taxonomy),,,,,,,,,
no source found,,,,,,,,,,,3049-20,"3049-20 Milw M12 3/8"" Impact Wrench w/Friction Ring",,,,Milwaukee Accessory (4031),Milwaukee Electric Tool Corp.,Milwaukee,,3049-20,,,"Milwaukee Electric Tool Corp. Milwaukee, Product, 3049-20",PRODUCT,Milwaukee 3049-20 Product,Milwaukee Product,Product,,,,,,,,,,,,,,,,,,,,,,,,,,,Product,,,,,,,,,,,,,,,,,,,,,,,,,,,,,,,,,,,,,,,,,,,,,,,,,,,,,,,,,,,,,,,,,,,,,,,,,,,,,,,,,,,,,,,,,,,,,,,,,,,,,,,,,,,,,,,,,,,,,,,,,,,,,,,,,,,,,,,,,,,,,,,,,,,,,,,,,,,,,,,,,,,,,,,,,,,,,,,,,,,,,,,,,,,,FLAG: NEEDS_MANUAL_REVIEW (Low Confidence / Unmapped Taxonomy),,,,,,,,,
no source found,,,,,,,,,,,2563-20,"2563-20 Milw M12 Stubby 1/2"" Impact Wrench",,,,Milwaukee Accessory (4031),Milwaukee Electric Tool Corp.,Milwaukee,,2563-20,,,"Milwaukee Electric Tool Corp. Milwaukee, Product, 2563-20",PRODUCT,Milwaukee 2563-20 Product,Milwaukee Product,Product,,,,,,,,,,,,,,,,,,,,,,,,,,,Product,,,,,,,,,,,,,,,,,,,,,,,,,,,,,,,,,,,,,,,,,,,,,,,,,,,,,,,,,,,,,,,,,,,,,,,,,,,,,,,,,,,,,,,,,,,,,,,,,,,,,,,,,,,,,,,,,,,,,,,,,,,,,,,,,,,,,,,,,,,,,,,,,,,,,,,,,,,,,,,,,,,,,,,,,,,,,,,,,,,,,,,,,,,,FLAG: NEEDS_MANUAL_REVIEW (Low Confidence / Unmapped Taxonomy),,,,,,,,,
no source found,,,,,,,,,,,DCF961B,"Dewalt DCF961B 20V 1/2"" Impact - Bare Tool",,,DEWALT,Black & Decker/dewlt (2585),Stanley Black & Decker,DEWALT,,DCF961B,,,"Stanley Black & Decker DEWALT, Product, DCF961B",PRODUCT,DEWALT DCF961B Product,DEWALT Product,Product,,,,,,,,,,,,,,,,,,,,,,,,,,,Product,,,,,,,,,,,,,,,,,,,,,,,,,,,,,,,,,,,,,,,,,,,,,,,,,,,,,,,,,,,,,,,,,,,,,,,,,,,,,,,,,,,,,,,,,,,,,,,,,,,,,,,,,,,,,,,,,,,,,,,,,,,,,,,,,,,,,,,,,,,,,,,,,,,,,,,,,,,,,,,,,,,,,,,,,,,,,,,,,,,,,,,,,,,,FLAG: NEEDS_MANUAL_REVIEW (Low Confidence / Unmapped Taxonomy),,,,,,,,,
no source found,,,,,,,,,,,DCF964B,"DCF964B Dewalt 20V 3/4"" Impact - Wrench (Bare)",,,DEWALT,Black & Decker/dewlt (2585),Stanley Black & Decker,DEWALT,,DCF964B,,,"Stanley Black & Decker DEWALT, Product, DCF964B",PRODUCT,DEWALT DCF964B Product,DEWALT Product,Product,,,,,,,,,,,,,,,,,,,,,,,,,,,Product,,,,,,,,,,,,,,,,,,,,,,,,,,,,,,,,,,,,,,,,,,,,,,,,,,,,,,,,,,,,,,,,,,,,,,,,,,,,,,,,,,,,,,,,,,,,,,,,,,,,,,,,,,,,,,,,,,,,,,,,,,,,,,,,,,,,,,,,,,,,,,,,,,,,,,,,,,,,,,,,,,,,,,,,,,,,,,,,,,,,,,,,,,,,FLAG: NEEDS_MANUAL_REVIEW (Low Confidence / Unmapped Taxonomy),,,,,,,,,
no source found,,,,,,,,,,,2563P-20,"2563P-20 Milw M12 1/2"" Stubby - Impact Wrench w/Pin Detent",,,,Milwaukee Accessory (4031),Milwaukee Electric Tool Corp.,Milwaukee,,2563P-20,,,"Milwaukee Electric Tool Corp. Milwaukee, Product, 2563P-20",PRODUCT,Milwaukee 2563P-20 Product,Milwaukee Product,Product,,,,,,,,,,,,,,,,,,,,,,,,,,,Product,,,,,,,,,,,,,,,,,,,,,,,,,,,,,,,,,,,,,,,,,,,,,,,,,,,,,,,,,,,,,,,,,,,,,,,,,,,,,,,,,,,,,,,,,,,,,,,,,,,,,,,,,,,,,,,,,,,,,,,,,,,,,,,,,,,,,,,,,,,,,,,,,,,,,,,,,,,,,,,,,,,,,,,,,,,,,,,,,,,,,,,,,,,,FLAG: NEEDS_MANUAL_REVIEW (Low Confidence / Unmapped Taxonomy),,,,,,,,,
no source found,,,,,,,,,,,DCF921P2,DCF921P2 Dewalt 20V 1/2 Impact,,,,Black & Decker/dewlt (2585),Stanley Black & Decker,DEWALT,,DCF921P2,,,"Stanley Black & Decker DEWALT, Product, DCF921P2",PRODUCT,DEWALT DCF921P2 Product,DEWALT Product,Product,,,,,,,,,,,,,,,,,,,,,,,,,,,Product,,,,,,,,,,,,,,,,,,,,,,,,,,,,,,,,,,,,,,,,,,,,,,,,,,,,,,,,,,,,,,,,,,,,,,,,,,,,,,,,,,,,,,,,,,,,,,,,,,,,,,,,,,,,,,,,,,,,,,,,,,,,,,,,,,,,,,,,,,,,,,,,,,,,,,,,,,,,,,,,,,,,,,,,,,,,,,,,,,,,,,,,,,,,FLAG: NEEDS_MANUAL_REVIEW (Low Confidence / Unmapped Taxonomy),,,,,,,,,
no source found,,,,,,,,,,,XLT03Z,"XLT03Z Makita 3/8"" 18V Angle Impact",,,,Makita Usa Inc (5142),"Makita U.S.A., Inc.",Makita,,XLT03Z,,,"Makita U.S.A., Inc. Makita, Product, XLT03Z",PRODUCT,Makita XLT03Z Product,Makita Product,Product,,,,,,,,,,,,,,,,,,,,,,,,,,,Product,,,,,,,,,,,,,,,,,,,,,,,,,,,,,,,,,,,,,,,,,,,,,,,,,,,,,,,,,,,,,,,,,,,,,,,,,,,,,,,,,,,,,,,,,,,,,,,,,,,,,,,,,,,,,,,,,,,,,,,,,,,,,,,,,,,,,,,,,,,,,,,,,,,,,,,,,,,,,,,,,,,,,,,,,,,,,,,,,,,,,,,,,,,,FLAG: NEEDS_MANUAL_REVIEW (Low Confidence / Unmapped Taxonomy),,,,,,,,,
no source found,,,,,,,,,,,XLT04Z,"XLT04Z Makita 1/4"" 18V Angle Impact",,,,Makita Usa Inc (5142),"Makita U.S.A., Inc.",Makita,,XLT04Z,,,"Makita U.S.A., Inc. Makita, Product, XLT04Z",PRODUCT,Makita XLT04Z Product,Makita Product,Product,,,,,,,,,,,,,,,,,,,,,,,,,,,Product,,,,,,,,,,,,,,,,,,,,,,,,,,,,,,,,,,,,,,,,,,,,,,,,,,,,,,,,,,,,,,,,,,,,,,,,,,,,,,,,,,,,,,,,,,,,,,,,,,,,,,,,,,,,,,,,,,,,,,,,,,,,,,,,,,,,,,,,,,,,,,,,,,,,,,,,,,,,,,,,,,,,,,,,,,,,,,,,,,,,,,,,,,,,FLAG: NEEDS_MANUAL_REVIEW (Low Confidence / Unmapped Taxonomy),,,,,,,,,
no source found,,,,,,,,,,,XLT05Z,"XLT05Z Makita 1/2"" 18V Angle Impact",,,,Makita Usa Inc (5142),"Makita U.S.A., Inc.",Makita,,XLT05Z,,,"Makita U.S.A., Inc. Makita, Product, XLT05Z",PRODUCT,Makita XLT05Z Product,Makita Product,Product,,,,,,,,,,,,,,,,,,,,,,,,,,,Product,,,,,,,,,,,,,,,,,,,,,,,,,,,,,,,,,,,,,,,,,,,,,,,,,,,,,,,,,,,,,,,,,,,,,,,,,,,,,,,,,,,,,,,,,,,,,,,,,,,,,,,,,,,,,,,,,,,,,,,,,,,,,,,,,,,,,,,,,,,,,,,,,,,,,,,,,,,,,,,,,,,,,,,,,,,,,,,,,,,,,,,,,,,,FLAG: NEEDS_MANUAL_REVIEW (Low Confidence / Unmapped Taxonomy),,,,,,,,,
no source found,,,,,,,,,,,DCF510B,Dewalt DCF510B 20V Rachet - Interchangeable Anvil,,,DEWALT,Black & Decker/dewlt (2585),Stanley Black & Decker,DEWALT,,DCF510B,,,"Stanley Black & Decker DEWALT, Product, DCF510B",PRODUCT,DEWALT DCF510B Product,DEWALT Product,Product,,,,,,,,,,,,,,,,,,,,,,,,,,,Product,,,,,,,,,,,,,,,,,,,,,,,,,,,,,,,,,,,,,,,,,,,,,,,,,,,,,,,,,,,,,,,,,,,,,,,,,,,,,,,,,,,,,,,,,,,,,,,,,,,,,,,,,,,,,,,,,,,,,,,,,,,,,,,,,,,,,,,,,,,,,,,,,,,,,,,,,,,,,,,,,,,,,,,,,,,,,,,,,,,,,,,,,,,,FLAG: NEEDS_MANUAL_REVIEW (Low Confidence / Unmapped Taxonomy),,,,,,,,,
no source found,,,,,,,,,,,3052-20,"3052-20 Milw M12 Fuel 1/4"" Rachet",,,,Milwaukee Accessory (4031),Milwaukee Electric Tool Corp.,Milwaukee,,3052-20,,,"Milwaukee Electric Tool Corp. Milwaukee, Product, 3052-20",PRODUCT,Milwaukee 3052-20 Product,Milwaukee Product,Product,,,,,,,,,,,,,,,,,,,,,,,,,,,Product,,,,,,,,,,,,,,,,,,,,,,,,,,,,,,,,,,,,,,,,,,,,,,,,,,,,,,,,,,,,,,,,,,,,,,,,,,,,,,,,,,,,,,,,,,,,,,,,,,,,,,,,,,,,,,,,,,,,,,,,,,,,,,,,,,,,,,,,,,,,,,,,,,,,,,,,,,,,,,,,,,,,,,,,,,,,,,,,,,,,,,,,,,,,FLAG: NEEDS_MANUAL_REVIEW (Low Confidence / Unmapped Taxonomy),,,,,,,,,
no source found,,,,,,,,,,,3054-20,"3054-20 Milw M12 1/2"" Ratchet (Bare)",,,,Milwaukee Accessory (4031),Milwaukee Electric Tool Corp.,Milwaukee,,3054-20,,,"Milwaukee Electric Tool Corp. Milwaukee, Product, 3054-20",PRODUCT,Milwaukee 3054-20 Product,Milwaukee Product,Product,,,,,,,,,,,,,,,,,,,,,,,,,,,Product,,,,,,,,,,,,,,,,,,,,,,,,,,,,,,,,,,,,,,,,,,,,,,,,,,,,,,,,,,,,,,,,,,,,,,,,,,,,,,,,,,,,,,,,,,,,,,,,,,,,,,,,,,,,,,,,,,,,,,,,,,,,,,,,,,,,,,,,,,,,,,,,,,,,,,,,,,,,,,,,,,,,,,,,,,,,,,,,,,,,,,,,,,,,FLAG: NEEDS_MANUAL_REVIEW (Low Confidence / Unmapped Taxonomy),,,,,,,,,
no source found,,,,,,,,,,,DCF513EB,"DCF513EB Dewalt 3/8"" Open Head Rachet",,,,Black & Decker/dewlt (2585),Stanley Black & Decker,DEWALT,,DCF513EB,,,"Stanley Black & Decker DEWALT, Product, DCF513EB",PRODUCT,DEWALT DCF513EB Product,DEWALT Product,Product,,,,,,,,,,,,,,,,,,,,,,,,,,,Product,,,,,,,,,,,,,,,,,,,,,,,,,,,,,,,,,,,,,,,,,,,,,,,,,,,,,,,,,,,,,,,,,,,,,,,,,,,,,,,,,,,,,,,,,,,,,,,,,,,,,,,,,,,,,,,,,,,,,,,,,,,,,,,,,,,,,,,,,,,,,,,,,,,,,,,,,,,,,,,,,,,,,,,,,,,,,,,,,,,,,,,,,,,,FLAG: NEEDS_MANUAL_REVIEW (Low Confidence / Unmapped Taxonomy),,,,,,,,,
no source found,,,,,,,,,,,XVP01Z,"XVP01Z Makita 18V 3"" Polisher/ 2"" Sander",,,,Makita Usa Inc (5142),"Makita U.S.A., Inc.",Makita,,XVP01Z,,,"Makita U.S.A., Inc. Makita, Product, XVP01Z",PRODUCT,Makita XVP01Z Product,Makita Product,Product,,,,,,,,,,,,,,,,,,,,,,,,,,,Product,,,,,,,,,,,,,,,,,,,,,,,,,,,,,,,,,,,,,,,,,,,,,,,,,,,,,,,,,,,,,,,,,,,,,,,,,,,,,,,,,,,,,,,,,,,,,,,,,,,,,,,,,,,,,,,,,,,,,,,,,,,,,,,,,,,,,,,,,,,,,,,,,,,,,,,,,,,,,,,,,,,,,,,,,,,,,,,,,,,,,,,,,,,,FLAG: NEEDS_MANUAL_REVIEW (Low Confidence / Unmapped Taxonomy),,,,,,,,,
no source found,,,,,,,,,,,DCM200B,DCM200B Dewalt 1/2in x 18in - Band File,,,DEWALT,Black & Decker/dewlt (2585),Stanley Black & Decker,DEWALT,,DCM200B,,,"Stanley Black & Decker DEWALT, Product, DCM200B",PRODUCT,DEWALT DCM200B Product,DEWALT Product,Product,,,,,,,,,,,,,,,,,,,,,,,,,,,Product,,,,,,,,,,,,,,,,,,,,,,,,,,,,,,,,,,,,,,,,,,,,,,,,,,,,,,,,,,,,,,,,,,,,,,,,,,,,,,,,,,,,,,,,,,,,,,,,,,,,,,,,,,,,,,,,,,,,,,,,,,,,,,,,,,,,,,,,,,,,,,,,,,,,,,,,,,,,,,,,,,,,,,,,,,,,,,,,,,,,,,,,,,,,FLAG: NEEDS_MANUAL_REVIEW (Low Confidence / Unmapped Taxonomy),,,,,,,,,
no source found,,,,,,,,,,,DCG410B,"DCG410B Dewalt 20V 4-1/2""-5"" - Angle Grinder (Bare)",,,DEWALT,Black & Decker/dewlt (2585),Stanley Black & Decker,DEWALT,,DCG410B,,,"Stanley Black & Decker DEWALT, Product, DCG410B",PRODUCT,DEWALT DCG410B Product,DEWALT Product,Product,,,,,,,,,,,,,,,,,,,,,,,,,,,Product,,,,,,,,,,,,,,,,,,,,,,,,,,,,,,,,,,,,,,,,,,,,,,,,,,,,,,,,,,,,,,,,,,,,,,,,,,,,,,,,,,,,,,,,,,,,,,,,,,,,,,,,,,,,,,,,,,,,,,,,,,,,,,,,,,,,,,,,,,,,,,,,,,,,,,,,,,,,,,,,,,,,,,,,,,,,,,,,,,,,,,,,,,,,FLAG: NEEDS_MANUAL_REVIEW (Low Confidence / Unmapped Taxonomy),,,,,,,,,
no source found,,,,,,,,,,,DCG460B,"DCG460B Dewalt 60V Grinder - 7-9""",,,DEWALT,Black & Decker/dewlt (2585),Stanley Black & Decker,DEWALT,,DCG460B,,,"Stanley Black & Decker DEWALT, Product, DCG460B",PRODUCT,DEWALT DCG460B Product,DEWALT Product,Product,,,,,,,,,,,,,,,,,,,,,,,,,,,Product,,,,,,,,,,,,,,,,,,,,,,,,,,,,,,,,,,,,,,,,,,,,,,,,,,,,,,,,,,,,,,,,,,,,,,,,,,,,,,,,,,,,,,,,,,,,,,,,,,,,,,,,,,,,,,,,,,,,,,,,,,,,,,,,,,,,,,,,,,,,,,,,,,,,,,,,,,,,,,,,,,,,,,,,,,,,,,,,,,,,,,,,,,,,FLAG: NEEDS_MANUAL_REVIEW (Low Confidence / Unmapped Taxonomy),,,,,,,,,
no source found,,,,,,,,,,,DCG402B,"DCG402B Dewalt 20V 4.5"" Angle Grinder (Bare)",,,,Black & Decker/dewlt (2585),Stanley Black & Decker,DEWALT,,DCG402B,,,"Stanley Black & Decker DEWALT, Product, DCG402B",PRODUCT,DEWALT DCG402B Product,DEWALT Product,Product,,,,,,,,,,,,,,,,,,,,,,,,,,,Product,,,,,,,,,,,,,,,,,,,,,,,,,,,,,,,,,,,,,,,,,,,,,,,,,,,,,,,,,,,,,,,,,,,,,,,,,,,,,,,,,,,,,,,,,,,,,,,,,,,,,,,,,,,,,,,,,,,,,,,,,,,,,,,,,,,,,,,,,,,,,,,,,,,,,,,,,,,,,,,,,,,,,,,,,,,,,,,,,,,,,,,,,,,,FLAG: NEEDS_MANUAL_REVIEW (Low Confidence / Unmapped Taxonomy),,,,,,,,,
no source found,,,,,,,,,,,3485-20,"3485-20 Milw M12 1/4"" Right Angle Die Grinder",,,,Milwaukee Accessory (4031),Milwaukee Electric Tool Corp.,Milwaukee,,3485-20,,,"Milwaukee Electric Tool Corp. Milwaukee, Product, 3485-20",PRODUCT,Milwaukee 3485-20 Product,Milwaukee Product,Product,,,,,,,,,,,,,,,,,,,,,,,,,,,Product,,,,,,,,,,,,,,,,,,,,,,,,,,,,,,,,,,,,,,,,,,,,,,,,,,,,,,,,,,,,,,,,,,,,,,,,,,,,,,,,,,,,,,,,,,,,,,,,,,,,,,,,,,,,,,,,,,,,,,,,,,,,,,,,,,,,,,,,,,,,,,,,,,,,,,,,,,,,,,,,,,,,,,,,,,,,,,,,,,,,,,,,,,,,FLAG: NEEDS_MANUAL_REVIEW (Low Confidence / Unmapped Taxonomy),,,,,,,,,
no source found,,,,,,,,,,,DCG420B,DCG420B Dewalt 20V Die Grinder (Bare),,,,Black & Decker/dewlt (2585),Stanley Black & Decker,DEWALT,,DCG420B,,,"Stanley Black & Decker DEWALT, Product, DCG420B",PRODUCT,DEWALT DCG420B Product,DEWALT Product,Product,,,,,,,,,,,,,,,,,,,,,,,,,,,Product,,,,,,,,,,,,,,,,,,,,,,,,,,,,,,,,,,,,,,,,,,,,,,,,,,,,,,,,,,,,,,,,,,,,,,,,,,,,,,,,,,,,,,,,,,,,,,,,,,,,,,,,,,,,,,,,,,,,,,,,,,,,,,,,,,,,,,,,,,,,,,,,,,,,,,,,,,,,,,,,,,,,,,,,,,,,,,,,,,,,,,,,,,,,FLAG: NEEDS_MANUAL_REVIEW (Low Confidence / Unmapped Taxonomy),,,,,,,,,
no source found,,,,,,,,,,,DCG422B,DCG422B Dewalt 20V Right Angle Die Grinder (Bare),,,,Black & Decker/dewlt (2585),Stanley Black & Decker,DEWALT,,DCG422B,,,"Stanley Black & Decker DEWALT, Product, DCG422B",PRODUCT,DEWALT DCG422B Product,DEWALT Product,Product,,,,,,,,,,,,,,,,,,,,,,,,,,,Product,,,,,,,,,,,,,,,,,,,,,,,,,,,,,,,,,,,,,,,,,,,,,,,,,,,,,,,,,,,,,,,,,,,,,,,,,,,,,,,,,,,,,,,,,,,,,,,,,,,,,,,,,,,,,,,,,,,,,,,,,,,,,,,,,,,,,,,,,,,,,,,,,,,,,,,,,,,,,,,,,,,,,,,,,,,,,,,,,,,,,,,,,,,,FLAG: NEEDS_MANUAL_REVIEW (Low Confidence / Unmapped Taxonomy),,,,,,,,,
no source found,,,,,,,,,,,924422,924422 Mafell Carpentry - Planing Machine ZH 320 Ec 120V,,,,,,,,924422,,,", Product, 924422",PRODUCT,924422 Product,Product,Product,,,,,,,,,,,,,,,,,,,,,,,,,,,Product,,,,,,,,,,,,,,,,,,,,,,,,,,,,,,,,,,,,,,,,,,,,,,,,,,,,,,,,,,,,,,,,,,,,,,,,,,,,,,,,,,,,,,,,,,,,,,,,,,,,,,,,,,,,,,,,,,,,,,,,,,,,,,,,,,,,,,,,,,,,,,,,,,,,,,,,,,,,,,,,,,,,,,,,,,,,,,,,,,,,,,,,,,,,FLAG: NEEDS_MANUAL_REVIEW (Low Confidence / Unmapped Taxonomy),,,,,,,,,
no source found,,,,,,,,,,,DCW620B,DCW620B Dewalt 20V Plunge - Router,,,,Black & Decker/dewlt (2585),Stanley Black & Decker,DEWALT,,DCW620B,,,"Stanley Black & Decker DEWALT, Product, DCW620B",PRODUCT,DEWALT DCW620B Product,DEWALT Product,Product,,,,,,,,,,,,,,,,,,,,,,,,,,,Product,,,,,,,,,,,,,,,,,,,,,,,,,,,,,,,,,,,,,,,,,,,,,,,,,,,,,,,,,,,,,,,,,,,,,,,,,,,,,,,,,,,,,,,,,,,,,,,,,,,,,,,,,,,,,,,,,,,,,,,,,,,,,,,,,,,,,,,,,,,,,,,,,,,,,,,,,,,,,,,,,,,,,,,,,,,,,,,,,,,,,,,,,,,,FLAG: NEEDS_MANUAL_REVIEW (Low Confidence / Unmapped Taxonomy),,,,,,,,,
no source found,,,,,,,,,,,2535-20,"2535-20 Milw 3"" Orbit Sander - M12",,,,Milwaukee Accessory (4031),Milwaukee Electric Tool Corp.,Milwaukee,,2535-20,,,"Milwaukee Electric Tool Corp. Milwaukee, Product, 2535-20",PRODUCT,Milwaukee 2535-20 Product,Milwaukee Product,Product,,,,,,,,,,,,,,,,,,,,,,,,,,,Product,,,,,,,,,,,,,,,,,,,,,,,,,,,,,,,,,,,,,,,,,,,,,,,,,,,,,,,,,,,,,,,,,,,,,,,,,,,,,,,,,,,,,,,,,,,,,,,,,,,,,,,,,,,,,,,,,,,,,,,,,,,,,,,,,,,,,,,,,,,,,,,,,,,,,,,,,,,,,,,,,,,,,,,,,,,,,,,,,,,,,,,,,,,,FLAG: NEEDS_MANUAL_REVIEW (Low Confidence / Unmapped Taxonomy),,,,,,,,,
no source found,,,,,,,,,,,2837-20,"2837-20 Milw M18 5"" Sander - Orbital (Bare)",,,Milwaukee,Milwaukee Accessory (4031),Milwaukee Electric Tool Corp.,Milwaukee,,2837-20,,,"Milwaukee Electric Tool Corp. Milwaukee, Product, 2837-20",PRODUCT,Milwaukee 2837-20 Product,Milwaukee Product,Product,,,,,,,,,,,,,,,,,,,,,,,,,,,Product,,,,,,,,,,,,,,,,,,,,,,,,,,,,,,,,,,,,,,,,,,,,,,,,,,,,,,,,,,,,,,,,,,,,,,,,,,,,,,,,,,,,,,,,,,,,,,,,,,,,,,,,,,,,,,,,,,,,,,,,,,,,,,,,,,,,,,,,,,,,,,,,,,,,,,,,,,,,,,,,,,,,,,,,,,,,,,,,,,,,,,,,,,,,FLAG: NEEDS_MANUAL_REVIEW (Low Confidence / Unmapped Taxonomy),,,,,,,,,
no source found,,,,,,,,,,,577728,577728 Festool Cordless Sander - ETSC 2 150 I-Plus,,,,Festool USA (FESTO),Festool USA,Festool,,577728,,,"Festool USA Festool, Product, 577728",PRODUCT,Festool 577728 Product,Festool Product,Product,,,,,,,,,,,,,,,,,,,,,,,,,,,Product,,,,,,,,,,,,,,,,,,,,,,,,,,,,,,,,,,,,,,,,,,,,,,,,,,,,,,,,,,,,,,,,,,,,,,,,,,,,,,,,,,,,,,,,,,,,,,,,,,,,,,,,,,,,,,,,,,,,,,,,,,,,,,,,,,,,,,,,,,,,,,,,,,,,,,,,,,,,,,,,,,,,,,,,,,,,,,,,,,,,,,,,,,,,FLAG: NEEDS_MANUAL_REVIEW (Low Confidence / Unmapped Taxonomy),,,,,,,,,
no source found,,,,,,,,,,,577738,577738 Festool Cordless Sander - ETSC 2 125 I-Plus,,,,Festool USA (FESTO),Festool USA,Festool,,577738,,,"Festool USA Festool, Product, 577738",PRODUCT,Festool 577738 Product,Festool Product,Product,,,,,,,,,,,,,,,,,,,,,,,,,,,Product,,,,,,,,,,,,,,,,,,,,,,,,,,,,,,,,,,,,,,,,,,,,,,,,,,,,,,,,,,,,,,,,,,,,,,,,,,,,,,,,,,,,,,,,,,,,,,,,,,,,,,,,,,,,,,,,,,,,,,,,,,,,,,,,,,,,,,,,,,,,,,,,,,,,,,,,,,,,,,,,,,,,,,,,,,,,,,,,,,,,,,,,,,,,FLAG: NEEDS_MANUAL_REVIEW (Low Confidence / Unmapped Taxonomy),,,,,,,,,
no source found,,,,,,,,,,,KPTRS500A,"KPTRS500A Kreg 20V Ionic 5"" Random Orbit Sander",,,,Kreg Tool Company (KRETO),Kreg Tool Company,Kreg,,KPTRS500A,,,"Kreg Tool Company Kreg, Product, KPTRS500A",PRODUCT,Kreg KPTRS500A Product,Kreg Product,Product,,,,,,,,,,,,,,,,,,,,,,,,,,,Product,,,,,,,,,,,,,,,,,,,,,,,,,,,,,,,,,,,,,,,,,,,,,,,,,,,,,,,,,,,,,,,,,,,,,,,,,,,,,,,,,,,,,,,,,,,,,,,,,,,,,,,,,,,,,,,,,,,,,,,,,,,,,,,,,,,,,,,,,,,,,,,,,,,,,,,,,,,,,,,,,,,,,,,,,,,,,,,,,,,,,,,,,,,,FLAG: NEEDS_MANUAL_REVIEW (Low Confidence / Unmapped Taxonomy),,,,,,,,,
no source found,,,,,,,,,,,24-35M-320,"24-35M-320 Iridium Grip - 3.2"" x 5.2"" Grip",,,,Mirka Abrasives Inc (MIRUS),Mirka USA Inc.,Mirka,,24-35M-320,,,"Mirka USA Inc. Mirka, Product, 24-35M-320",PRODUCT,Mirka 24-35M-320 Product,Mirka Product,Product,,,,,,,,,,,,,,,,,,,,,,,,,,,Product,,,,,,,,,,,,,,,,,,,,,,,,,,,,,,,,,,,,,,,,,,,,,,,,,,,,,,,,,,,,,,,,,,,,,,,,,,,,,,,,,,,,,,,,,,,,,,,,,,,,,,,,,,,,,,,,,,,,,,,,,,,,,,,,,,,,,,,,,,,,,,,,,,,,,,,,,,,,,,,,,,,,,,,,,,,,,,,,,,,,,,,,,,,,FLAG: NEEDS_MANUAL_REVIEW (Low Confidence / Unmapped Taxonomy),,,,,,,,,
no source found,,,,,,,Hardware & Tools,Abrasives,Discs & Belts,,9A-129-120,9A-129-120 Abranet 3x4 - 50 Sheets/Box,,,,Mirka Abrasives Inc (MIRUS),Mirka USA Inc.,Mirka,,9A-129-120,,Hardware & Tools>Abrasives & Cutting Wheels>Sanding Discs & Belts,"Mirka USA Inc. Mirka, Abrasive Product, 9 A-129-120",SNDG BELT,Mirka 9 A-129-120 Abrasive Product,Mirka Abrasive Product,Abrasive Product,,,,,,,,,,,,,,,,,,,,,,,,,,,Abrasive Product,,,,,,,,,,,,,,,,,,,,,,,,,,,,,,,,,,,,,,,,,,,,,,,,,,,,,,,,,,,,,,,,,,,,,,,,,,,,,,,,,,,,,,,,,,,,,,,,,,,,,,,,,,,,,,,,,,,,,,,,,,,,,,,,,,,,,,,,,,,,,,,,,,,,,,,,,,,,,,,,,,,,,,,,,,,,,,,,,,,,,,,,,,,,,,,,,,,,,
no source found,,,,,,,,,,,578800,578800 Festool 80x133 M GR PRO/10,,,,Festool USA (FESTO),Festool USA,Festool,,578800,,,"Festool USA Festool, Product, 578800",PRODUCT,Festool 578800 Product,Festool Product,Product,,,,,,,,,,,,,,,,,,,,,,,,,,,Product,,,,,,,,,,,,,,,,,,,,,,,,,,,,,,,,,,,,,,,,,,,,,,,,,,,,,,,,,,,,,,,,,,,,,,,,,,,,,,,,,,,,,,,,,,,,,,,,,,,,,,,,,,,,,,,,,,,,,,,,,,,,,,,,,,,,,,,,,,,,,,,,,,,,,,,,,,,,,,,,,,,,,,,,,,,,,,,,,,,,,,,,,,,,FLAG: NEEDS_MANUAL_REVIEW (Low Confidence / Unmapped Taxonomy),,,,,,,,,
no source found,,,,,,,,,,,578801,578801 Festool 80x133 F GR PRO/10,,,,Festool USA (FESTO),Festool USA,Festool,,578801,,,"Festool USA Festool, Product, 578801",PRODUCT,Festool 578801 Product,Festool Product,Product,,,,,,,,,,,,,,,,,,,,,,,,,,,Product,,,,,,,,,,,,,,,,,,,,,,,,,,,,,,,,,,,,,,,,,,,,,,,,,,,,,,,,,,,,,,,,,,,,,,,,,,,,,,,,,,,,,,,,,,,,,,,,,,,,,,,,,,,,,,,,,,,,,,,,,,,,,,,,,,,,,,,,,,,,,,,,,,,,,,,,,,,,,,,,,,,,,,,,,,,,,,,,,,,,,,,,,,,,FLAG: NEEDS_MANUAL_REVIEW (Low Confidence / Unmapped Taxonomy),,,,,,,,,
no source found,,,,,,,,,,,578802,578802 Festool 80x133 S GR PRO/10,,,,Festool USA (FESTO),Festool USA,Festool,,578802,,,"Festool USA Festool, Product, 578802",PRODUCT,Festool 578802 Product,Festool Product,Product,,,,,,,,,,,,,,,,,,,,,,,,,,,Product,,,,,,,,,,,,,,,,,,,,,,,,,,,,,,,,,,,,,,,,,,,,,,,,,,,,,,,,,,,,,,,,,,,,,,,,,,,,,,,,,,,,,,,,,,,,,,,,,,,,,,,,,,,,,,,,,,,,,,,,,,,,,,,,,,,,,,,,,,,,,,,,,,,,,,,,,,,,,,,,,,,,,,,,,,,,,,,,,,,,,,,,,,,,FLAG: NEEDS_MANUAL_REVIEW (Low Confidence / Unmapped Taxonomy),,,,,,,,,
no source found,,,,,,,,,,,578808,578808 Festool 3x4 M GR PRO/10,,,,Festool USA (FESTO),Festool USA,Festool,,578808,,,"Festool USA Festool, Product, 578808",PRODUCT,Festool 578808 Product,Festool Product,Product,,,,,,,,,,,,,,,,,,,,,,,,,,,Product,,,,,,,,,,,,,,,,,,,,,,,,,,,,,,,,,,,,,,,,,,,,,,,,,,,,,,,,,,,,,,,,,,,,,,,,,,,,,,,,,,,,,,,,,,,,,,,,,,,,,,,,,,,,,,,,,,,,,,,,,,,,,,,,,,,,,,,,,,,,,,,,,,,,,,,,,,,,,,,,,,,,,,,,,,,,,,,,,,,,,,,,,,,,FLAG: NEEDS_MANUAL_REVIEW (Low Confidence / Unmapped Taxonomy),,,,,,,,,
no source found,,,,,,,,,,,578809,578809 Festool 3x4 F GR PRO/10,,,,Festool USA (FESTO),Festool USA,Festool,,578809,,,"Festool USA Festool, Product, 578809",PRODUCT,Festool 578809 Product,Festool Product,Product,,,,,,,,,,,,,,,,,,,,,,,,,,,Product,,,,,,,,,,,,,,,,,,,,,,,,,,,,,,,,,,,,,,,,,,,,,,,,,,,,,,,,,,,,,,,,,,,,,,,,,,,,,,,,,,,,,,,,,,,,,,,,,,,,,,,,,,,,,,,,,,,,,,,,,,,,,,,,,,,,,,,,,,,,,,,,,,,,,,,,,,,,,,,,,,,,,,,,,,,,,,,,,,,,,,,,,,,,FLAG: NEEDS_MANUAL_REVIEW (Low Confidence / Unmapped Taxonomy),,,,,,,,,
no source found,,,,,,,,,,,578810,578810 Festool 3x4 S GR PRO/10,,,,Festool USA (FESTO),Festool USA,Festool,,578810,,,"Festool USA Festool, Product, 578810",PRODUCT,Festool 578810 Product,Festool Product,Product,,,,,,,,,,,,,,,,,,,,,,,,,,,Product,,,,,,,,,,,,,,,,,,,,,,,,,,,,,,,,,,,,,,,,,,,,,,,,,,,,,,,,,,,,,,,,,,,,,,,,,,,,,,,,,,,,,,,,,,,,,,,,,,,,,,,,,,,,,,,,,,,,,,,,,,,,,,,,,,,,,,,,,,,,,,,,,,,,,,,,,,,,,,,,,,,,,,,,,,,,,,,,,,,,,,,,,,,,FLAG: NEEDS_MANUAL_REVIEW (Low Confidence / Unmapped Taxonomy),,,,,,,,,
no source found,,,,,,,,,,,578811,578811 Festool 3x4 GR PRO/10-Set,,,,Festool USA (FESTO),Festool USA,Festool,,578811,,,"Festool USA Festool, Product, 578811",PRODUCT,Festool 578811 Product,Festool Product,Product,,,,,,,,,,,,,,,,,,,,,,,,,,,Product,,,,,,,,,,,,,,,,,,,,,,,,,,,,,,,,,,,,,,,,,,,,,,,,,,,,,,,,,,,,,,,,,,,,,,,,,,,,,,,,,,,,,,,,,,,,,,,,,,,,,,,,,,,,,,,,,,,,,,,,,,,,,,,,,,,,,,,,,,,,,,,,,,,,,,,,,,,,,,,,,,,,,,,,,,,,,,,,,,,,,,,,,,,,FLAG: NEEDS_MANUAL_REVIEW (Low Confidence / Unmapped Taxonomy),,,,,,,,,
no source found,,,,,,,Hardware & Tools,Abrasives,Discs & Belts,,578192,578192 Festool D 150 GR SYS - Systainer Abrasive Set,,,,Festool USA (FESTO),Festool USA,Festool,,578192,,Hardware & Tools>Abrasives & Cutting Wheels>Sanding Discs & Belts,"Festool USA Festool, Abrasive Product, 578192",ABRASIVE,Festool 578192 Abrasive Product,Festool Abrasive Product,Abrasive Product,,,,,,,,,,,,,,,,,,,,,,,,,,,Abrasive Product,,,,,,,,,,,,,,,,,,,,,,,,,,,,,,,,,,,,,,,,,,,,,,,,,,,,,,,,,,,,,,,,,,,,,,,,,,,,,,,,,,,,,,,,,,,,,,,,,,,,,,,,,,,,,,,,,,,,,,,,,,,,,,,,,,,,,,,,,,,,,,,,,,,,,,,,,,,,,,,,,,,,,,,,,,,,,,,,,,,,,,,,,,,,,,,,,,,,,
no source found,,,,,,,,,,,578806,578806 Festool Delta S GR PRO/10,,,,Festool USA (FESTO),Festool USA,Festool,,578806,,,"Festool USA Festool, Product, 578806",PRODUCT,Festool 578806 Product,Festool Product,Product,,,,,,,,,,,,,,,,,,,,,,,,,,,Product,,,,,,,,,,,,,,,,,,,,,,,,,,,,,,,,,,,,,,,,,,,,,,,,,,,,,,,,,,,,,,,,,,,,,,,,,,,,,,,,,,,,,,,,,,,,,,,,,,,,,,,,,,,,,,,,,,,,,,,,,,,,,,,,,,,,,,,,,,,,,,,,,,,,,,,,,,,,,,,,,,,,,,,,,,,,,,,,,,,,,,,,,,,,FLAG: NEEDS_MANUAL_REVIEW (Low Confidence / Unmapped Taxonomy),,,,,,,,,
no source found,,,,,,,Hardware & Tools,Power Tools,Measuring & Layout,,D0860X,"D0860X Diablo 8-1/4"" 60 Tooth - Fine Finish Saw Blade",,,,Freud Inc (2435),"Freud America, Inc.",Diablo,,D0860X,,Hardware & Tools>Power Tools & Measuring>Levels & Rotary Tools,"Freud America, Inc. Diablo, Measuring Tool, D0860X",MEASURING,Diablo D0860X Measuring Tool,Diablo Measuring Tool,Measuring Tool,,,,,,,,,,,,,,,,,,,,,,,,,,,Measuring Tool,,,,,,,,,,,,,,,,,,,,,,,,,,,,,,,,,,,,,,,,,,,,,,,,,,,,,,,,,,,,,,,,,,,,,,,,,,,,,,,,,,,,,,,,,,,,,,,,,,,,,,,,,,,,,,,,,,,,,,,,,,,,,,,,,,,,,,,,,,,,,,,,,,,,,,,,,,,,,,,,,,,,,,,,,,,,,,,,,,,,,,,,,,,,,,,,,,,,,
no source found,,,,,,,Hardware & Tools,Power Tools,Measuring & Layout,,48-40-0740,48-40-0740 Milw 7-1/4in. 24T - Framing Circ Saw Blade,,,Milwaukee,Milwaukee Accessory (4031),Milwaukee Electric Tool Corp.,Milwaukee,,48-40-0740,,Hardware & Tools>Power Tools & Measuring>Levels & Rotary Tools,"Milwaukee Electric Tool Corp. Milwaukee, Measuring Tool, 48-40-0740",MEASURING,Milwaukee 48-40-0740 Measuring Tool,Milwaukee Measuring Tool,Measuring Tool,,,,,,,,,,,,,,,,,,,,,,,,,,,Measuring Tool,,,,,,,,,,,,,,,,,,,,,,,,,,,,,,,,,,,,,,,,,,,,,,,,,,,,,,,,,,,,,,,,,,,,,,,,,,,,,,,,,,,,,,,,,,,,,,,,,,,,,,,,,,,,,,,,,,,,,,,,,,,,,,,,,,,,,,,,,,,,,,,,,,,,,,,,,,,,,,,,,,,,,,,,,,,,,,,,,,,,,,,,,,,,,,,,,,,,,
no source found,,,,,,,,,,,48-41-0740,48-41-0740 Milw7-1/4 24TFrming - Blade,,,,Milwaukee Accessory (4031),Milwaukee Electric Tool Corp.,Milwaukee,,48-41-0740,,,"Milwaukee Electric Tool Corp. Milwaukee, Product, 48-41-0740",PRODUCT,Milwaukee 48-41-0740 Product,Milwaukee Product,Product,,,,,,,,,,,,,,,,,,,,,,,,,,,Product,,,,,,,,,,,,,,,,,,,,,,,,,,,,,,,,,,,,,,,,,,,,,,,,,,,,,,,,,,,,,,,,,,,,,,,,,,,,,,,,,,,,,,,,,,,,,,,,,,,,,,,,,,,,,,,,,,,,,,,,,,,,,,,,,,,,,,,,,,,,,,,,,,,,,,,,,,,,,,,,,,,,,,,,,,,,,,,,,,,,,,,,,,,,FLAG: NEEDS_MANUAL_REVIEW (Low Confidence / Unmapped Taxonomy),,,,,,,,,
no source found,,,,,,,Hardware & Tools,Power Tools,Measuring & Layout,,A-96095,"A-96095 Makita 5-7/8"" 32T Saw Blade",,,,Makita Usa Inc (5142),"Makita U.S.A., Inc.",Makita,,A-96095,,Hardware & Tools>Power Tools & Measuring>Levels & Rotary Tools,"Makita U.S.A., Inc. Makita, Measuring Tool, A-96095",MEASURING,Makita A-96095 Measuring Tool,Makita Measuring Tool,Measuring Tool,,,,,,,,,,,,,,,,,,,,,,,,,,,Measuring Tool,,,,,,,,,,,,,,,,,,,,,,,,,,,,,,,,,,,,,,,,,,,,,,,,,,,,,,,,,,,,,,,,,,,,,,,,,,,,,,,,,,,,,,,,,,,,,,,,,,,,,,,,,,,,,,,,,,,,,,,,,,,,,,,,,,,,,,,,,,,,,,,,,,,,,,,,,,,,,,,,,,,,,,,,,,,,,,,,,,,,,,,,,,,,,,,,,,,,,
no source found,,,,,,,Hardware & Tools,Power Tools,Measuring & Layout,,D0760UX,"D0760UX Diablo 7-1/4"" 60T Circ - Saw Blade",,,Diablo,Freud Inc (2435),"Freud America, Inc.",Diablo,,D0760UX,,Hardware & Tools>Power Tools & Measuring>Levels & Rotary Tools,"Freud America, Inc. Diablo, Measuring Tool, D0760UX",MEASURING,Diablo D0760UX Measuring Tool,Diablo Measuring Tool,Measuring Tool,,,,,,,,,,,,,,,,,,,,,,,,,,,Measuring Tool,,,,,,,,,,,,,,,,,,,,,,,,,,,,,,,,,,,,,,,,,,,,,,,,,,,,,,,,,,,,,,,,,,,,,,,,,,,,,,,,,,,,,,,,,,,,,,,,,,,,,,,,,,,,,,,,,,,,,,,,,,,,,,,,,,,,,,,,,,,,,,,,,,,,,,,,,,,,,,,,,,,,,,,,,,,,,,,,,,,,,,,,,,,,,,,,,,,,,
no source found,,,,,,,,,,,230.312.08,230.312.08 CMT Locked Dado Pro Set,,,,CMT USA Inc (CMTUS),"CMT USA, Inc. (CMT Orange Tools)",CMT,,230.312.08,,,"CMT USA, Inc. (CMT Orange Tools) CMT, Product, 230.312.08",PRODUCT,CMT 230.312.08 Product,CMT Product,Product,,,,,,,,,,,,,,,,,,,,,,,,,,,Product,,,,,,,,,,,,,,,,,,,,,,,,,,,,,,,,,,,,,,,,,,,,,,,,,,,,,,,,,,,,,,,,,,,,,,,,,,,,,,,,,,,,,,,,,,,,,,,,,,,,,,,,,,,,,,,,,,,,,,,,,,,,,,,,,,,,,,,,,,,,,,,,,,,,,,,,,,,,,,,,,,,,,,,,,,,,,,,,,,,,,,,,,,,,FLAG: NEEDS_MANUAL_REVIEW (Low Confidence / Unmapped Taxonomy),,,,,,,,,
no source found,,,,,,,Hardware & Tools,Power Tools,Measuring & Layout,,D0708LF,"D0708LF Saw Blade 7-1/4""x8 - Laminate & Wood Flooring",,,,Freud Inc (2435),"Freud America, Inc.",Diablo,,D0708LF,,Hardware & Tools>Power Tools & Measuring>Levels & Rotary Tools,"Freud America, Inc. Diablo, Measuring Tool, D0708LF",MEASURING,Diablo D0708LF Measuring Tool,Diablo Measuring Tool,Measuring Tool,,,,,,,,,,,,,,,,,,,,,,,,,,,Measuring Tool,,,,,,,,,,,,,,,,,,,,,,,,,,,,,,,,,,,,,,,,,,,,,,,,,,,,,,,,,,,,,,,,,,,,,,,,,,,,,,,,,,,,,,,,,,,,,,,,,,,,,,,,,,,,,,,,,,,,,,,,,,,,,,,,,,,,,,,,,,,,,,,,,,,,,,,,,,,,,,,,,,,,,,,,,,,,,,,,,,,,,,,,,,,,,,,,,,,,,
no source found,,,,,,,Hardware & Tools,Power Tools,Measuring & Layout,,D1012LF,"D1012LF Saw Blade 10""x12Teeth - Laminate & Wood Flooring",,,,Freud Inc (2435),"Freud America, Inc.",Diablo,,D1012LF,,Hardware & Tools>Power Tools & Measuring>Levels & Rotary Tools,"Freud America, Inc. Diablo, Measuring Tool, D1012LF",MEASURING,Diablo D1012LF Measuring Tool,Diablo Measuring Tool,Measuring Tool,,,,,,,,,,,,,,,,,,,,,,,,,,,Measuring Tool,,,,,,,,,,,,,,,,,,,,,,,,,,,,,,,,,,,,,,,,,,,,,,,,,,,,,,,,,,,,,,,,,,,,,,,,,,,,,,,,,,,,,,,,,,,,,,,,,,,,,,,,,,,,,,,,,,,,,,,,,,,,,,,,,,,,,,,,,,,,,,,,,,,,,,,,,,,,,,,,,,,,,,,,,,,,,,,,,,,,,,,,,,,,,,,,,,,,,
no source found,,,,,,,Hardware & Tools,Power Tools,Measuring & Layout,,D1216LF,"D1216LF Saw Blade 12""x16Teeth - Laminate & Wood Flooring",,,,Freud Inc (2435),"Freud America, Inc.",Diablo,,D1216LF,,Hardware & Tools>Power Tools & Measuring>Levels & Rotary Tools,"Freud America, Inc. Diablo, Measuring Tool, D1216LF",MEASURING,Diablo D1216LF Measuring Tool,Diablo Measuring Tool,Measuring Tool,,,,,,,,,,,,,,,,,,,,,,,,,,,Measuring Tool,,,,,,,,,,,,,,,,,,,,,,,,,,,,,,,,,,,,,,,,,,,,,,,,,,,,,,,,,,,,,,,,,,,,,,,,,,,,,,,,,,,,,,,,,,,,,,,,,,,,,,,,,,,,,,,,,,,,,,,,,,,,,,,,,,,,,,,,,,,,,,,,,,,,,,,,,,,,,,,,,,,,,,,,,,,,,,,,,,,,,,,,,,,,,,,,,,,,,
no source found,,,,,,,,,,,DWA47421,"DWA47421 Dewalt 14"" Segmented - Rim Diamond Blade",,,DEWALT,Black & Decker/dewlt (2585),Stanley Black & Decker,DEWALT,,DWA47421,,,"Stanley Black & Decker DEWALT, Product, DWA47421",PRODUCT,DEWALT DWA47421 Product,DEWALT Product,Product,,,,,,,,,,,,,,,,,,,,,,,,,,,Product,,,,,,,,,,,,,,,,,,,,,,,,,,,,,,,,,,,,,,,,,,,,,,,,,,,,,,,,,,,,,,,,,,,,,,,,,,,,,,,,,,,,,,,,,,,,,,,,,,,,,,,,,,,,,,,,,,,,,,,,,,,,,,,,,,,,,,,,,,,,,,,,,,,,,,,,,,,,,,,,,,,,,,,,,,,,,,,,,,,,,,,,,,,,FLAG: NEEDS_MANUAL_REVIEW (Low Confidence / Unmapped Taxonomy),,,,,,,,,
no source found,,,,,,,,,,,DWA4769,"DWA4769 Dewalt Rim Glass Tile - Blade 10""",,,,Black & Decker/dewlt (2585),Stanley Black & Decker,DEWALT,,DWA4769,,,"Stanley Black & Decker DEWALT, Product, DWA4769",PRODUCT,DEWALT DWA4769 Product,DEWALT Product,Product,,,,,,,,,,,,,,,,,,,,,,,,,,,Product,,,,,,,,,,,,,,,,,,,,,,,,,,,,,,,,,,,,,,,,,,,,,,,,,,,,,,,,,,,,,,,,,,,,,,,,,,,,,,,,,,,,,,,,,,,,,,,,,,,,,,,,,,,,,,,,,,,,,,,,,,,,,,,,,,,,,,,,,,,,,,,,,,,,,,,,,,,,,,,,,,,,,,,,,,,,,,,,,,,,,,,,,,,,FLAG: NEEDS_MANUAL_REVIEW (Low Confidence / Unmapped Taxonomy),,,,,,,,,
no source found,,,,,,,,,,,49-93-9204,"49-93-9204 Milw 4-1/2"" Diamond - Tile Blade",,,,Milwaukee Accessory (4031),Milwaukee Electric Tool Corp.,Milwaukee,,49-93-9204,,,"Milwaukee Electric Tool Corp. Milwaukee, Product, 49-93-9204",PRODUCT,Milwaukee 49-93-9204 Product,Milwaukee Product,Product,,,,,,,,,,,,,,,,,,,,,,,,,,,Product,,,,,,,,,,,,,,,,,,,,,,,,,,,,,,,,,,,,,,,,,,,,,,,,,,,,,,,,,,,,,,,,,,,,,,,,,,,,,,,,,,,,,,,,,,,,,,,,,,,,,,,,,,,,,,,,,,,,,,,,,,,,,,,,,,,,,,,,,,,,,,,,,,,,,,,,,,,,,,,,,,,,,,,,,,,,,,,,,,,,,,,,,,,,FLAG: NEEDS_MANUAL_REVIEW (Low Confidence / Unmapped Taxonomy),,,,,,,,,
no source found,,,,,,,,,,,49-93-9207,"49-93-9207 Milw 7"" Diamond - Tile Blade",,,,Milwaukee Accessory (4031),Milwaukee Electric Tool Corp.,Milwaukee,,49-93-9207,,,"Milwaukee Electric Tool Corp. Milwaukee, Product, 49-93-9207",PRODUCT,Milwaukee 49-93-9207 Product,Milwaukee Product,Product,,,,,,,,,,,,,,,,,,,,,,,,,,,Product,,,,,,,,,,,,,,,,,,,,,,,,,,,,,,,,,,,,,,,,,,,,,,,,,,,,,,,,,,,,,,,,,,,,,,,,,,,,,,,,,,,,,,,,,,,,,,,,,,,,,,,,,,,,,,,,,,,,,,,,,,,,,,,,,,,,,,,,,,,,,,,,,,,,,,,,,,,,,,,,,,,,,,,,,,,,,,,,,,,,,,,,,,,,FLAG: NEEDS_MANUAL_REVIEW (Low Confidence / Unmapped Taxonomy),,,,,,,,,
no source found,,,,,,,,,,,49-93-9210,"49-93-9210 Milw 10"" Diamond - Tile Blade",,,,Milwaukee Accessory (4031),Milwaukee Electric Tool Corp.,Milwaukee,,49-93-9210,,,"Milwaukee Electric Tool Corp. Milwaukee, Product, 49-93-9210",PRODUCT,Milwaukee 49-93-9210 Product,Milwaukee Product,Product,,,,,,,,,,,,,,,,,,,,,,,,,,,Product,,,,,,,,,,,,,,,,,,,,,,,,,,,,,,,,,,,,,,,,,,,,,,,,,,,,,,,,,,,,,,,,,,,,,,,,,,,,,,,,,,,,,,,,,,,,,,,,,,,,,,,,,,,,,,,,,,,,,,,,,,,,,,,,,,,,,,,,,,,,,,,,,,,,,,,,,,,,,,,,,,,,,,,,,,,,,,,,,,,,,,,,,,,,FLAG: NEEDS_MANUAL_REVIEW (Low Confidence / Unmapped Taxonomy),,,,,,,,,
no source found,,,,,,,,,,,49-93-9202,"49-93-9202 Milw 4"" Diamond - Tile Blade",,,,Milwaukee Accessory (4031),Milwaukee Electric Tool Corp.,Milwaukee,,49-93-9202,,,"Milwaukee Electric Tool Corp. Milwaukee, Product, 49-93-9202",PRODUCT,Milwaukee 49-93-9202 Product,Milwaukee Product,Product,,,,,,,,,,,,,,,,,,,,,,,,,,,Product,,,,,,,,,,,,,,,,,,,,,,,,,,,,,,,,,,,,,,,,,,,,,,,,,,,,,,,,,,,,,,,,,,,,,,,,,,,,,,,,,,,,,,,,,,,,,,,,,,,,,,,,,,,,,,,,,,,,,,,,,,,,,,,,,,,,,,,,,,,,,,,,,,,,,,,,,,,,,,,,,,,,,,,,,,,,,,,,,,,,,,,,,,,,FLAG: NEEDS_MANUAL_REVIEW (Low Confidence / Unmapped Taxonomy),,,,,,,,,
no source found,,,,,,,,,,,49-93-9205,"49-93-9205 Milw 5"" Diamond - Tile Blade",,,,Milwaukee Accessory (4031),Milwaukee Electric Tool Corp.,Milwaukee,,49-93-9205,,,"Milwaukee Electric Tool Corp. Milwaukee, Product, 49-93-9205",PRODUCT,Milwaukee 49-93-9205 Product,Milwaukee Product,Product,,,,,,,,,,,,,,,,,,,,,,,,,,,Product,,,,,,,,,,,,,,,,,,,,,,,,,,,,,,,,,,,,,,,,,,,,,,,,,,,,,,,,,,,,,,,,,,,,,,,,,,,,,,,,,,,,,,,,,,,,,,,,,,,,,,,,,,,,,,,,,,,,,,,,,,,,,,,,,,,,,,,,,,,,,,,,,,,,,,,,,,,,,,,,,,,,,,,,,,,,,,,,,,,,,,,,,,,,FLAG: NEEDS_MANUAL_REVIEW (Low Confidence / Unmapped Taxonomy),,,,,,,,,
no source found,,,,,,,,,,,49-22-4702,49-22-4702 Milw 13pc Quik-Lock Hole Dozer Kit,,,,Milwaukee Accessory (4031),Milwaukee Electric Tool Corp.,Milwaukee,,49-22-4702,,,"Milwaukee Electric Tool Corp. Milwaukee, Product, 49-22-4702",PRODUCT,Milwaukee 49-22-4702 Product,Milwaukee Product,Product,,,,,,,,,,,,,,,,,,,,,,,,,,,Product,,,,,,,,,,,,,,,,,,,,,,,,,,,,,,,,,,,,,,,,,,,,,,,,,,,,,,,,,,,,,,,,,,,,,,,,,,,,,,,,,,,,,,,,,,,,,,,,,,,,,,,,,,,,,,,,,,,,,,,,,,,,,,,,,,,,,,,,,,,,,,,,,,,,,,,,,,,,,,,,,,,,,,,,,,,,,,,,,,,,,,,,,,,,FLAG: NEEDS_MANUAL_REVIEW (Low Confidence / Unmapped Taxonomy),,,,,,,,,
no source found,,,,,,,Hardware & Tools,Power Tools,Measuring & Layout,,DJT155HHM,"DJT155HHM Diablo 3-3/5"" 10 TPI - Jig Saw Blade",,,,Freud Inc (2435),"Freud America, Inc.",Diablo,,DJT155HHM,,Hardware & Tools>Power Tools & Measuring>Levels & Rotary Tools,"Freud America, Inc. Diablo, Measuring Tool, DJT155HHM",MEASURING,Diablo DJT155HHM Measuring Tool,Diablo Measuring Tool,Measuring Tool,,,,,,,,,,,,,,,,,,,,,,,,,,,Measuring Tool,,,,,,,,,,,,,,,,,,,,,,,,,,,,,,,,,,,,,,,,,,,,,,,,,,,,,,,,,,,,,,,,,,,,,,,,,,,,,,,,,,,,,,,,,,,,,,,,,,,,,,,,,,,,,,,,,,,,,,,,,,,,,,,,,,,,,,,,,,,,,,,,,,,,,,,,,,,,,,,,,,,,,,,,,,,,,,,,,,,,,,,,,,,,,,,,,,,,,
no source found,,,,,,,,,,,790.82,790.820 CMT Planer Blade 2pc,,,,CMT USA Inc (CMTUS),"CMT USA, Inc. (CMT Orange Tools)",CMT,,790.82,,,"CMT USA, Inc. (CMT Orange Tools) CMT, Product, 790.82",PRODUCT,CMT 790.82 Product,CMT Product,Product,,,,,,,,,,,,,,,,,,,,,,,,,,,Product,,,,,,,,,,,,,,,,,,,,,,,,,,,,,,,,,,,,,,,,,,,,,,,,,,,,,,,,,,,,,,,,,,,,,,,,,,,,,,,,,,,,,,,,,,,,,,,,,,,,,,,,,,,,,,,,,,,,,,,,,,,,,,,,,,,,,,,,,,,,,,,,,,,,,,,,,,,,,,,,,,,,,,,,,,,,,,,,,,,,,,,,,,,,FLAG: NEEDS_MANUAL_REVIEW (Low Confidence / Unmapped Taxonomy),,,,,,,,,
no source found,,,,,,,,,,,794.321,794.321 HS Planer Knives 3pc,,,,CMT USA Inc (CMTUS),"CMT USA, Inc. (CMT Orange Tools)",CMT,,794.321,,,"CMT USA, Inc. (CMT Orange Tools) CMT, Product, 794.321",PRODUCT,CMT 794.321 Product,CMT Product,Product,,,,,,,,,,,,,,,,,,,,,,,,,,,Product,,,,,,,,,,,,,,,,,,,,,,,,,,,,,,,,,,,,,,,,,,,,,,,,,,,,,,,,,,,,,,,,,,,,,,,,,,,,,,,,,,,,,,,,,,,,,,,,,,,,,,,,,,,,,,,,,,,,,,,,,,,,,,,,,,,,,,,,,,,,,,,,,,,,,,,,,,,,,,,,,,,,,,,,,,,,,,,,,,,,,,,,,,,,FLAG: NEEDS_MANUAL_REVIEW (Low Confidence / Unmapped Taxonomy),,,,,,,,,
no source found,,,,,,,,,,,49-22-5641,49-22-5641 Milw Packout 15pc - Sawzall Blade Kit,,,,Milwaukee Accessory (4031),Milwaukee Electric Tool Corp.,Milwaukee,,49-22-5641,,,"Milwaukee Electric Tool Corp. Milwaukee, Product, 49-22-5641",PRODUCT,Milwaukee 49-22-5641 Product,Milwaukee Product,Product,,,,,,,,,,,,,,,,,,,,,,,,,,,Product,,,,,,,,,,,,,,,,,,,,,,,,,,,,,,,,,,,,,,,,,,,,,,,,,,,,,,,,,,,,,,,,,,,,,,,,,,,,,,,,,,,,,,,,,,,,,,,,,,,,,,,,,,,,,,,,,,,,,,,,,,,,,,,,,,,,,,,,,,,,,,,,,,,,,,,,,,,,,,,,,,,,,,,,,,,,,,,,,,,,,,,,,,,,FLAG: NEEDS_MANUAL_REVIEW (Low Confidence / Unmapped Taxonomy),,,,,,,,,
no source found,,,,,,,Hardware & Tools,Power Tools,Measuring & Layout,,D0604TSH,"D0604TSH Diablo 6-1/2"" 4-Tooth - Cement Track Saw Blade",,,,Freud Inc (2435),"Freud America, Inc.",Diablo,,D0604TSH,,Hardware & Tools>Power Tools & Measuring>Levels & Rotary Tools,"Freud America, Inc. Diablo, Measuring Tool, D0604TSH",MEASURING,Diablo D0604TSH Measuring Tool,Diablo Measuring Tool,Measuring Tool,,,,,,,,,,,,,,,,,,,,,,,,,,,Measuring Tool,,,,,,,,,,,,,,,,,,,,,,,,,,,,,,,,,,,,,,,,,,,,,,,,,,,,,,,,,,,,,,,,,,,,,,,,,,,,,,,,,,,,,,,,,,,,,,,,,,,,,,,,,,,,,,,,,,,,,,,,,,,,,,,,,,,,,,,,,,,,,,,,,,,,,,,,,,,,,,,,,,,,,,,,,,,,,,,,,,,,,,,,,,,,,,,,,,,,,
no source found,,,,,,,Hardware & Tools,Power Tools,Measuring & Layout,,D0620TSR,"D0620TSR Diablo 6-1/2""20 Tooth - Framing Saw Blade",,,,Freud Inc (2435),"Freud America, Inc.",Diablo,,D0620TSR,,Hardware & Tools>Power Tools & Measuring>Levels & Rotary Tools,"Freud America, Inc. Diablo, Measuring Tool, D0620TSR",MEASURING,Diablo D0620TSR Measuring Tool,Diablo Measuring Tool,Measuring Tool,,,,,,,,,,,,,,,,,,,,,,,,,,,Measuring Tool,,,,,,,,,,,,,,,,,,,,,,,,,,,,,,,,,,,,,,,,,,,,,,,,,,,,,,,,,,,,,,,,,,,,,,,,,,,,,,,,,,,,,,,,,,,,,,,,,,,,,,,,,,,,,,,,,,,,,,,,,,,,,,,,,,,,,,,,,,,,,,,,,,,,,,,,,,,,,,,,,,,,,,,,,,,,,,,,,,,,,,,,,,,,,,,,,,,,,
no source found,,,,,,,Hardware & Tools,Power Tools,Measuring & Layout,,D0648TSF,"D0648TSF Diablo 6-1/2""48 Tooth - Plywood Track Saw Blade",,,,Freud Inc (2435),"Freud America, Inc.",Diablo,,D0648TSF,,Hardware & Tools>Power Tools & Measuring>Levels & Rotary Tools,"Freud America, Inc. Diablo, Measuring Tool, D0648TSF",MEASURING,Diablo D0648TSF Measuring Tool,Diablo Measuring Tool,Measuring Tool,,,,,,,,,,,,,,,,,,,,,,,,,,,Measuring Tool,,,,,,,,,,,,,,,,,,,,,,,,,,,,,,,,,,,,,,,,,,,,,,,,,,,,,,,,,,,,,,,,,,,,,,,,,,,,,,,,,,,,,,,,,,,,,,,,,,,,,,,,,,,,,,,,,,,,,,,,,,,,,,,,,,,,,,,,,,,,,,,,,,,,,,,,,,,,,,,,,,,,,,,,,,,,,,,,,,,,,,,,,,,,,,,,,,,,,
no source found,,,,,,,Hardware & Tools,Power Tools,Measuring & Layout,,D0652TSL,"D0652TSL Diablo 6-1/2""52 Tooth - Laminate Track Saw Blade",,,,Freud Inc (2435),"Freud America, Inc.",Diablo,,D0652TSL,,Hardware & Tools>Power Tools & Measuring>Levels & Rotary Tools,"Freud America, Inc. Diablo, Measuring Tool, D0652TSL",MEASURING,Diablo D0652TSL Measuring Tool,Diablo Measuring Tool,Measuring Tool,,,,,,,,,,,,,,,,,,,,,,,,,,,Measuring Tool,,,,,,,,,,,,,,,,,,,,,,,,,,,,,,,,,,,,,,,,,,,,,,,,,,,,,,,,,,,,,,,,,,,,,,,,,,,,,,,,,,,,,,,,,,,,,,,,,,,,,,,,,,,,,,,,,,,,,,,,,,,,,,,,,,,,,,,,,,,,,,,,,,,,,,,,,,,,,,,,,,,,,,,,,,,,,,,,,,,,,,,,,,,,,,,,,,,,,
no source found,,,,,,,,,,,JT1-549,"JT1-549 JWBS18SFX 18"" Bandsaw - 1.75HP 1PH 115V",,,,JPW Industries (JPWIN),JPW Industries,JET,,JT1-549,,,"JPW Industries JET, Product, JT1-549",PRODUCT,JET JT1-549 Product,JET Product,Product,,,,,,,,,,,,,,,,,,,,,,,,,,,Product,,,,,,,,,,,,,,,,,,,,,,,,,,,,,,,,,,,,,,,,,,,,,,,,,,,,,,,,,,,,,,,,,,,,,,,,,,,,,,,,,,,,,,,,,,,,,,,,,,,,,,,,,,,,,,,,,,,,,,,,,,,,,,,,,,,,,,,,,,,,,,,,,,,,,,,,,,,,,,,,,,,,,,,,,,,,,,,,,,,,,,,,,,,,FLAG: NEEDS_MANUAL_REVIEW (Low Confidence / Unmapped Taxonomy),,,,,,,,,
no source found,,,,,,,,,,,JT1-1371,"JWBS14-SFX-BLK Jet 14"" Bandsaw - JT1-1371",,,,JPW Industries (JPWIN),JPW Industries,JET,,JT1-1371,,,"JPW Industries JET, Product, JT1-1371",PRODUCT,JET JT1-1371 Product,JET Product,Product,,,,,,,,,,,,,,,,,,,,,,,,,,,Product,,,,,,,,,,,,,,,,,,,,,,,,,,,,,,,,,,,,,,,,,,,,,,,,,,,,,,,,,,,,,,,,,,,,,,,,,,,,,,,,,,,,,,,,,,,,,,,,,,,,,,,,,,,,,,,,,,,,,,,,,,,,,,,,,,,,,,,,,,,,,,,,,,,,,,,,,,,,,,,,,,,,,,,,,,,,,,,,,,,,,,,,,,,,FLAG: NEEDS_MANUAL_REVIEW (Low Confidence / Unmapped Taxonomy),,,,,,,,,
no source found,,,,,,,,,,,JT9-714400K,"JWBS-14SFX 14"" Bandsaw JTP-714400K",,,,JPW Industries (JPWIN),JPW Industries,JET,,JT9-714400K,,,"JPW Industries JET, Product, JT9-714400K",PRODUCT,JET JT9-714400K Product,JET Product,Product,,,,,,,,,,,,,,,,,,,,,,,,,,,Product,,,,,,,,,,,,,,,,,,,,,,,,,,,,,,,,,,,,,,,,,,,,,,,,,,,,,,,,,,,,,,,,,,,,,,,,,,,,,,,,,,,,,,,,,,,,,,,,,,,,,,,,,,,,,,,,,,,,,,,,,,,,,,,,,,,,,,,,,,,,,,,,,,,,,,,,,,,,,,,,,,,,,,,,,,,,,,,,,,,,,,,,,,,,FLAG: NEEDS_MANUAL_REVIEW (Low Confidence / Unmapped Taxonomy),,,,,,,,,
no source found,,,,,,,,,,,2834-21HD,"2834-21HD Milw M18 7-1/4"" Circ - Saw Kit",,,Milwaukee,Milwaukee Accessory (4031),Milwaukee Electric Tool Corp.,Milwaukee,,2834-21HD,,,"Milwaukee Electric Tool Corp. Milwaukee, Product, 2834-21HD",PRODUCT,Milwaukee 2834-21HD Product,Milwaukee Product,Product,,,,,,,,,,,,,,,,,,,,,,,,,,,Product,,,,,,,,,,,,,,,,,,,,,,,,,,,,,,,,,,,,,,,,,,,,,,,,,,,,,,,,,,,,,,,,,,,,,,,,,,,,,,,,,,,,,,,,,,,,,,,,,,,,,,,,,,,,,,,,,,,,,,,,,,,,,,,,,,,,,,,,,,,,,,,,,,,,,,,,,,,,,,,,,,,,,,,,,,,,,,,,,,,,,,,,,,,,FLAG: NEEDS_MANUAL_REVIEW (Low Confidence / Unmapped Taxonomy),,,,,,,,,
no source found,,,,,,,,,,,DCS383B,"DCS383B Dewalt 20V 7-1/4"" - Metal Cutting Circ Saw",,,,Black & Decker/dewlt (2585),Stanley Black & Decker,DEWALT,,DCS383B,,,"Stanley Black & Decker DEWALT, Product, DCS383B",CUT DISC,DEWALT DCS383B Product,DEWALT Product,Product,,,,,,,,,,,,,,,,,,,,,,,,,,,Product,,,,,,,,,,,,,,,,,,,,,,,,,,,,,,,,,,,,,,,,,,,,,,,,,,,,,,,,,,,,,,,,,,,,,,,,,,,,,,,,,,,,,,,,,,,,,,,,,,,,,,,,,,,,,,,,,,,,,,,,,,,,,,,,,,,,,,,,,,,,,,,,,,,,,,,,,,,,,,,,,,,,,,,,,,,,,,,,,,,,,,,,,,,,FLAG: NEEDS_MANUAL_REVIEW (Low Confidence / Unmapped Taxonomy),,,,,,,,,
no source found,,,,,,,Hardware & Tools,Power Tools,Measuring & Layout,,DCS590B,"DCS590B Dewalt 20V Cordless - 7-1/4"" Circular Saw (Bare)",,,DEWALT,Black & Decker/dewlt (2585),Stanley Black & Decker,DEWALT,,DCS590B,,Hardware & Tools>Power Tools & Measuring>Levels & Rotary Tools,"Stanley Black & Decker DEWALT, Measuring Tool, DCS590B",MEASURING,DEWALT DCS590B Measuring Tool,DEWALT Measuring Tool,Measuring Tool,,,,,,,,,,,,,,,,,,,,,,,,,,,Measuring Tool,,,,,,,,,,,,,,,,,,,,,,,,,,,,,,,,,,,,,,,,,,,,,,,,,,,,,,,,,,,,,,,,,,,,,,,,,,,,,,,,,,,,,,,,,,,,,,,,,,,,,,,,,,,,,,,,,,,,,,,,,,,,,,,,,,,,,,,,,,,,,,,,,,,,,,,,,,,,,,,,,,,,,,,,,,,,,,,,,,,,,,,,,,,,,,,,,,,,,
no source found,,,,,,,,,,,KPTCS725A,"KPTCS725A Kreg 20V Ionic 7-1/4"" Circ Saw",,,,Kreg Tool Company (KRETO),Kreg Tool Company,Kreg,,KPTCS725A,,,"Kreg Tool Company Kreg, Product, KPTCS725A",PRODUCT,Kreg KPTCS725A Product,Kreg Product,Product,,,,,,,,,,,,,,,,,,,,,,,,,,,Product,,,,,,,,,,,,,,,,,,,,,,,,,,,,,,,,,,,,,,,,,,,,,,,,,,,,,,,,,,,,,,,,,,,,,,,,,,,,,,,,,,,,,,,,,,,,,,,,,,,,,,,,,,,,,,,,,,,,,,,,,,,,,,,,,,,,,,,,,,,,,,,,,,,,,,,,,,,,,,,,,,,,,,,,,,,,,,,,,,,,,,,,,,,,FLAG: NEEDS_MANUAL_REVIEW (Low Confidence / Unmapped Taxonomy),,,,,,,,,
no source found,,,,,,,,,,,KPTCS450A,"KPTCS450A Kreg 20V Ionic 4-1/2"" Circ Saw",,,,Kreg Tool Company (KRETO),Kreg Tool Company,Kreg,,KPTCS450A,,,"Kreg Tool Company Kreg, Product, KPTCS450A",PRODUCT,Kreg KPTCS450A Product,Kreg Product,Product,,,,,,,,,,,,,,,,,,,,,,,,,,,Product,,,,,,,,,,,,,,,,,,,,,,,,,,,,,,,,,,,,,,,,,,,,,,,,,,,,,,,,,,,,,,,,,,,,,,,,,,,,,,,,,,,,,,,,,,,,,,,,,,,,,,,,,,,,,,,,,,,,,,,,,,,,,,,,,,,,,,,,,,,,,,,,,,,,,,,,,,,,,,,,,,,,,,,,,,,,,,,,,,,,,,,,,,,,FLAG: NEEDS_MANUAL_REVIEW (Low Confidence / Unmapped Taxonomy),,,,,,,,,
no source found,,,,,,,,,,,2545-20,2545-20 Milw M12 Jig Saw,,,Milwaukee,Milwaukee Accessory (4031),Milwaukee Electric Tool Corp.,Milwaukee,,2545-20,,,"Milwaukee Electric Tool Corp. Milwaukee, Product, 2545-20",PRODUCT,Milwaukee 2545-20 Product,Milwaukee Product,Product,,,,,,,,,,,,,,,,,,,,,,,,,,,Product,,,,,,,,,,,,,,,,,,,,,,,,,,,,,,,,,,,,,,,,,,,,,,,,,,,,,,,,,,,,,,,,,,,,,,,,,,,,,,,,,,,,,,,,,,,,,,,,,,,,,,,,,,,,,,,,,,,,,,,,,,,,,,,,,,,,,,,,,,,,,,,,,,,,,,,,,,,,,,,,,,,,,,,,,,,,,,,,,,,,,,,,,,,,FLAG: NEEDS_MANUAL_REVIEW (Low Confidence / Unmapped Taxonomy),,,,,,,,,
no source found,,,,,,,,,,,KPTJS100A,KPTJS100A Kreg 20V Ionic Barrel Grip Jigsaw,,,,Kreg Tool Company (KRETO),Kreg Tool Company,Kreg,,KPTJS100A,,,"Kreg Tool Company Kreg, Product, KPTJS100A",PRODUCT,Kreg KPTJS100A Product,Kreg Product,Product,,,,,,,,,,,,,,,,,,,,,,,,,,,Product,,,,,,,,,,,,,,,,,,,,,,,,,,,,,,,,,,,,,,,,,,,,,,,,,,,,,,,,,,,,,,,,,,,,,,,,,,,,,,,,,,,,,,,,,,,,,,,,,,,,,,,,,,,,,,,,,,,,,,,,,,,,,,,,,,,,,,,,,,,,,,,,,,,,,,,,,,,,,,,,,,,,,,,,,,,,,,,,,,,,,,,,,,,,FLAG: NEEDS_MANUAL_REVIEW (Low Confidence / Unmapped Taxonomy),,,,,,,,,
no source found,,,,,,,Hardware & Tools,Power Tools,Measuring & Layout,,DCS714B,"DCS714B Dewalt 20V Miter Saw - (Bare) 10"" Double Bevel Fixed",,,,Black & Decker/dewlt (2585),Stanley Black & Decker,DEWALT,,DCS714B,,Hardware & Tools>Power Tools & Measuring>Levels & Rotary Tools,"Stanley Black & Decker DEWALT, Measuring Tool, DCS714B",MEASURING,DEWALT DCS714B Measuring Tool,DEWALT Measuring Tool,Measuring Tool,,,,,,,,,,,,,,,,,,,,,,,,,,,Measuring Tool,,,,,,,,,,,,,,,,,,,,,,,,,,,,,,,,,,,,,,,,,,,,,,,,,,,,,,,,,,,,,,,,,,,,,,,,,,,,,,,,,,,,,,,,,,,,,,,,,,,,,,,,,,,,,,,,,,,,,,,,,,,,,,,,,,,,,,,,,,,,,,,,,,,,,,,,,,,,,,,,,,,,,,,,,,,,,,,,,,,,,,,,,,,,,,,,,,,,,
no source found,,,,,,,Hardware & Tools,Power Tools,Measuring & Layout,,DCS785B,"DCS785B Dewalt 20V Miter Saw - Kit 12"" Double Bevel Sliding",,,,Black & Decker/dewlt (2585),Stanley Black & Decker,DEWALT,,DCS785B,,Hardware & Tools>Power Tools & Measuring>Levels & Rotary Tools,"Stanley Black & Decker DEWALT, Measuring Tool, DCS785B",MEASURING,DEWALT DCS785B Measuring Tool,DEWALT Measuring Tool,Measuring Tool,,,,,,,,,,,,,,,,,,,,,,,,,,,Measuring Tool,,,,,,,,,,,,,,,,,,,,,,,,,,,,,,,,,,,,,,,,,,,,,,,,,,,,,,,,,,,,,,,,,,,,,,,,,,,,,,,,,,,,,,,,,,,,,,,,,,,,,,,,,,,,,,,,,,,,,,,,,,,,,,,,,,,,,,,,,,,,,,,,,,,,,,,,,,,,,,,,,,,,,,,,,,,,,,,,,,,,,,,,,,,,,,,,,,,,,
no source found,,,,,,,Hardware & Tools,Power Tools,Measuring & Layout,,GSL02M1,"GSL02M1 Makita Miter Saw - 40V 8-1/2""",,,,Makita Usa Inc (5142),"Makita U.S.A., Inc.",Makita,,GSL02M1,,Hardware & Tools>Power Tools & Measuring>Levels & Rotary Tools,"Makita U.S.A., Inc. Makita, Measuring Tool, GSL02M1",MEASURING,Makita GSL02M1 Measuring Tool,Makita Measuring Tool,Measuring Tool,,,,,,,,,,,,,,,,,,,,,,,,,,,Measuring Tool,,,,,,,,,,,,,,,,,,,,,,,,,,,,,,,,,,,,,,,,,,,,,,,,,,,,,,,,,,,,,,,,,,,,,,,,,,,,,,,,,,,,,,,,,,,,,,,,,,,,,,,,,,,,,,,,,,,,,,,,,,,,,,,,,,,,,,,,,,,,,,,,,,,,,,,,,,,,,,,,,,,,,,,,,,,,,,,,,,,,,,,,,,,,,,,,,,,,,
no source found,,,,,,,Hardware & Tools,Power Tools,Measuring & Layout,,DW7029,DW7029 Dewalt Miter Saw - Stand Support/Stop,,,,Black & Decker/dewlt (2585),Stanley Black & Decker,DEWALT,,DW7029,,Hardware & Tools>Power Tools & Measuring>Levels & Rotary Tools,"Stanley Black & Decker DEWALT, Measuring Tool, DW7029",MEASURING,DEWALT DW7029 Measuring Tool,DEWALT Measuring Tool,Measuring Tool,,,,,,,,,,,,,,,,,,,,,,,,,,,Measuring Tool,,,,,,,,,,,,,,,,,,,,,,,,,,,,,,,,,,,,,,,,,,,,,,,,,,,,,,,,,,,,,,,,,,,,,,,,,,,,,,,,,,,,,,,,,,,,,,,,,,,,,,,,,,,,,,,,,,,,,,,,,,,,,,,,,,,,,,,,,,,,,,,,,,,,,,,,,,,,,,,,,,,,,,,,,,,,,,,,,,,,,,,,,,,,,,,,,,,,,
no source found,,,,,,,,,,,DCS384B,DCS384B Dewalt 20V Brushless - Cordless Recip Saw (Bare),,,DEWALT,Black & Decker/dewlt (2585),Stanley Black & Decker,DEWALT,,DCS384B,,,"Stanley Black & Decker DEWALT, Product, DCS384B",PRODUCT,DEWALT DCS384B Product,DEWALT Product,Product,,,,,,,,,,,,,,,,,,,,,,,,,,,Product,,,,,,,,,,,,,,,,,,,,,,,,,,,,,,,,,,,,,,,,,,,,,,,,,,,,,,,,,,,,,,,,,,,,,,,,,,,,,,,,,,,,,,,,,,,,,,,,,,,,,,,,,,,,,,,,,,,,,,,,,,,,,,,,,,,,,,,,,,,,,,,,,,,,,,,,,,,,,,,,,,,,,,,,,,,,,,,,,,,,,,,,,,,,FLAG: NEEDS_MANUAL_REVIEW (Low Confidence / Unmapped Taxonomy),,,,,,,,,
no source found,,,,,,,,,,,XRJ08Z,XRJ08Z Makita 18V Recip Saw - Bare Tool,,,,Makita Usa Inc (5142),"Makita U.S.A., Inc.",Makita,,XRJ08Z,,,"Makita U.S.A., Inc. Makita, Product, XRJ08Z",PRODUCT,Makita XRJ08Z Product,Makita Product,Product,,,,,,,,,,,,,,,,,,,,,,,,,,,Product,,,,,,,,,,,,,,,,,,,,,,,,,,,,,,,,,,,,,,,,,,,,,,,,,,,,,,,,,,,,,,,,,,,,,,,,,,,,,,,,,,,,,,,,,,,,,,,,,,,,,,,,,,,,,,,,,,,,,,,,,,,,,,,,,,,,,,,,,,,,,,,,,,,,,,,,,,,,,,,,,,,,,,,,,,,,,,,,,,,,,,,,,,,,FLAG: NEEDS_MANUAL_REVIEW (Low Confidence / Unmapped Taxonomy),,,,,,,,,
no source found,,,,,,,,,,,G0771Z,"Grizzly G0771Z 30"" Table Saw",,,,Woodstock Intl (3658),"Woodstock International, Inc.",Grizzly Industrial,,G0771Z,,,"Woodstock International, Inc. Grizzly Industrial, Product, G0771Z",PRODUCT,Grizzly Industrial G0771Z Product,Grizzly Industrial Product,Product,,,,,,,,,,,,,,,,,,,,,,,,,,,Product,,,,,,,,,,,,,,,,,,,,,,,,,,,,,,,,,,,,,,,,,,,,,,,,,,,,,,,,,,,,,,,,,,,,,,,,,,,,,,,,,,,,,,,,,,,,,,,,,,,,,,,,,,,,,,,,,,,,,,,,,,,,,,,,,,,,,,,,,,,,,,,,,,,,,,,,,,,,,,,,,,,,,,,,,,,,,,,,,,,,,,,,,,,,FLAG: NEEDS_MANUAL_REVIEW (Low Confidence / Unmapped Taxonomy),,,,,,,,,
no source found,,,,,,,,,,,TS1017,TS1017 Table Saw Zero-Clearance Insert,,,,Robt Bosch Tool Corp (6564),Robert Bosch Tool Corporation,Bosch,,TS1017,,,"Robert Bosch Tool Corporation Bosch, Product, TS1017",PRODUCT,Bosch TS1017 Product,Bosch Product,Product,,,,,,,,,,,,,,,,,,,,,,,,,,,Product,,,,,,,,,,,,,,,,,,,,,,,,,,,,,,,,,,,,,,,,,,,,,,,,,,,,,,,,,,,,,,,,,,,,,,,,,,,,,,,,,,,,,,,,,,,,,,,,,,,,,,,,,,,,,,,,,,,,,,,,,,,,,,,,,,,,,,,,,,,,,,,,,,,,,,,,,,,,,,,,,,,,,,,,,,,,,,,,,,,,,,,,,,,,FLAG: NEEDS_MANUAL_REVIEW (Low Confidence / Unmapped Taxonomy),,,,,,,,,
no source found,,,,,,,,,,,XT524,"XT524 24"" XT XTENDER Fence",,,,Bow Products (BOWPR),Bow Products LLC,Bow Products,,XT524,,,"Bow Products LLC Bow Products, Product, XT524",PRODUCT,Bow Products XT524 Product,Bow Products Product,Product,,,,,,,,,,,,,,,,,,,,,,,,,,,Product,,,,,,,,,,,,,,,,,,,,,,,,,,,,,,,,,,,,,,,,,,,,,,,,,,,,,,,,,,,,,,,,,,,,,,,,,,,,,,,,,,,,,,,,,,,,,,,,,,,,,,,,,,,,,,,,,,,,,,,,,,,,,,,,,,,,,,,,,,,,,,,,,,,,,,,,,,,,,,,,,,,,,,,,,,,,,,,,,,,,,,,,,,,,FLAG: NEEDS_MANUAL_REVIEW (Low Confidence / Unmapped Taxonomy),,,,,,,,,
no source found,,,,,,,,,,,XT536,"XT536 36"" XT XTENDER Fence",,,,Bow Products (BOWPR),Bow Products LLC,Bow Products,,XT536,,,"Bow Products LLC Bow Products, Product, XT536",PRODUCT,Bow Products XT536 Product,Bow Products Product,Product,,,,,,,,,,,,,,,,,,,,,,,,,,,Product,,,,,,,,,,,,,,,,,,,,,,,,,,,,,,,,,,,,,,,,,,,,,,,,,,,,,,,,,,,,,,,,,,,,,,,,,,,,,,,,,,,,,,,,,,,,,,,,,,,,,,,,,,,,,,,,,,,,,,,,,,,,,,,,,,,,,,,,,,,,,,,,,,,,,,,,,,,,,,,,,,,,,,,,,,,,,,,,,,,,,,,,,,,,FLAG: NEEDS_MANUAL_REVIEW (Low Confidence / Unmapped Taxonomy),,,,,,,,,
no source found,,,,,,,,,,,XT546,"XT546 46"" XT XTENDER Fence",,,,Bow Products (BOWPR),Bow Products LLC,Bow Products,,XT546,,,"Bow Products LLC Bow Products, Product, XT546",PRODUCT,Bow Products XT546 Product,Bow Products Product,Product,,,,,,,,,,,,,,,,,,,,,,,,,,,Product,,,,,,,,,,,,,,,,,,,,,,,,,,,,,,,,,,,,,,,,,,,,,,,,,,,,,,,,,,,,,,,,,,,,,,,,,,,,,,,,,,,,,,,,,,,,,,,,,,,,,,,,,,,,,,,,,,,,,,,,,,,,,,,,,,,,,,,,,,,,,,,,,,,,,,,,,,,,,,,,,,,,,,,,,,,,,,,,,,,,,,,,,,,,FLAG: NEEDS_MANUAL_REVIEW (Low Confidence / Unmapped Taxonomy),,,,,,,,,
no source found,,,,,,,,,,,XTP235,"35"" XTP XTENDER PRO Fence - XTP235",,,,Bow Products (BOWPR),Bow Products LLC,Bow Products,,XTP235,,,"Bow Products LLC Bow Products, Product, XTP235",PRODUCT,Bow Products XTP235 Product,Bow Products Product,Product,,,,,,,,,,,,,,,,,,,,,,,,,,,Product,,,,,,,,,,,,,,,,,,,,,,,,,,,,,,,,,,,,,,,,,,,,,,,,,,,,,,,,,,,,,,,,,,,,,,,,,,,,,,,,,,,,,,,,,,,,,,,,,,,,,,,,,,,,,,,,,,,,,,,,,,,,,,,,,,,,,,,,,,,,,,,,,,,,,,,,,,,,,,,,,,,,,,,,,,,,,,,,,,,,,,,,,,,,FLAG: NEEDS_MANUAL_REVIEW (Low Confidence / Unmapped Taxonomy),,,,,,,,,
no source found,,,,,,,,,,,TGP2-FA,TGP2-FA T-Glide Fence Professional,,,,Saw Stop LLC (SAWST),SawStop LLC,SawStop,,TGP2-FA,,,"SawStop LLC SawStop, Product, TGP2-FA",PRODUCT,SawStop TGP2-FA Product,SawStop Product,Product,,,,,,,,,,,,,,,,,,,,,,,,,,,Product,,,,,,,,,,,,,,,,,,,,,,,,,,,,,,,,,,,,,,,,,,,,,,,,,,,,,,,,,,,,,,,,,,,,,,,,,,,,,,,,,,,,,,,,,,,,,,,,,,,,,,,,,,,,,,,,,,,,,,,,,,,,,,,,,,,,,,,,,,,,,,,,,,,,,,,,,,,,,,,,,,,,,,,,,,,,,,,,,,,,,,,,,,,,FLAG: NEEDS_MANUAL_REVIEW (Low Confidence / Unmapped Taxonomy),,,,,,,,,
no source found,,,,,,,,,,,ATGI-FA,ATGI-FA T-Glide Advanced Fence Industrial,,,,Saw Stop LLC (SAWST),SawStop LLC,SawStop,,ATGI-FA,,,"SawStop LLC SawStop, Product, ATGI-FA",PRODUCT,SawStop ATGI-FA Product,SawStop Product,Product,,,,,,,,,,,,,,,,,,,,,,,,,,,Product,,,,,,,,,,,,,,,,,,,,,,,,,,,,,,,,,,,,,,,,,,,,,,,,,,,,,,,,,,,,,,,,,,,,,,,,,,,,,,,,,,,,,,,,,,,,,,,,,,,,,,,,,,,,,,,,,,,,,,,,,,,,,,,,,,,,,,,,,,,,,,,,,,,,,,,,,,,,,,,,,,,,,,,,,,,,,,,,,,,,,,,,,,,,FLAG: NEEDS_MANUAL_REVIEW (Low Confidence / Unmapped Taxonomy),,,,,,,,,
no source found,,,,,,,,,,,ATGP-FA,ATGP-FA T-Glide Advance Fence Professional,,,,Saw Stop LLC (SAWST),SawStop LLC,SawStop,,ATGP-FA,,,"SawStop LLC SawStop, Product, ATGP-FA",PRODUCT,SawStop ATGP-FA Product,SawStop Product,Product,,,,,,,,,,,,,,,,,,,,,,,,,,,Product,,,,,,,,,,,,,,,,,,,,,,,,,,,,,,,,,,,,,,,,,,,,,,,,,,,,,,,,,,,,,,,,,,,,,,,,,,,,,,,,,,,,,,,,,,,,,,,,,,,,,,,,,,,,,,,,,,,,,,,,,,,,,,,,,,,,,,,,,,,,,,,,,,,,,,,,,,,,,,,,,,,,,,,,,,,,,,,,,,,,,,,,,,,,FLAG: NEEDS_MANUAL_REVIEW (Low Confidence / Unmapped Taxonomy),,,,,,,,,
no source found,,,,,,,,,,,TGI2-FA,TGI2-FA T-Glide Fence Indudtrial,,,,Saw Stop LLC (SAWST),SawStop LLC,SawStop,,TGI2-FA,,,"SawStop LLC SawStop, Product, TGI2-FA",PRODUCT,SawStop TGI2-FA Product,SawStop Product,Product,,,,,,,,,,,,,,,,,,,,,,,,,,,Product,,,,,,,,,,,,,,,,,,,,,,,,,,,,,,,,,,,,,,,,,,,,,,,,,,,,,,,,,,,,,,,,,,,,,,,,,,,,,,,,,,,,,,,,,,,,,,,,,,,,,,,,,,,,,,,,,,,,,,,,,,,,,,,,,,,,,,,,,,,,,,,,,,,,,,,,,,,,,,,,,,,,,,,,,,,,,,,,,,,,,,,,,,,,FLAG: NEEDS_MANUAL_REVIEW (Low Confidence / Unmapped Taxonomy),,,,,,,,,
no source found,,,,,,,,,,,TGI2-T36A,"TGI2-T36A 36"" Table Assembly Industrial",,,,Saw Stop LLC (SAWST),SawStop LLC,SawStop,,TGI2-T36A,,,"SawStop LLC SawStop, Product, TGI2-T36A",PRODUCT,SawStop TGI2-T36A Product,SawStop Product,Product,,,,,,,,,,,,,,,,,,,,,,,,,,,Product,,,,,,,,,,,,,,,,,,,,,,,,,,,,,,,,,,,,,,,,,,,,,,,,,,,,,,,,,,,,,,,,,,,,,,,,,,,,,,,,,,,,,,,,,,,,,,,,,,,,,,,,,,,,,,,,,,,,,,,,,,,,,,,,,,,,,,,,,,,,,,,,,,,,,,,,,,,,,,,,,,,,,,,,,,,,,,,,,,,,,,,,,,,,FLAG: NEEDS_MANUAL_REVIEW (Low Confidence / Unmapped Taxonomy),,,,,,,,,
no source found,,,,,,,,,,,KPTBPS100A,"KPTBPS100A Kreg 20V Ionic 6-1/2"" Plunge-Cut Track Saw Kit",,,,Kreg Tool Company (KRETO),Kreg Tool Company,Kreg,,KPTBPS100A,,,"Kreg Tool Company Kreg, Product, KPTBPS100A",PRODUCT,Kreg KPTBPS100A Product,Kreg Product,Product,,,,,,,,,,,,,,,,,,,,,,,,,,,Product,,,,,,,,,,,,,,,,,,,,,,,,,,,,,,,,,,,,,,,,,,,,,,,,,,,,,,,,,,,,,,,,,,,,,,,,,,,,,,,,,,,,,,,,,,,,,,,,,,,,,,,,,,,,,,,,,,,,,,,,,,,,,,,,,,,,,,,,,,,,,,,,,,,,,,,,,,,,,,,,,,,,,,,,,,,,,,,,,,,,,,,,,,,,FLAG: NEEDS_MANUAL_REVIEW (Low Confidence / Unmapped Taxonomy),,,,,,,,,
no source found,,,,,,,,,,,DCB606C,DCB606C Dewalt Flexvolt Starter Kit,,,,Black & Decker/dewlt (2585),Stanley Black & Decker,DEWALT,,DCB606C,,,"Stanley Black & Decker DEWALT, Product, DCB606C",PRODUCT,DEWALT DCB606C Product,DEWALT Product,Product,,,,,,,,,,,,,,,,,,,,,,,,,,,Product,,,,,,,,,,,,,,,,,,,,,,,,,,,,,,,,,,,,,,,,,,,,,,,,,,,,,,,,,,,,,,,,,,,,,,,,,,,,,,,,,,,,,,,,,,,,,,,,,,,,,,,,,,,,,,,,,,,,,,,,,,,,,,,,,,,,,,,,,,,,,,,,,,,,,,,,,,,,,,,,,,,,,,,,,,,,,,,,,,,,,,,,,,,,FLAG: NEEDS_MANUAL_REVIEW (Low Confidence / Unmapped Taxonomy),,,,,,,,,
no source found,,,,,,,,,,,BL1850BDC1,BL1850BDC1 Makita Starter Kit,,,,Makita Usa Inc (5142),"Makita U.S.A., Inc.",Makita,,BL1850BDC1,,,"Makita U.S.A., Inc. Makita, Product, BL1850BDC1",PRODUCT,Makita BL1850BDC1 Product,Makita Product,Product,,,,,,,,,,,,,,,,,,,,,,,,,,,Product,,,,,,,,,,,,,,,,,,,,,,,,,,,,,,,,,,,,,,,,,,,,,,,,,,,,,,,,,,,,,,,,,,,,,,,,,,,,,,,,,,,,,,,,,,,,,,,,,,,,,,,,,,,,,,,,,,,,,,,,,,,,,,,,,,,,,,,,,,,,,,,,,,,,,,,,,,,,,,,,,,,,,,,,,,,,,,,,,,,,,,,,,,,,FLAG: NEEDS_MANUAL_REVIEW (Low Confidence / Unmapped Taxonomy),,,,,,,,,
no source found,,,,,,,,,,,DCB205C,DCB205C 20V Starter Kit,,,DEWALT,Black & Decker/dewlt (2585),Stanley Black & Decker,DEWALT,,DCB205C,,,"Stanley Black & Decker DEWALT, Product, DCB205C",PRODUCT,DEWALT DCB205C Product,DEWALT Product,Product,,,,,,,,,,,,,,,,,,,,,,,,,,,Product,,,,,,,,,,,,,,,,,,,,,,,,,,,,,,,,,,,,,,,,,,,,,,,,,,,,,,,,,,,,,,,,,,,,,,,,,,,,,,,,,,,,,,,,,,,,,,,,,,,,,,,,,,,,,,,,,,,,,,,,,,,,,,,,,,,,,,,,,,,,,,,,,,,,,,,,,,,,,,,,,,,,,,,,,,,,,,,,,,,,,,,,,,,,FLAG: NEEDS_MANUAL_REVIEW (Low Confidence / Unmapped Taxonomy),,,,,,,,,
no source found,,,,,,,,,,,DCB2108,DCB2108 Dewalt 20V 8Ah Battery - Max XR Powerpack,,,DEWALT,Black & Decker/dewlt (2585),Stanley Black & Decker,DEWALT,,DCB2108,,,"Stanley Black & Decker DEWALT, Product, DCB2108",PRODUCT,DEWALT DCB2108 Product,DEWALT Product,Product,,,,,,,,,,,,,,,,,,,,,,,,,,,Product,,,,,,,,,,,,,,,,,,,,,,,,,,,,,,,,,,,,,,,,,,,,,,,,,,,,,,,,,,,,,,,,,,,,,,,,,,,,,,,,,,,,,,,,,,,,,,,,,,,,,,,,,,,,,,,,,,,,,,,,,,,,,,,,,,,,,,,,,,,,,,,,,,,,,,,,,,,,,,,,,,,,,,,,,,,,,,,,,,,,,,,,,,,,FLAG: NEEDS_MANUAL_REVIEW (Low Confidence / Unmapped Taxonomy),,,,,,,,,
no source found,,,,,,,,,,,DCB2108-2,DCB2108-2 Dewalt 20V 8Ah 2pk - Battery Max XR Powerpack,,,,Black & Decker/dewlt (2585),Stanley Black & Decker,DEWALT,,DCB2108-2,,,"Stanley Black & Decker DEWALT, Product, DCB2108-2",PRODUCT,DEWALT DCB2108-2 Product,DEWALT Product,Product,,,,,,,,,,,,,,,,,,,,,,,,,,,Product,,,,,,,,,,,,,,,,,,,,,,,,,,,,,,,,,,,,,,,,,,,,,,,,,,,,,,,,,,,,,,,,,,,,,,,,,,,,,,,,,,,,,,,,,,,,,,,,,,,,,,,,,,,,,,,,,,,,,,,,,,,,,,,,,,,,,,,,,,,,,,,,,,,,,,,,,,,,,,,,,,,,,,,,,,,,,,,,,,,,,,,,,,,,FLAG: NEEDS_MANUAL_REVIEW (Low Confidence / Unmapped Taxonomy),,,,,,,,,
no source found,,,,,,,,,,,VB0212,VB0212 Senco 18V 2.0 AH Lithium Battery,,,,Senco Products Inc (4650),"Kyocera Senco Industrial Tools, Inc.",SENCO,,VB0212,,,"Kyocera Senco Industrial Tools, Inc. SENCO, Product, VB0212",PRODUCT,SENCO VB0212 Product,SENCO Product,Product,,,,,,,,,,,,,,,,,,,,,,,,,,,Product,,,,,,,,,,,,,,,,,,,,,,,,,,,,,,,,,,,,,,,,,,,,,,,,,,,,,,,,,,,,,,,,,,,,,,,,,,,,,,,,,,,,,,,,,,,,,,,,,,,,,,,,,,,,,,,,,,,,,,,,,,,,,,,,,,,,,,,,,,,,,,,,,,,,,,,,,,,,,,,,,,,,,,,,,,,,,,,,,,,,,,,,,,,,FLAG: NEEDS_MANUAL_REVIEW (Low Confidence / Unmapped Taxonomy),,,,,,,,,
no source found,,,,,,,,,,,BCB2A20A,BCB2A20A Kreg 20V Battery/Charger Starter Kit,,,,Kreg Tool Company (KRETO),Kreg Tool Company,Kreg,,BCB2A20A,,,"Kreg Tool Company Kreg, Product, BCB2A20A",PRODUCT,Kreg BCB2A20A Product,Kreg Product,Product,,,,,,,,,,,,,,,,,,,,,,,,,,,Product,,,,,,,,,,,,,,,,,,,,,,,,,,,,,,,,,,,,,,,,,,,,,,,,,,,,,,,,,,,,,,,,,,,,,,,,,,,,,,,,,,,,,,,,,,,,,,,,,,,,,,,,,,,,,,,,,,,,,,,,,,,,,,,,,,,,,,,,,,,,,,,,,,,,,,,,,,,,,,,,,,,,,,,,,,,,,,,,,,,,,,,,,,,,FLAG: NEEDS_MANUAL_REVIEW (Low Confidence / Unmapped Taxonomy),,,,,,,,,
no source found,,,,,,,,,,,BATT4A,BATT4A Kreg 20V 4ah Battery Pack,,,,Kreg Tool Company (KRETO),Kreg Tool Company,Kreg,,BATT4A,,,"Kreg Tool Company Kreg, Product, BATT4A",PRODUCT,Kreg BATT4A Product,Kreg Product,Product,,,,,,,,,,,,,,,,,,,,,,,,,,,Product,,,,,,,,,,,,,,,,,,,,,,,,,,,,,,,,,,,,,,,,,,,,,,,,,,,,,,,,,,,,,,,,,,,,,,,,,,,,,,,,,,,,,,,,,,,,,,,,,,,,,,,,,,,,,,,,,,,,,,,,,,,,,,,,,,,,,,,,,,,,,,,,,,,,,,,,,,,,,,,,,,,,,,,,,,,,,,,,,,,,,,,,,,,,FLAG: NEEDS_MANUAL_REVIEW (Low Confidence / Unmapped Taxonomy),,,,,,,,,
no source found,,,,,,,,,,,BATT2A,BATT2A Kreg 20V 2ah Battery Pack,,,,Kreg Tool Company (KRETO),Kreg Tool Company,Kreg,,BATT2A,,,"Kreg Tool Company Kreg, Product, BATT2A",PRODUCT,Kreg BATT2A Product,Kreg Product,Product,,,,,,,,,,,,,,,,,,,,,,,,,,,Product,,,,,,,,,,,,,,,,,,,,,,,,,,,,,,,,,,,,,,,,,,,,,,,,,,,,,,,,,,,,,,,,,,,,,,,,,,,,,,,,,,,,,,,,,,,,,,,,,,,,,,,,,,,,,,,,,,,,,,,,,,,,,,,,,,,,,,,,,,,,,,,,,,,,,,,,,,,,,,,,,,,,,,,,,,,,,,,,,,,,,,,,,,,,FLAG: NEEDS_MANUAL_REVIEW (Low Confidence / Unmapped Taxonomy),,,,,,,,,
no source found,,,,,,,,,,,BL1850BDC2X1,BL1850BDC2X1 Makita Starter Kit,,,,Makita Usa Inc (5142),"Makita U.S.A., Inc.",Makita,,BL1850BDC2X1,,,"Makita U.S.A., Inc. Makita, Product, BL1850BDC2X1",PRODUCT,Makita BL1850BDC2X1 Product,Makita Product,Product,,,,,,,,,,,,,,,,,,,,,,,,,,,Product,,,,,,,,,,,,,,,,,,,,,,,,,,,,,,,,,,,,,,,,,,,,,,,,,,,,,,,,,,,,,,,,,,,,,,,,,,,,,,,,,,,,,,,,,,,,,,,,,,,,,,,,,,,,,,,,,,,,,,,,,,,,,,,,,,,,,,,,,,,,,,,,,,,,,,,,,,,,,,,,,,,,,,,,,,,,,,,,,,,,,,,,,,,,FLAG: NEEDS_MANUAL_REVIEW (Low Confidence / Unmapped Taxonomy),,,,,,,,,
no source found,,,,,,,,,,,48-11-2422,48-11-2422 Milw M12 CP2.0 Battery Two Pack,,,,Milwaukee Accessory (4031),Milwaukee Electric Tool Corp.,Milwaukee,,48-11-2422,,,"Milwaukee Electric Tool Corp. Milwaukee, Product, 48-11-2422",PRODUCT,Milwaukee 48-11-2422 Product,Milwaukee Product,Product,,,,,,,,,,,,,,,,,,,,,,,,,,,Product,,,,,,,,,,,,,,,,,,,,,,,,,,,,,,,,,,,,,,,,,,,,,,,,,,,,,,,,,,,,,,,,,,,,,,,,,,,,,,,,,,,,,,,,,,,,,,,,,,,,,,,,,,,,,,,,,,,,,,,,,,,,,,,,,,,,,,,,,,,,,,,,,,,,,,,,,,,,,,,,,,,,,,,,,,,,,,,,,,,,,,,,,,,,FLAG: NEEDS_MANUAL_REVIEW (Low Confidence / Unmapped Taxonomy),,,,,,,,,
no source found,,,,,,,,,,,DCB1104,DCB1104 Dewalt 12V/20V Charger - 4 Amp,,,,Black & Decker/dewlt (2585),Stanley Black & Decker,DEWALT,,DCB1104,,,"Stanley Black & Decker DEWALT, Product, DCB1104",PRODUCT,DEWALT DCB1104 Product,DEWALT Product,Product,,,,,,,,,,,,,,,,,,,,,,,,,,,Product,,,,,,,,,,,,,,,,,,,,,,,,,,,,,,,,,,,,,,,,,,,,,,,,,,,,,,,,,,,,,,,,,,,,,,,,,,,,,,,,,,,,,,,,,,,,,,,,,,,,,,,,,,,,,,,,,,,,,,,,,,,,,,,,,,,,,,,,,,,,,,,,,,,,,,,,,,,,,,,,,,,,,,,,,,,,,,,,,,,,,,,,,,,,FLAG: NEEDS_MANUAL_REVIEW (Low Confidence / Unmapped Taxonomy),,,,,,,,,
no source found,,,,,,,,,,,48-59-1804,48-59-1804 Milw M18 and M12 Rapid Charger,,,,Milwaukee Accessory (4031),Milwaukee Electric Tool Corp.,Milwaukee,,48-59-1804,,,"Milwaukee Electric Tool Corp. Milwaukee, Product, 48-59-1804",PRODUCT,Milwaukee 48-59-1804 Product,Milwaukee Product,Product,,,,,,,,,,,,,,,,,,,,,,,,,,,Product,,,,,,,,,,,,,,,,,,,,,,,,,,,,,,,,,,,,,,,,,,,,,,,,,,,,,,,,,,,,,,,,,,,,,,,,,,,,,,,,,,,,,,,,,,,,,,,,,,,,,,,,,,,,,,,,,,,,,,,,,,,,,,,,,,,,,,,,,,,,,,,,,,,,,,,,,,,,,,,,,,,,,,,,,,,,,,,,,,,,,,,,,,,,FLAG: NEEDS_MANUAL_REVIEW (Low Confidence / Unmapped Taxonomy),,,,,,,,,
no source found,,,,,,,,,,,CRGR401A,CRGR401A Kreg 20V Fast Charger,,,,Kreg Tool Company (KRETO),Kreg Tool Company,Kreg,,CRGR401A,,,"Kreg Tool Company Kreg, Product, CRGR401A",PRODUCT,Kreg CRGR401A Product,Kreg Product,Product,,,,,,,,,,,,,,,,,,,,,,,,,,,Product,,,,,,,,,,,,,,,,,,,,,,,,,,,,,,,,,,,,,,,,,,,,,,,,,,,,,,,,,,,,,,,,,,,,,,,,,,,,,,,,,,,,,,,,,,,,,,,,,,,,,,,,,,,,,,,,,,,,,,,,,,,,,,,,,,,,,,,,,,,,,,,,,,,,,,,,,,,,,,,,,,,,,,,,,,,,,,,,,,,,,,,,,,,,FLAG: NEEDS_MANUAL_REVIEW (Low Confidence / Unmapped Taxonomy),,,,,,,,,
no source found,,,,,,,,,,,48-59-1211,48-59-1211 Milw Power Supply - Charger,,,Milwaukee,Milwaukee Accessory (4031),Milwaukee Electric Tool Corp.,Milwaukee,,48-59-1211,,,"Milwaukee Electric Tool Corp. Milwaukee, Product, 48-59-1211",PRODUCT,Milwaukee 48-59-1211 Product,Milwaukee Product,Product,,,,,,,,,,,,,,,,,,,,,,,,,,,Product,,,,,,,,,,,,,,,,,,,,,,,,,,,,,,,,,,,,,,,,,,,,,,,,,,,,,,,,,,,,,,,,,,,,,,,,,,,,,,,,,,,,,,,,,,,,,,,,,,,,,,,,,,,,,,,,,,,,,,,,,,,,,,,,,,,,,,,,,,,,,,,,,,,,,,,,,,,,,,,,,,,,,,,,,,,,,,,,,,,,,,,,,,,,FLAG: NEEDS_MANUAL_REVIEW (Low Confidence / Unmapped Taxonomy),,,,,,,,,
no source found,,,,,,,,,,,2847-20,2847-20 Milw M18 Charger and Power Supply,,,,Milwaukee Accessory (4031),Milwaukee Electric Tool Corp.,Milwaukee,,2847-20,,,"Milwaukee Electric Tool Corp. Milwaukee, Product, 2847-20",PRODUCT,Milwaukee 2847-20 Product,Milwaukee Product,Product,,,,,,,,,,,,,,,,,,,,,,,,,,,Product,,,,,,,,,,,,,,,,,,,,,,,,,,,,,,,,,,,,,,,,,,,,,,,,,,,,,,,,,,,,,,,,,,,,,,,,,,,,,,,,,,,,,,,,,,,,,,,,,,,,,,,,,,,,,,,,,,,,,,,,,,,,,,,,,,,,,,,,,,,,,,,,,,,,,,,,,,,,,,,,,,,,,,,,,,,,,,,,,,,,,,,,,,,,FLAG: NEEDS_MANUAL_REVIEW (Low Confidence / Unmapped Taxonomy),,,,,,,,,
no source found,,,,,,,,,,,DWV9401,DWV9401 Dewalt Paper Bag - 5pk,,,,Black & Decker/dewlt (2585),Stanley Black & Decker,DEWALT,,DWV9401,,,"Stanley Black & Decker DEWALT, Product, DWV9401",PRODUCT,DEWALT DWV9401 Product,DEWALT Product,Product,,,,,,,,,,,,,,,,,,,,,,,,,,,Product,,,,,,,,,,,,,,,,,,,,,,,,,,,,,,,,,,,,,,,,,,,,,,,,,,,,,,,,,,,,,,,,,,,,,,,,,,,,,,,,,,,,,,,,,,,,,,,,,,,,,,,,,,,,,,,,,,,,,,,,,,,,,,,,,,,,,,,,,,,,,,,,,,,,,,,,,,,,,,,,,,,,,,,,,,,,,,,,,,,,,,,,,,,,FLAG: NEEDS_MANUAL_REVIEW (Low Confidence / Unmapped Taxonomy),,,,,,,,,
no source found,,,,,,,,,,,578512,578512 Festool Dust Extractor-CT MIDI I HEPA,,,,Festool USA (FESTO),Festool USA,Festool,,578512,,,"Festool USA Festool, Product, 578512",PRODUCT,Festool 578512 Product,Festool Product,Product,,,,,,,,,,,,,,,,,,,,,,,,,,,Product,,,,,,,,,,,,,,,,,,,,,,,,,,,,,,,,,,,,,,,,,,,,,,,,,,,,,,,,,,,,,,,,,,,,,,,,,,,,,,,,,,,,,,,,,,,,,,,,,,,,,,,,,,,,,,,,,,,,,,,,,,,,,,,,,,,,,,,,,,,,,,,,,,,,,,,,,,,,,,,,,,,,,,,,,,,,,,,,,,,,,,,,,,,,FLAG: NEEDS_MANUAL_REVIEW (Low Confidence / Unmapped Taxonomy),,,,,,,,,
no source found,,,,,,,,,,,577871,577871 Festool Dust Extractor - CT 26,,,,Festool USA (FESTO),Festool USA,Festool,,577871,,,"Festool USA Festool, Product, 577871",PRODUCT,Festool 577871 Product,Festool Product,Product,,,,,,,,,,,,,,,,,,,,,,,,,,,Product,,,,,,,,,,,,,,,,,,,,,,,,,,,,,,,,,,,,,,,,,,,,,,,,,,,,,,,,,,,,,,,,,,,,,,,,,,,,,,,,,,,,,,,,,,,,,,,,,,,,,,,,,,,,,,,,,,,,,,,,,,,,,,,,,,,,,,,,,,,,,,,,,,,,,,,,,,,,,,,,,,,,,,,,,,,,,,,,,,,,,,,,,,,,FLAG: NEEDS_MANUAL_REVIEW (Low Confidence / Unmapped Taxonomy),,,,,,,,,
no source found,,,,,,,,,,,577874,577874 Festool Dust Extractor - CT 36,,,,Festool USA (FESTO),Festool USA,Festool,,577874,,,"Festool USA Festool, Product, 577874",PRODUCT,Festool 577874 Product,Festool Product,Product,,,,,,,,,,,,,,,,,,,,,,,,,,,Product,,,,,,,,,,,,,,,,,,,,,,,,,,,,,,,,,,,,,,,,,,,,,,,,,,,,,,,,,,,,,,,,,,,,,,,,,,,,,,,,,,,,,,,,,,,,,,,,,,,,,,,,,,,,,,,,,,,,,,,,,,,,,,,,,,,,,,,,,,,,,,,,,,,,,,,,,,,,,,,,,,,,,,,,,,,,,,,,,,,,,,,,,,,,FLAG: NEEDS_MANUAL_REVIEW (Low Confidence / Unmapped Taxonomy),,,,,,,,,
no source found,,,,,,,,,,,577876,577876 Festool Dust Extractor - CT 48,,,,Festool USA (FESTO),Festool USA,Festool,,577876,,,"Festool USA Festool, Product, 577876",PRODUCT,Festool 577876 Product,Festool Product,Product,,,,,,,,,,,,,,,,,,,,,,,,,,,Product,,,,,,,,,,,,,,,,,,,,,,,,,,,,,,,,,,,,,,,,,,,,,,,,,,,,,,,,,,,,,,,,,,,,,,,,,,,,,,,,,,,,,,,,,,,,,,,,,,,,,,,,,,,,,,,,,,,,,,,,,,,,,,,,,,,,,,,,,,,,,,,,,,,,,,,,,,,,,,,,,,,,,,,,,,,,,,,,,,,,,,,,,,,,FLAG: NEEDS_MANUAL_REVIEW (Low Confidence / Unmapped Taxonomy),,,,,,,,,
no source found,,,,,,,,,,,578441,578441 Festool Dust Extractor-CT 15 HEPA,,,,Festool USA (FESTO),Festool USA,Festool,,578441,,,"Festool USA Festool, Product, 578441",PRODUCT,Festool 578441 Product,Festool Product,Product,,,,,,,,,,,,,,,,,,,,,,,,,,,Product,,,,,,,,,,,,,,,,,,,,,,,,,,,,,,,,,,,,,,,,,,,,,,,,,,,,,,,,,,,,,,,,,,,,,,,,,,,,,,,,,,,,,,,,,,,,,,,,,,,,,,,,,,,,,,,,,,,,,,,,,,,,,,,,,,,,,,,,,,,,,,,,,,,,,,,,,,,,,,,,,,,,,,,,,,,,,,,,,,,,,,,,,,,,FLAG: NEEDS_MANUAL_REVIEW (Low Confidence / Unmapped Taxonomy),,,,,,,,,
no source found,,,,,,,Hardware & Tools,Power Tools,Measuring & Layout,,DCK225D2,DCK225D2 Dewalt Impact/Drill - Kit,,,DEWALT,Black & Decker/dewlt (2585),Stanley Black & Decker,DEWALT,,DCK225D2,,Hardware & Tools>Power Tools & Measuring>Levels & Rotary Tools,"Stanley Black & Decker DEWALT, Measuring Tool, DCK225D2",MEASURING,DEWALT DCK225D2 Measuring Tool,DEWALT Measuring Tool,Measuring Tool,,,,,,,,,,,,,,,,,,,,,,,,,,,Measuring Tool,,,,,,,,,,,,,,,,,,,,,,,,,,,,,,,,,,,,,,,,,,,,,,,,,,,,,,,,,,,,,,,,,,,,,,,,,,,,,,,,,,,,,,,,,,,,,,,,,,,,,,,,,,,,,,,,,,,,,,,,,,,,,,,,,,,,,,,,,,,,,,,,,,,,,,,,,,,,,,,,,,,,,,,,,,,,,,,,,,,,,,,,,,,,,,,,,,,,,
no source found,,,,,,,,,,,DCK2101QQ2,Dewalt DCK2101QQ2 20V 2Pc Kit,,,,Black & Decker/dewlt (2585),Stanley Black & Decker,DEWALT,,DCK2101QQ2,,,"Stanley Black & Decker DEWALT, Product, DCK2101QQ2",PRODUCT,DEWALT DCK2101QQ2 Product,DEWALT Product,Product,,,,,,,,,,,,,,,,,,,,,,,,,,,Product,,,,,,,,,,,,,,,,,,,,,,,,,,,,,,,,,,,,,,,,,,,,,,,,,,,,,,,,,,,,,,,,,,,,,,,,,,,,,,,,,,,,,,,,,,,,,,,,,,,,,,,,,,,,,,,,,,,,,,,,,,,,,,,,,,,,,,,,,,,,,,,,,,,,,,,,,,,,,,,,,,,,,,,,,,,,,,,,,,,,,,,,,,,,FLAG: NEEDS_MANUAL_REVIEW (Low Confidence / Unmapped Taxonomy),,,,,,,,,
no source found,,,,,,,,,,,4000-2/32,4000-2/32 DREMEL ROTARY TOOL,,,Dremel,Robt Bosch Tool Corp (6564),Robert Bosch Tool Corporation,Bosch,,4000-2/32,,,"Robert Bosch Tool Corporation Bosch, Product, 4000-2/32",PRODUCT,Bosch 4000-2/32 Product,Bosch Product,Product,,,,,,,,,,,,,,,,,,,,,,,,,,,Product,,,,,,,,,,,,,,,,,,,,,,,,,,,,,,,,,,,,,,,,,,,,,,,,,,,,,,,,,,,,,,,,,,,,,,,,,,,,,,,,,,,,,,,,,,,,,,,,,,,,,,,,,,,,,,,,,,,,,,,,,,,,,,,,,,,,,,,,,,,,,,,,,,,,,,,,,,,,,,,,,,,,,,,,,,,,,,,,,,,,,,,,,,,,FLAG: NEEDS_MANUAL_REVIEW (Low Confidence / Unmapped Taxonomy),,,,,,,,,
no source found,,,,,,,,,,,3100-1/15,3100-1/15 Dremel Rotary Tool - Kit 15pc,,,Dremel,Robt Bosch Tool Corp (6564),Robert Bosch Tool Corporation,Bosch,,3100-1/15,,,"Robert Bosch Tool Corporation Bosch, Product, 3100-1/15",PRODUCT,Bosch 3100-1/15 Product,Bosch Product,Product,,,,,,,,,,,,,,,,,,,,,,,,,,,Product,,,,,,,,,,,,,,,,,,,,,,,,,,,,,,,,,,,,,,,,,,,,,,,,,,,,,,,,,,,,,,,,,,,,,,,,,,,,,,,,,,,,,,,,,,,,,,,,,,,,,,,,,,,,,,,,,,,,,,,,,,,,,,,,,,,,,,,,,,,,,,,,,,,,,,,,,,,,,,,,,,,,,,,,,,,,,,,,,,,,,,,,,,,,FLAG: NEEDS_MANUAL_REVIEW (Low Confidence / Unmapped Taxonomy),,,,,,,,,
no source found,,,,,,,,,,,T-90043,T-90043 Deep Medium Organizer,,,,Makita Usa Inc (5142),"Makita U.S.A., Inc.",Makita,,T-90043,,,"Makita U.S.A., Inc. Makita, Product, T-90043",PRODUCT,Makita T-90043 Product,Makita Product,Product,,,,,,,,,,,,,,,,,,,,,,,,,,,Product,,,,,,,,,,,,,,,,,,,,,,,,,,,,,,,,,,,,,,,,,,,,,,,,,,,,,,,,,,,,,,,,,,,,,,,,,,,,,,,,,,,,,,,,,,,,,,,,,,,,,,,,,,,,,,,,,,,,,,,,,,,,,,,,,,,,,,,,,,,,,,,,,,,,,,,,,,,,,,,,,,,,,,,,,,,,,,,,,,,,,,,,,,,,FLAG: NEEDS_MANUAL_REVIEW (Low Confidence / Unmapped Taxonomy),,,,,,,,,
no source found,,,,,,,,,,,T-90059,T-90059 Low Profile Medium - Organizer,,,,Makita Usa Inc (5142),"Makita U.S.A., Inc.",Makita,,T-90059,,,"Makita U.S.A., Inc. Makita, Product, T-90059",PRODUCT,Makita T-90059 Product,Makita Product,Product,,,,,,,,,,,,,,,,,,,,,,,,,,,Product,,,,,,,,,,,,,,,,,,,,,,,,,,,,,,,,,,,,,,,,,,,,,,,,,,,,,,,,,,,,,,,,,,,,,,,,,,,,,,,,,,,,,,,,,,,,,,,,,,,,,,,,,,,,,,,,,,,,,,,,,,,,,,,,,,,,,,,,,,,,,,,,,,,,,,,,,,,,,,,,,,,,,,,,,,,,,,,,,,,,,,,,,,,,FLAG: NEEDS_MANUAL_REVIEW (Low Confidence / Unmapped Taxonomy),,,,,,,,,
no source found,,,,,,,,,,,T-90065,T-90065 Deep Compact Organizer,,,,Makita Usa Inc (5142),"Makita U.S.A., Inc.",Makita,,T-90065,,,"Makita U.S.A., Inc. Makita, Product, T-90065",PRODUCT,Makita T-90065 Product,Makita Product,Product,,,,,,,,,,,,,,,,,,,,,,,,,,,Product,,,,,,,,,,,,,,,,,,,,,,,,,,,,,,,,,,,,,,,,,,,,,,,,,,,,,,,,,,,,,,,,,,,,,,,,,,,,,,,,,,,,,,,,,,,,,,,,,,,,,,,,,,,,,,,,,,,,,,,,,,,,,,,,,,,,,,,,,,,,,,,,,,,,,,,,,,,,,,,,,,,,,,,,,,,,,,,,,,,,,,,,,,,,FLAG: NEEDS_MANUAL_REVIEW (Low Confidence / Unmapped Taxonomy),,,,,,,,,
no source found,,,,,,,,,,,10047VS,10047VS Oliver 3HP 230V 1PH Shaper 1-1/4 Spindle,,,,Oliver Machinery Company (OLIMA),Oliver Machinery,Oliver,,10047VS,,,"Oliver Machinery Oliver, Product, 10047VS",PRODUCT,Oliver 10047VS Product,Oliver Product,Product,,,,,,,,,,,,,,,,,,,,,,,,,,,Product,,,,,,,,,,,,,,,,,,,,,,,,,,,,,,,,,,,,,,,,,,,,,,,,,,,,,,,,,,,,,,,,,,,,,,,,,,,,,,,,,,,,,,,,,,,,,,,,,,,,,,,,,,,,,,,,,,,,,,,,,,,,,,,,,,,,,,,,,,,,,,,,,,,,,,,,,,,,,,,,,,,,,,,,,,,,,,,,,,,,,,,,,,,,FLAG: NEEDS_MANUAL_REVIEW (Low Confidence / Unmapped Taxonomy),,,,,,,,,
no source found,,,,,,,,,,,MAG:2044-230-1,2044-230-1 Stock Feeder 4-Roll - Steff,,,,J&G Machinery (JGMAC),J&G Machinery Inc.,Steff,,MAG:2044-230-1,,,"J&G Machinery Inc. Steff, Product, MAG:2044-230-1",PRODUCT,Steff MAG:2044-230-1 Product,Steff Product,Product,,,,,,,,,,,,,,,,,,,,,,,,,,,Product,,,,,,,,,,,,,,,,,,,,,,,,,,,,,,,,,,,,,,,,,,,,,,,,,,,,,,,,,,,,,,,,,,,,,,,,,,,,,,,,,,,,,,,,,,,,,,,,,,,,,,,,,,,,,,,,,,,,,,,,,,,,,,,,,,,,,,,,,,,,,,,,,,,,,,,,,,,,,,,,,,,,,,,,,,,,,,,,,,,,,,,,,,,,FLAG: NEEDS_MANUAL_REVIEW (Low Confidence / Unmapped Taxonomy),,,,,,,,,
no source found,,,,,,,,,,,XTP242,"42"" XTP XTENDER PRO Fence - XTP242",,,,Bow Products (BOWPR),Bow Products LLC,Bow Products,,XTP242,,,"Bow Products LLC Bow Products, Product, XTP242",PRODUCT,Bow Products XTP242 Product,Bow Products Product,Product,,,,,,,,,,,,,,,,,,,,,,,,,,,Product,,,,,,,,,,,,,,,,,,,,,,,,,,,,,,,,,,,,,,,,,,,,,,,,,,,,,,,,,,,,,,,,,,,,,,,,,,,,,,,,,,,,,,,,,,,,,,,,,,,,,,,,,,,,,,,,,,,,,,,,,,,,,,,,,,,,,,,,,,,,,,,,,,,,,,,,,,,,,,,,,,,,,,,,,,,,,,,,,,,,,,,,,,,,FLAG: NEEDS_MANUAL_REVIEW (Low Confidence / Unmapped Taxonomy),,,,,,,,,
no source found,,,,,,,,,,,AAS-P,AAS-P Align-A-Saw Plate Only,,,,Woodpeckers Inc (WOODP),Woodpeckers LLC,Woodpeckers,,AAS-P,,,"Woodpeckers LLC Woodpeckers, Product, AAS-P",PRODUCT,Woodpeckers AAS-P Product,Woodpeckers Product,Product,,,,,,,,,,,,,,,,,,,,,,,,,,,Product,,,,,,,,,,,,,,,,,,,,,,,,,,,,,,,,,,,,,,,,,,,,,,,,,,,,,,,,,,,,,,,,,,,,,,,,,,,,,,,,,,,,,,,,,,,,,,,,,,,,,,,,,,,,,,,,,,,,,,,,,,,,,,,,,,,,,,,,,,,,,,,,,,,,,,,,,,,,,,,,,,,,,,,,,,,,,,,,,,,,,,,,,,,,FLAG: NEEDS_MANUAL_REVIEW (Low Confidence / Unmapped Taxonomy),,,,,,,,,
no source found,,,,,,,,,,,SSCMS,SSCMS Stealthstop Miter Sled,,,,Woodpeckers Inc (WOODP),Woodpeckers LLC,Woodpeckers,,SSCMS,,,"Woodpeckers LLC Woodpeckers, LED Lamp, SSCMS",LED LAMP,Woodpeckers SSCMS LED Lamp,Woodpeckers LED Lamp,LED Lamp,,,,,,,,,,,,,,,,,,,,,,,,,,,LED Lamp,,,,,,,,,,,,,,,,,,,,,,,,,,,,,,,,,,,,,,,,,,,,,,,,,,,,,,,,,,,,,,,,,,,,,,,,,,,,,,,,,,,,,,,,,,,,,,,,,,,,,,,,,,,,,,,,,,,,,,,,,,,,,,,,,,,,,,,,,,,,,,,,,,,,,,,,,,,,,,,,,,,,,,,,,,,,,,,,,,,,,,,,,,,,FLAG: NEEDS_MANUAL_REVIEW (Low Confidence / Unmapped Taxonomy),,,,,,,,,
no source found,,,,,,,,,,,4225.201,"4225.201 Oliver 6"" HH Jointer Paralleogram",,,,Oliver Machinery Company (OLIMA),Oliver Machinery,Oliver,,4225.201,,,"Oliver Machinery Oliver, Product, 4225.201",PRODUCT,Oliver 4225.201 Product,Oliver Product,Product,,,,,,,,,,,,,,,,,,,,,,,,,,,Product,,,,,,,,,,,,,,,,,,,,,,,,,,,,,,,,,,,,,,,,,,,,,,,,,,,,,,,,,,,,,,,,,,,,,,,,,,,,,,,,,,,,,,,,,,,,,,,,,,,,,,,,,,,,,,,,,,,,,,,,,,,,,,,,,,,,,,,,,,,,,,,,,,,,,,,,,,,,,,,,,,,,,,,,,,,,,,,,,,,,,,,,,,,,FLAG: NEEDS_MANUAL_REVIEW (Low Confidence / Unmapped Taxonomy),,,,,,,,,
no source found,,,,,,,,,,,KC-426C,"KC-426C 12"" Portable Planer",,,,King Canada Inc (KINCA),King Canada Inc.,King Canada,,KC-426C,,,"King Canada Inc. King Canada, Product, KC-426C",PRODUCT,King Canada KC-426C Product,King Canada Product,Product,,,,,,,,,,,,,,,,,,,,,,,,,,,Product,,,,,,,,,,,,,,,,,,,,,,,,,,,,,,,,,,,,,,,,,,,,,,,,,,,,,,,,,,,,,,,,,,,,,,,,,,,,,,,,,,,,,,,,,,,,,,,,,,,,,,,,,,,,,,,,,,,,,,,,,,,,,,,,,,,,,,,,,,,,,,,,,,,,,,,,,,,,,,,,,,,,,,,,,,,,,,,,,,,,,,,,,,,,FLAG: NEEDS_MANUAL_REVIEW (Low Confidence / Unmapped Taxonomy),,,,,,,,,
no source found,,,,,,,,,,,10045.201,"10045.201 Oliver 13"" Benchtop Planer 2HP,115V 1Ph",,,,Oliver Machinery Company (OLIMA),Oliver Machinery,Oliver,,10045.201,,,"Oliver Machinery Oliver, Product, 10045.201",PRODUCT,Oliver 10045.201 Product,Oliver Product,Product,,,,,,,,,,,,,,,,,,,,,,,,,,,Product,,,,,,,,,,,,,,,,,,,,,,,,,,,,,,,,,,,,,,,,,,,,,,,,,,,,,,,,,,,,,,,,,,,,,,,,,,,,,,,,,,,,,,,,,,,,,,,,,,,,,,,,,,,,,,,,,,,,,,,,,,,,,,,,,,,,,,,,,,,,,,,,,,,,,,,,,,,,,,,,,,,,,,,,,,,,,,,,,,,,,,,,,,,,FLAG: NEEDS_MANUAL_REVIEW (Low Confidence / Unmapped Taxonomy),,,,,,,,,
no source found,,,,,,,,,,,10014.201,"10014.201 Oliver 15"" Planer 3HP 1Ph 220V",,,,Oliver Machinery Company (OLIMA),Oliver Machinery,Oliver,,10014.201,,,"Oliver Machinery Oliver, Product, 10014.201",PRODUCT,Oliver 10014.201 Product,Oliver Product,Product,,,,,,,,,,,,,,,,,,,,,,,,,,,Product,,,,,,,,,,,,,,,,,,,,,,,,,,,,,,,,,,,,,,,,,,,,,,,,,,,,,,,,,,,,,,,,,,,,,,,,,,,,,,,,,,,,,,,,,,,,,,,,,,,,,,,,,,,,,,,,,,,,,,,,,,,,,,,,,,,,,,,,,,,,,,,,,,,,,,,,,,,,,,,,,,,,,,,,,,,,,,,,,,,,,,,,,,,,FLAG: NEEDS_MANUAL_REVIEW (Low Confidence / Unmapped Taxonomy),,,,,,,,,
no source found,,,,,,,,,,,4430.201,"4430.201 Oliver 20"" Planer 5HP 1Ph 230V",,,,Oliver Machinery Company (OLIMA),Oliver Machinery,Oliver,,4430.201,,,"Oliver Machinery Oliver, Product, 4430.201",PRODUCT,Oliver 4430.201 Product,Oliver Product,Product,,,,,,,,,,,,,,,,,,,,,,,,,,,Product,,,,,,,,,,,,,,,,,,,,,,,,,,,,,,,,,,,,,,,,,,,,,,,,,,,,,,,,,,,,,,,,,,,,,,,,,,,,,,,,,,,,,,,,,,,,,,,,,,,,,,,,,,,,,,,,,,,,,,,,,,,,,,,,,,,,,,,,,,,,,,,,,,,,,,,,,,,,,,,,,,,,,,,,,,,,,,,,,,,,,,,,,,,,FLAG: NEEDS_MANUAL_REVIEW (Low Confidence / Unmapped Taxonomy),,,,,,,,,
no source found,,,,,,,,,,,10055.201,"10055.201 Oliver 15"" Benchtop Planer 2.5HP 1Ph 230V",,,,Oliver Machinery Company (OLIMA),Oliver Machinery,Oliver,,10055.201,,,"Oliver Machinery Oliver, Product, 10055.201",PRODUCT,Oliver 10055.201 Product,Oliver Product,Product,,,,,,,,,,,,,,,,,,,,,,,,,,,Product,,,,,,,,,,,,,,,,,,,,,,,,,,,,,,,,,,,,,,,,,,,,,,,,,,,,,,,,,,,,,,,,,,,,,,,,,,,,,,,,,,,,,,,,,,,,,,,,,,,,,,,,,,,,,,,,,,,,,,,,,,,,,,,,,,,,,,,,,,,,,,,,,,,,,,,,,,,,,,,,,,,,,,,,,,,,,,,,,,,,,,,,,,,,FLAG: NEEDS_MANUAL_REVIEW (Low Confidence / Unmapped Taxonomy),,,,,,,,,
no source found,,,,,,,Hardware & Tools,Abrasives,Discs & Belts,,T27417,T27417 Grizzly OscillatingEdge - Belt and Spindle Sander,,,,Woodstock Intl (3658),"Woodstock International, Inc.",Grizzly Industrial,,T27417,,Hardware & Tools>Abrasives & Cutting Wheels>Sanding Discs & Belts,"Woodstock International, Inc. Grizzly Industrial, Abrasive Belt, T27417",SNDG BELT,Grizzly Industrial T27417 Abrasive Belt,Grizzly Industrial Abrasive Belt,Abrasive Belt,,,,,,,,,,,,,,,,,,,,,,,,,,,Abrasive Belt,,,,,,,,,,,,,,,,,,,,,,,,,,,,,,,,,,,,,,,,,,,,,,,,,,,,,,,,,,,,,,,,,,,,,,,,,,,,,,,,,,,,,,,,,,,,,,,,,,,,,,,,,,,,,,,,,,,,,,,,,,,,,,,,,,,,,,,,,,,,,,,,,,,,,,,,,,,,,,,,,,,,,,,,,,,,,,,,,,,,,,,,,,,,,,,,,,,,,
